subreddit,author,date,post
2020-01-23,JesterJ4ck,2020/05/25,*peers through poke ball* Crack head?
2020-01-23,texantillidie,2020/05/25,"I don't know why you're getting downvoted. To me, a person who doesn't pay a whole ton of attention to either side, it does look like they're doing they're best to tear eachother down."
2020-01-23,NGL_ItsGood,2020/05/25,Wife worked retail and the blatant stealing really bothered her.  People would walk into the changing with with sever $200 jackets and walk out with  1 or 2 clearly under their shirts.  Just walked out like it was no big deal.
2020-01-23,hammie72,2020/05/25,Aikido...right before they get their ass kicked.
2020-01-23,whileXisOne,2020/05/25,"Probably spend a few hours chopping yews, maybe willows."
2020-01-23,sgcan,2020/05/25,"Because there's multiple problems at the club, the others failed for other reasons. He's failing as a manager because he's terrible tactically"
2020-01-23,MindlessTelephone4,2020/05/25,All the guys were upset with HB over Luke P. at several group dates and cocktail parties.
2020-01-23,eggrollsofhope,2020/05/25,Ok? And you feel the need to post because??
2020-01-23,jasonrodriguez_DT,2020/05/25,Gotcha. Thanks.
2020-01-23,LarryCuckLow,2020/05/25,Buy your snack at Walmart!
2020-01-23,Patrick81291,2020/05/25,Its probably agricultural run off. Chloride or sulfates will cause a salty taste.
2020-01-23,Carson331,2020/05/25,Yah that’s what I kinda thought at first. What do u think it’s worth?
2020-01-23,MAGIC_EYE_BOT,2020/05/25,"Your image has been removed because it is a repost or a **slight modification** to a popular post, including same template or same image. Please try submitting an original organic teenaged-related meme. Be creative, the bot likes that. 

This image has already been posted here: https://www.reddit.com/r/teenagers/comments/ermvgg/deadass_me/, posted 2 days ago.

And [here's the direct link] (https://i.redd.it/avjwxwq951c41.jpg)

-----------------------

[](#empty)"
2020-01-23,MountainRiderAK,2020/05/25,"Yes, I definitely found the game to be easier while playing solo.

However, I have a lot more fun playing co-op with the right people."
2020-01-23,heyhiherrow122,2020/05/25,This gets my 6 inch circumcised dick hard
2020-01-23,redram9,2020/05/25,"This is cool, would make a great profile picture."
2020-01-23,LilithAddams,2020/05/25,It was at a grocery store and I imagine she does the grocery shopping.
2020-01-23,gravitas-deficiency,2020/05/25,"Well yeah the conditions are generally not as awesome as the Rockies, but honestly the ice makes you a more technical and better skier, and it makes you appreciate a properly tuned (well, edged, at least) ski. Ski a season out here and you'll sure as hell figure out how to hold an edge, and probably how to use an edging tool effectively as well."
2020-01-23,Zsnakejake,2020/05/25,"I weirdly do too. 

Maybe because I’m only playing with money I’ve won this week and should’ve never won anyway, so if I lose it all I come back to reality. 

Yolo??"
2020-01-23,YagerD,2020/05/25,"Does it chirp all the time? Idlers, tensioner or ps pulley or alt pulley can all make noise but still feel fine when not running."
2020-01-23,Taser-Face,2020/05/25,"Lots of fantastic tips here but honestly you don’t need to stress over it. Coastal areas are different than inland. Just wing it, you don’t even have to be consistent. Slight chilly breeze, fog’s coming in over mountains, you feel a drizzle coming on. Might pick up and start raining soon. The players comprehend cold/hot/discomfort, they can envision it. You wake up at the inn to a lingering freezing cold air. The innkeeper cautions you that it may snow today."
2020-01-23,firewlkr,2020/05/25,"I know your post is *technically* wrong but I’m so here for this energy, Chirithy is best boy. Also I have a grey Scottish Fold cat that he reminds me so much of!

Cat tax: https://imgur.com/8pJs86w"
2020-01-23,DenisC10,2020/05/25,"My boys, the jeweller's hands and science fiction, I'm crying lightning"
2020-01-23,ExternalBid,2020/05/25,Childless males are always more knowledgeable than mothers (according to childless males)
2020-01-23,Snark_Ranger,2020/05/25,"No it's fun to read. I unfollowed her months ago but I still peep whenever there's drama. It's like a bad movie, so funny.

Fam, never forget the time Mom wore a blush pink coat to sweetly nod to Meg."
2020-01-23,RaymondLeggs,2020/05/25,"https://www.idjnow.com/26-high-studio-monitor-speaker-stand-set.html

And place the center on top of the stand please...

And add a second sub-woofer."
2020-01-23,Lainey1978,2020/05/25,Seconding sending him back for the ottoman!
2020-01-23,parkson89,2020/05/25,"Yeah this season has been terrible, 5th and 14th are only  5 points apart"
2020-01-23,Ziggypurrdust,2020/05/25,One Christmas my aunt bought me heaps of Snow Fairy because she likes it. It was like diabetes in a bottle and tub. I almost celebrated when I finally finished the shower gel
2020-01-23,spoilingattack,2020/05/25,"Oh come on. Please? I'll be your best friend. I promise, as soon as you give me that ammo I'll send it right back."
2020-01-23,the_meme_lord1,2020/05/25,The first and only time I heard the word was when I went to England last year.
2020-01-23,SeaGroomer,2020/05/25,Who doesn't though am I right?
2020-01-23,a_green_orange,2020/05/25,I don't like totally graffitti-covered trains just as much as the next life-long New Yorker. But the PBA can just fuck right off.
2020-01-23,trollrbr,2020/05/25,"Just curious, what kind of ""thing"" did they have at this wedding you went together?"
2020-01-23,Rilandaras,2020/05/25,"I assumed it worked like that very quickly, after running 30 copies of the same map and not getting a spawn and then getting a spawn on the first *other* map. I tested it once again with the same result (I guess I got unlucky) and ran only 1 copy of each type until the conqueror spawned. I think the longest I had to run was 16, it's usually ~10."
2020-01-23,AutoModerator,2020/05/25,"##Off-topic Comments Section

---

All top-level comments have to be an answer or follow-up question to the post. All sidetracks should be directed to this comment thread as per Rule 9.

---

^(**OP** and **Valued/Notable Contributors** can close this post by using `/lock` command)

*I am a bot, and this action was performed automatically. Please [contact the moderators of this subreddit](/message/compose/?to=/r/HomeworkHelp) if you have any questions or concerns.*"
2020-01-23,apathetically66,2020/05/25,"there is a 24-hour delay after decayed to destroy-on-render.  If you catch in that window, you can interact with objects.  If after, poof."
2020-01-23,saintdemon21,2020/05/25,"Just pretend you are Ghost Rider... In all seriousness though I hope insurance helps you out here. I know it sucks. Lost my car last January to accident. Luckily I was okay, but it still sucked. I had memories in that car, as I’m sure you have with yours."
2020-01-23,djcfowl,2020/05/25,"Think they went a little light on Love, he was the player off the bench that seemed to really escalate things."
2020-01-23,Ann_Summers,2020/05/25,I was thinking that too. You can tell he’s over her shit but he is genuinely worried for his brothers. Poor kid is having to be more adult than his own damn mother.
2020-01-23,hanika0929,2020/05/25,Nice wheel. What is the difference between the satin bronze and dual bronze? Which color do you think will go well on white?
2020-01-23,malten_sage,2020/05/25,"Depression. When nothing excites you anymore or you no longer have a passion for anything. You’re just surviving, living day to day in nothing but a shell of who you used to be."
2020-01-23,outerworldLV,2020/05/25,Sick shit. Sounds like many of us are going through it.
2020-01-23,PugChampKiryu,2020/05/25,"Ive met some great people and thats also when I play my best, but when im not having a good game and on top of that im getting shit on im sorry but dont expect me to play good I actually cant."
2020-01-23,idontactuallyknow2,2020/05/25,"If you want, in a few days we can meet again and I can give a electric dagger. I don't have much to do, so play this game again would be good."
2020-01-23,BlissGirls,2020/05/25,"Thank you!  You can if you wanted to, drawing is a skill not a gift ;)"
2020-01-23,J-Kreed,2020/05/25,That's exactly why I want more pro bob. ._.
2020-01-23,Apaulling8,2020/05/25,"#Vulnerable Republican Senators up for Reelection in 2020

| State          | PVI  | Senator                    | Last Election | Likely Opponent   | Campaign Website              | Election Wikipedia Page                                                             |
|----------------|------|----------------------------|---------------|-------------------|-------------------------------|-------------------------------------------------------------------------------------|
| Maine          | D+3  | Susan Collins              | 68.5% R       | Sara Gideon       | https://saragideon.com/       | https://en.wikipedia.org/wiki/2020_United_States_Senate_election_in_Maine           |
| Colorado       | D+1  | Cory Gardner               | 48.2% R       | John Hickenlooper | https://www.hickenlooper.com/ | https://en.wikipedia.org/wiki/2020_United_States_Senate_election_in_Colorado        |
| North Carolina | R+3  | Thom Tillis                | 48.8% R       | Cal Cunningham    | https://www.calfornc.com/     | https://en.wikipedia.org/wiki/2020_United_States_Senate_election_in_North_Carolina  |
| Iowa           | R+3  | Joni Ernst                 | 52.1% R       | Contested Primary |                               | https://en.wikipedia.org/wiki/2020_United_States_Senate_election_in_Iowa            |
| Georgia        | R+5  | David Perdue               | 52.9% R       | Contested Primary |                               | https://en.wikipedia.org/wiki/2020_United_States_Senate_election_in_Georgia         |
| Georgia        | R+5  | Kelly Loeffler             | Appointed     | Contested Primary |                               | https://en.wikipedia.org/wiki/2020_United_States_Senate_special_election_in_Georgia |
| Arizona        | R+5  | Martha McSally             | Appointed     | Mark Kelly        | https://markkelly.com/        | https://en.wikipedia.org/wiki/2020_United_States_Senate_special_election_in_Arizona |
| South Carolina | R+8  | Lindsey Graham             | 55.3% R       | Jaime Harrison    | https://jaimeharrison.com/    | https://en.wikipedia.org/wiki/2020_United_States_Senate_election_in_South_Carolina  |
| Texas          | R+8  | John Cornyn                | 61.6% R       | Contested Primary |                               | https://en.wikipedia.org/wiki/2020_United_States_Senate_election_in_Texas           |
| Mississippi    | R+9  | Cindy Hyde-Smith           | 53.6% R       | Mike Espy         | https://espyforsenate.com/    | https://en.wikipedia.org/wiki/2020_United_States_Senate_election_in_Mississippi     |
| Alaska         | R+9  | Dan Sullivan               | 48.0% R       | Al Gross (I)      | https://dralgrossak.com/      | https://en.wikipedia.org/wiki/2020_United_States_Senate_election_in_Alaska          |
| Louisiana      | R+11 | Bill Cassidy               | 55.9% R       | Antoine Pierce    | http://www.antoinepierce.com/ | https://en.wikipedia.org/wiki/2020_United_States_Senate_election_in_Louisiana       |
| Montana        | R+11 | Steve Daines               | 57.9% R       | Contested Primary |                               | https://en.wikipedia.org/wiki/2020_United_States_Senate_election_in_Montana         |
| Kansas         | R+13 | Pat Roberts (retiring)     | 53.1% R       | Barbara Bollier   | https://bollierforkansas.com/ | https://en.wikipedia.org/wiki/2020_United_States_Senate_election_in_Kansas          |
| Nebraska       | R+14 | Ben Sasse                  | 64.5% R       | Contested Primary |                               | https://en.wikipedia.org/wiki/2020_United_States_Senate_election_in_Nebraska        |
| South Dakota   | R+14 | Mike Rounds                | 50.4% R       | Dan Ahlers        | https://www.danahlers.com/    | https://en.wikipedia.org/wiki/2020_United_States_Senate_election_in_South_Dakota    |
| Tennessee      | R+14 | Lamar Alexander (retiring) | 61.9% R       | Contested Primary |                               | https://en.wikipedia.org/wiki/2020_United_States_Senate_election_in_Tennessee       |
| Kentucky       | R+15 | Mitch McConnell            | 56.2% R       | Amy McGrath       | https://amymcgrath.com/       | https://en.wikipedia.org/wiki/2020_United_States_Senate_election_in_Kentucky        |

Additions and suggestions are welcome."
2020-01-23,mmmountaingoat,2020/05/25,"He’s making a completely different face, the lighting is totally different... it looks the same to me man"
2020-01-23,youaregoingtojail19,2020/05/25,"Oh my word, I haven't smoked in 8 years but an 8ball for £30? Fuck, I'm glad I stopped or my ass would be broke as hell"
2020-01-23,FSUphan,2020/05/25,"Says the rich guy with gold, pssh"
2020-01-23,XVProdigy23,2020/05/25,Winston isnt a tracer counter at all. Any character in the game can kill a tracer that’s low with no resources.
2020-01-23,dumbinct,2020/05/25,"You’re “trick” doesn’t work with most IIDs (and is probably illegal), but you are right in the fact that if you have a hands free cell phone law in your state, it applies to the IID as well."
2020-01-23,8to24,2020/05/25,"What ""questions"" has Biden been launching at other candidates? 

Primary voters are not uniformed voters. Uniformed voters don't participate primaries. People know who the candidates are and know their history. It isn't useful to challenge ones integrity in a primary as it might be in the general."
2020-01-23,masternatsu,2020/05/25,To fit mine lol
2020-01-23,The-Mandalorian,2020/05/25,"No need. Many others are already in full debates with you. Literally nobody agrees with you because your post is clearly and obviously wrong.

Hence: “incorrect”.

Now move along."
2020-01-23,jwilly49,2020/05/25,I don’t know of a broker that won’t give you the option to reinvest dividends.
2020-01-23,lonnstar,2020/05/25,"Yeah, that’s the fictional reason, but I wondered if it came from actual events or just made up."
2020-01-23,DiggyComer,2020/05/25,Lol which would just be bananas!
2020-01-23,notto_zxon,2020/05/25,Purchased 16GB RAM from u/ElbowTight
2020-01-23,filterdud,2020/05/25,his name is autismisgood6969 i think he knows
2020-01-23,Reddit5484,2020/05/25,"castle crashers maybe, but Family is overrated lol

 [https://store.steampowered.com/app/204360/Castle\_Crashers/](https://store.steampowered.com/app/204360/Castle_Crashers/)"
2020-01-23,Wolvenna,2020/05/25,"Like ""screw the objective, we need to get these men out of here!"" 

Yes, I have done the same."
2020-01-23,FREEZE-ZANDLANDER,2020/05/25,can u guys after this game count number 3
2020-01-23,PureBoard9,2020/05/25,"I used to be a banker, but then I lost interest."
2020-01-23,nlx78,2020/05/25,"&gt; Anybody remember Santorum?

I'm Dutch and I remember Rick Santorum, [spreading lies we kill elderly on a grand scale](https://youtu.be/0V4U0dOax3Y) and that they are afraid to go to our hospitals because 'they won't get out alive'. 

 It's funny in a way but just insane at the same time. People actually believed that. 

Then again, the far right always love to [bash our country](https://www.youtube.com/watch?v=7tKKVtHdiqs) so we are kind of used to them spreading fake news. Even the current US ambassador loves to spread fake news, and when confronted with it simply denies it. [Hilarious](https://www.youtube.com/watch?v=K8AwFc9hlf4)"
2020-01-23,What-If-iWasADog,2020/05/25,r/amoledbackgrounds
2020-01-23,bubba_feet,2020/05/25,i'd rather just let my cat roll around in there and dust it for me.
2020-01-23,b1k-5w0rd5-m3n,2020/05/25,"Gorgeous, would definitely like to see more."
2020-01-23,AutoModerator,2020/05/25,"Your post has been removed automatically because all images, except for infographics, must be submitted in text posts.

If you submitted an infographic, please message the mods by [clicking here](http://www.reddit.com/message/compose?to=%2Fr%2Fleagueoflegends), otherwise [click here](http://reddit.com/r/leagueoflegends/submit?selftext=true) to resubmit your image the proper format.

If you're not familiar with the subreddit rules, you can read them [here](http://reddit.com/r/leagueoflegends/w/subredditrules).

*I am a bot, and this action was performed automatically. Please [contact the moderators of this subreddit](/message/compose/?to=/r/leagueoflegends) if you have any questions or concerns.*"
2020-01-23,gumnutss,2020/05/25,"Gorgeous couple, where abouts in Aus are you based!?"
2020-01-23,46andcounting,2020/05/25,So so sorry. It hurts. Take care of yourself even though you don’t feel like it. Sending love
2020-01-23,probablymyninthacct,2020/05/25,Side angle [right here](https://i.imgur.com/yY8x3HW.jpg)
2020-01-23,snaopfapis,2020/05/25,No the police love my pussy too much
2020-01-23,BromthymolBlue,2020/05/25,"What she did was horrible. She wasn’t wrong, though"
2020-01-23,corndog666,2020/05/25,You’re welcome!
2020-01-23,Buckeye1115,2020/05/25,"3451092 Check, I messed up


Sounds good"
2020-01-23,SissokoSalesman,2020/05/25,"There's evidence in prisons yes but all ethnic groups tend to be sectarian in prisons don't they? I won't pretend to know much about the British prison system but this is definitely the case over in America, so much so that often prisons are segregated by default anyway. Also, what we define as indigenous British people has been subjective over the years, like for example Irish immigrants were viewed as foreigners when they moved to Britain in the 1800s, same for groups such as Polish and Jewish people who moved to Britain after WW2 however most would class those families as indigenous now. Also I think the far-right are going to grow regardless of sectarianism or Muslims. The fact of the matter is that online spaces are easy for far-right ideologues to influence and radicalise people and the coming economic collapse that climate change will likely usher in during the future will probably end with most of the West becoming eco-fascist in order to prevent climate refugees from entering their countries. Might be being dramatic but I don't see how our current system fixes climate change before this happens I guess."
2020-01-23,slanktapper,2020/05/25,Just hop em. Unless you mean the still standing ones... Then yeah don't hit those
2020-01-23,xPittyLies,2020/05/25,Nty
2020-01-23,Tufvas,2020/05/25,Sounds great! I’d love to know when it comes :)
2020-01-23,crowmemer,2020/05/25,"&gt; but you pay to attend university

Nope. 

But yeah, I agree on the grading part. I think almost all our group projects have been graded with just pass or fail though."
2020-01-23,CLO_Junkie,2020/05/25,"Discussions like these are very important, please join the 2019-nCoV monitoring sub /r/China_Flu and post that link!"
2020-01-23,muscle34,2020/05/25,Who is this
2020-01-23,Smug010,2020/05/25,"Ooh, someone took a high school critical thinking calss!"
2020-01-23,corvidae__,2020/05/25,"When you’re in a busy kitchen you always let people know when you pass by them, and let them know if you have anything sharp or hot so they don’t run into you"
