subreddit,author,date,post
2020-03-19,KickItOpen_Bot,2020/05/25,Congrats! You've purchased Invisible Helmet for 1080 gold! You have 6 remaining gold.
2020-03-19,scrubsmcnubbs,2020/05/25,"I'll look into this game, I've heard some people praise it highly, but no real reason. Do you mind explaining some before I get into looking over the game?

Thanks for the suggestion btw!"
2020-03-19,thisdyingbreed,2020/05/25,Wash yo ~~ass~~ hands.
2020-03-19,TheLastPlumber,2020/05/25,"Agreed. I know people in r/politics and all over social media will say “wow trump trying to buy the election win, what a joke.”

My girlfriend was laid off from work. I’m pretty sure I’m about to get laid off. Each of us getting $2000 will keep us good for a few months. Gimmick money or not, just let me cash it."
2020-03-19,TheSpermWhoWon,2020/05/25,"I'm not talking about bashing the players, I'm referring to the NBA management and owners giving their players the opportunity to cut in line who are all young, healthy and rich over people who desperately need the test."
2020-03-19,Hayden_Jay,2020/05/25,One of the Flashes (I can't remember if it was Barry) briefly became a Blue Lantern during Blackest Night.
2020-03-19,indiauk,2020/05/25,Would you like to talk n share over chat?
2020-03-19,Myu_The_Weirdo,2020/05/25,"new here, how did you started dj-ing?"
2020-03-19,DocCannery84,2020/05/25,"Not gonna lie. I opened this thinking that people were gonna say it was food colouring, not that my fucking colour blindness has been giving me this shit for decades."
2020-03-19,redalastor,2020/05/25,I'm pretty happy about what *my* government is doing.
2020-03-19,BrettAmbler,2020/05/25,"Ooh, my little sickly one, elderly one
Be careful if you’re not in your (prime, corona)
Ooh, you make my nose run, my nose run
Snot is rolling out like  (slime Corona)
Never gonna stop, washing hands, 20 seconds time
Always disinfect, scrubbing hard, wash away the Gri-I-I-I-ime   Woo!

M-m-m-my Corona
My Corona

Don’t come any closer-huh, I beg you please
Stay 10 feet away at all times, corona.
Cough and you’ll be history, not next to me
Getting super sick is no prize, Carona
Never going out. Staying home. Auto-quarantine 
Always wond’rin’ if I’m getting sick or if I’m staying clean
My, my, my, my, my, Woo!


M-m-m-my Corona
M-m-m-my Corona

When you gonna get to me, get to me
It is just a matter of (time Corona)
Is it d-d-destiny, d-destiny?
Or If I’m careful will I be fine, Corona
Never gonna stop, washing hands, 20 seconds time
Always disinfect scrubbing hard, wash away the gri-I-I-I-ime wu-Han!
M-m-m-my Corona
M-m-m-my Corona..."
2020-03-19,Gabeislike,2020/05/25,"[ugh](https://media0.giphy.com/media/FIzxnJZZ1sQVi/giphy.gif?cid=19f5b51a4ed211afed4461a8ef7c662bf094242688eac43c&amp;rid=giphy.gif), you just made this self quarantine that much better 🤤"
2020-03-19,Fallline048,2020/05/25,Liberals and moderates support rights too mate. You don’t have to be a revolutionary or reactionary to see the value in the right to bear arms.
2020-03-19,SCSebastian,2020/05/25,Game has been out for 6 months get over it
2020-03-19,slvrscoobie,2020/05/25,"High Bridge NJ, specifically Solitude Lake Dam"
2020-03-19,graciousgrendel,2020/05/25,"Oh, I didnt even notice it said Seattle (Im blaming it on the semi-isolation this time lol) :) good looking out. Nice!! I bet you see some crazy stuff."
2020-03-19,mynamesnotjean,2020/05/25,"The feat that bothers me more than anything is turning spirits, who were before then benign representation of things in the human world, into “dark spirits”. 

Also rava‘s existence means anyone could bend multiple elements/be the avatar."
2020-03-19,WarmZone4,2020/05/25,"Well, this’ll make all the difference."
2020-03-19,Dps87,2020/05/25,"No, but there is a precedent that being ""actively afk"" - Fishing, running around in the cave, or otherwise not helping the team in the BG out - will earn you a week long ban

You're getting in too deep on this. Let it go, help him do other things"
2020-03-19,Expert_Mark,2020/05/25,I really hope Kirkman understands soon.
2020-03-19,PKMNTrainerMark,2020/05/25,"Oh, so this is the post which that line comes from."
2020-03-19,d1ckst0rm,2020/05/25,Ready for tasting
2020-03-19,green650ninja,2020/05/25,Lol I stopped reading after my family poops big
2020-03-19,peshwengi,2020/05/25,Thanks! Northern Utah (also known today as “the earthquake zone). It has been quite warm the last few weeks.
2020-03-19,Noodlebri,2020/05/25,I won’t after this lmao
2020-03-19,SpaghettiYetiConfett,2020/05/25,Yeah Citrix has been buggy has hell the last 2 days for me. Upload speeds go fast then die. I'm on 100mbps upload too.
2020-03-19,texasobsessed,2020/05/25,"In the mornings when these stores open, how stocked are they? I went this afternoon and there were no onions, potatoes, or pasta. 

I don’t want to go at 7/8 am if they are likely to sell out quickly at that time, but at the same time - I would like to have these items to feed my family."
2020-03-19,cronack1,2020/05/25,"It's about all the same things that IWD is about, but in relation to men; quite simple, really. Use it to celebrate the good men in your life, especially those who want to liberate men of their gender roles; boys shouldn't grow up being told they have to play with trucks and not dolls, etc. Masculinity needs to be [redefined](https://www.youtube.com/watch?v=j6jz2Jma5-s) so it's not about violence and dominance, because that's not what being a man is about. Men need the opportunity to express themselves and just be who they are — without trying to bring others down."
2020-03-19,vectormax12,2020/05/25,I have yet to reach technician status
2020-03-19,shuaantor,2020/05/25,This is only on PC sadly
2020-03-19,nice-scores,2020/05/25,"𝓷𝓲𝓬𝓮 ☜(ﾟヮﾟ☜)
#Nice Leaderboard
**1.** `u/RepliesNice` at **3232 nices**

**2.** `u/DestroyerZDude` at **3056 nices**

**3.** `u/bigriggs24` at **3002 nices**

**...**

**21373.** `u/DearDxni` at **3 nices**

---

^(I) ^(AM) ^(A) ^(BOT) ^(|) ^(REPLY) ^(**!IGNORE**) ^(AND) ^(I) ^(WILL) ^(STOP) ^(REPLYING) ^(TO) ^(YOUR) ^(COMMENTS)"
2020-03-19,Sc2SuperJack,2020/05/25,SO what would be an equal match using PC parts and how much would it cost?
2020-03-19,yentalikegirl,2020/05/25,"I'm wondering why they had shvs that were one month apart.  In the past, they have been every two weeks.  How is the couple supposed to remain close if they just get engaged and don't see each other for another month?  Out of the Bubble? That was setting them up for failure, imo. And what's worse is that HA was in LA modeling a lot in January, almost constantly.  If they had wanted to and pushed for it, seems they could have sneaked a few shvs in January."
2020-03-19,BirbMaster445,2020/05/25,To prep for the apocalypse
2020-03-19,OneAttentionPlease,2020/05/25,You wil have to eat cake when hoarders buy all the bread.[https://pbs.twimg.com/media/ETVoUjXX0AYItLm?format=jpg&amp;name=large](https://pbs.twimg.com/media/ETVoUjXX0AYItLm?format=jpg&amp;name=large)
2020-03-19,ihaveaquesttoattend,2020/05/25,"Are.....

*are you sure about that?*"
2020-03-19,Jevarden,2020/05/25,There’s still time dammit!
2020-03-19,VilTheVillain,2020/05/25,"I failed to take into account party as I pretty much solo queue 90-95% of the time, in that regards it makes more sense that if you only play in a full party you'd get up that high. I play considerably more than just my daily wins and I am around 220 so that's what I based my judgement off of."
2020-03-19,IrrelevantPuppy,2020/05/25,"Yep 100% of the time. Except sometimes not. Especially not the cars, except sometimes. And definitely not the concrete cubes, except sometimes."
2020-03-19,nbrennan10,2020/05/25,"Interesting, I was under the impression it had as little lactose as the Cabot sharp cheddar. My father is highly sensitive LI, and he has no problem with it. Not a definitive answer though, just my experience."
2020-03-19,ptbruiser79,2020/05/25,"Never too late, benefit of being home all the time now. Done! He hot a few extras this time around."
2020-03-19,M-Dawg93,2020/05/25,"I agree with you, but I dunno if this is unpopular."
2020-03-19,helena_handbasketyyc,2020/05/25,"I was gonna do some stress baking, but there was no flour at the store. Haha. 

That being said, hells yes to cooking. Save all your scraps to make stock, use the stock to make rice or quinoa. Pickling is easier than you’d think, so is making things like preserves."
2020-03-19,MaximumAvery,2020/05/25,I have answers.. pm
2020-03-19,Magnusrushedin,2020/05/25,"I am 100% going to follow you on Instagram, this is so amazing!"
2020-03-19,automatedmagic,2020/05/25,"If anything it's a consequence of illegal animal markets, eating habits (of non domesticated animals) and poor hygiene. Globalisation just meant it spread easily."
2020-03-19,wakacockaboom,2020/05/25,"Helmet: scorpion exo at950 

Jacket: sedici avventura jacket and fly racing flux mesh jacket

Pants: motonation phantom 

Boots: forma adventure boot low  

Gloves: icon mesh gloves with goatskin palm or fly racing aurora gloves"
2020-03-19,Nginwala,2020/05/25,It’s not. Regular tech tree ship. Insanely weird
2020-03-19,svargs01,2020/05/25,"It’s because LA is busy and you can get lost in a city like that. The hometown vibes of Jupiter or any town where it feels like a community rather than a city is better. Also, Tyler’s friends just seem really close and chill."
2020-03-19,furywarrior,2020/05/25,my wife picked this one for her build and i'm kind of jealous still
2020-03-19,Nik_Tesla,2020/05/25,"If this stops them from having an excuse not to vote on things, they should have done it a long time ago."
2020-03-19,Nash_and_Gravy,2020/05/25,Persona is basically jojo but a life sim.
2020-03-19,livinthelife77,2020/05/25,"Harvard was behind a paywall, so I have no idea what it says.  The ACS page didn’t mention Herpes Simplex 1 or 2.  The only herpes viruses it mentioned were Epstein-Barr and HHV-8 (Karposi Sarcoma).  

Looking around, the worst complications were if you touch a sore and then touch your eyes the infection could potentially damage your vision.  Of course, this is also true of Herpes Simplex 1 otherwise known as ordinary cold sores.  In fact, through the miracle of oral sex, it’s common to get Simplex 2 sores on your face and Simplex 1 sores on your junk.  They’re nearly identical diseases."
2020-03-19,QuietDrinks,2020/05/25,Tbh I don't know what to expect... I don't want to be let down in the end but ... If I spend 60 bugs on a game that lacks soo many features that existed since the first animal crossing I would be pretty sad. Any tips how to deal with this? I am pretty bummed out at the moment.
2020-03-19,Tort--feasor,2020/05/25,Can we stop with politics for 5 seconds.
2020-03-19,Weetang015,2020/05/25,"I don’t feel that it needs any further explanation. It’s should be common sense. Look at your top streamers, they have every single MTX under the sun. Look at the people that sit and decorate their hideout all day - they have a ton of MTX. By and large I’d argue hands down that the people that play the most have spent the most on MTX. 

I’m also not buying any MTX going forward until the performance increases."
2020-03-19,ipman203,2020/05/25,Tarzan is the Exhalted one.
2020-03-19,Slutty_tRNA,2020/05/25,"*looks down at chest*

*Frowns sadly*

*Sighs*"
2020-03-19,Jlpanda,2020/05/25,"The national media always uses that term to refer to the whole defense. They're wrong, but that's how they use it."
2020-03-19,1terrortoast,2020/05/25,"You, sir, deserve the title „EU‘s autist if the year“. 150x leverage. I only lost money when I used Plus500 (am from Germany) so I switched to Trade Republic where I can’t lose loads of money because no leverage on most things. 

Also I‘m jealous of you. If I ever find a girlfriend go ahead and fuck her."
2020-03-19,Lizardbian,2020/05/25,Could you get him a plant? Like a little cactus
2020-03-19,nerftheoppressor,2020/05/25,I said your username is weird. What you gonna do?
2020-03-19,ghoshtwrider22,2020/05/25,Thats what she said
2020-03-19,rubyq78,2020/05/25,"If you pick the last option on the form after selecting move out, they’ll stay in contact with you and you’ll have until May 17th to move your stuff out. They’ll also still provide you with the refund. Call campus living if anything."
2020-03-19,HondaCivTypeR,2020/05/25,So How’s everyone doing tonight
2020-03-19,turquoisewarrior,2020/05/25,"thankyou so much, very wise and very true. Exactly! Someone told me something cool a few days ago. 'A lighthouse doesn't go out looking for ships to save'. I think that's very relevant to being an empath"
2020-03-19,SkiddyPipPopPop,2020/05/25,"NL: our next president should conduct himself in a totally presidential manner at all times 

Joe Biden: look, fat 

NL: wooo go get em 💎🐊"
2020-03-19,TurquoiseHexagonFun,2020/05/25,How much time does a v mount battery get you?
2020-03-19,Useful-Following,2020/05/25,Hope so too. They need all the help they can get right now. Other food banks I’m sure are in the same position
2020-03-19,UnscheduledNudity,2020/05/25,"When I realized things were going down I spent my last bit of cash on 100$ worth of non-perishable food, and 100$ worth of weed."
2020-03-19,SiphenPrax,2020/05/25,They’ve done it before multiple times though. Don’t count that out as an option if they want Becky to keep the belt but don’t want Shayna to be submitted or pinned. No crowd being there to shit on the finish gives them an extra advantage.
2020-03-19,essdii-,2020/05/25,I root for Stafford every year.
2020-03-19,TheBros47874,2020/05/25,Is that a motherfucking *JOJO REFERNECE???*
2020-03-19,InterestingRadio,2020/05/25,Why don't you guys automate the circuit breakers? Sounds really weird it being a human operated system
2020-03-19,itskaruro,2020/05/25,I'm trying to write a serious fantasy light novel on wattpad and every time i log on it's a pain in the ass.
2020-03-19,Dazenewt,2020/05/25,"Well, it’s just good to check just in case, didn’t mean anything offensive if I did offend u tho sry"
2020-03-19,Russet_Wolf_13,2020/05/25,"He has Augmented Reality vision.

Which is almost not invented yet."
2020-03-19,Lauren114,2020/05/25,Works well for you girl!
2020-03-19,winkies_diner,2020/05/25,"You sneeze, don't wash your hands, touch a surface that someone else touches and wham-bam, no thank you man."
2020-03-19,gvd_13,2020/05/25,But he be the one eating the horses.
2020-03-19,weegee19,2020/05/25,"Erm, you think Totsuka blade can't be dodged? 

Shittest argument ever."
2020-03-19,HuggyBe,2020/05/25,"It's setting up for future seasons, I thought the ending was okay though"
2020-03-19,tetewhyelle,2020/05/25,I skimmed the playlist for songs/artists I recognized and saw Obstacles on there. Such a good song. Makes me wanna play LiS tho.
