subreddit,author,date,post
2020-02-21,JasChew6113,2020/05/25,That’s impressive! I have to wait until one of my kids moves out next year to go that big.
2020-02-21,Dockuwan,2020/05/25,"Bashing, stalkers, Berserkers( or buff it),250 damage reduction- no one would really shed a year. Need others to replace, acid damage or something to aggro mobs, ect"
2020-02-21,DudeThatsAPotato,2020/05/25,I once had a 245 with a slipping trans and 360xxx on it make it up a 4 mile 55° incline. Im sure youll be fine. These cars are tanks.
2020-02-21,LAD_Dodgers,2020/05/25,I dont mind using a controller for it.
2020-02-21,shycadelic,2020/05/25,"180?!?!?! How the fuck do you guys pull this off? It took me so long and going through several SSRIs and antipsychotics just to get a tiny script of Valium (15/5mg with no refills, have to go see him to get refilled). I suffer greatly from GAD and panic attacks and I can’t even get more than 15 of the lowest dose of diazepam scripted. Then you’re out here swimming in bars and temazepam. Lucky you."
2020-02-21,lavamadman,2020/05/25,Tradesatoshi is closing down!
2020-02-21,bookcrazed12,2020/05/25,Also Shea Moisture Yogurt and Manuka Honey.
2020-02-21,rambleon4ever,2020/05/25,Oh yeah! The Columbian donkey fuckers! Back when VICE was still good.
2020-02-21,Relevant-Accountant,2020/05/25,A garage sale is actually a Garbage sale but the 'b' is silent.
2020-02-21,SchuylarTheCat,2020/05/25,Agreed. I just can’t tell if I’m lazy or depressed. Or both.
2020-02-21,djstokes99,2020/05/25,"Damn, thanks for the response"
2020-02-21,GhostinOmaha84,2020/05/25,Yes just give credit and link to my Instagram: omnirivers
2020-02-21,AutoModerator,2020/05/25,"#there is contest now, check pin post for info!

thank /u/Raylx for post. to remind, we do [decreasingly verbose way](https://www.reddit.com/r/DecreasinglyVerbose/comments/9jbs18/the_decreasingly_verbose_way/) and [guide](https://www.reddit.com/r/DecreasinglyVerbose/comments/c90ov1/a_guide_to_the_true_decreasinglyverbose_process/) to true decreasinglyverbose process.  

join server here: https://discord.gg/sMXZ8wR  

image posts not follow [guide](https://www.reddit.com/r/DecreasinglyVerbose/comments/c90ov1/a_guide_to_the_true_decreasinglyverbose_process/) to [r/decreasinglylong](https://www.reddit.com/r/decreasinglylong) - so can combat images not belong here.


*I am a bot, and this action was performed automatically. Please [contact the moderators of this subreddit](/message/compose/?to=/r/DecreasinglyVerbose) if you have any questions or concerns.*"
2020-02-21,7killua,2020/05/25,Key element of the story
2020-02-21,l1vke,2020/05/25,What servers do you play on?
2020-02-21,DirtyPinkoScum,2020/05/25,Blessed
2020-02-21,boiulame,2020/05/25,After Hours - The Weeknd
2020-02-21,ahmeclaw,2020/05/25,uj/ what is TiA?
2020-02-21,idk_anymore143,2020/05/25,"&gt;What do you mean by record? Thousands of books about the existence of God gave been authored throughout history. 

Historical records of specifically the Christian God. The Torah and Quran do not count, as they are not historical (and technically not of the same god)

&gt;The bible says that Creation is proof of God's existence. But if you believe in the theory of evolution, that doesn't really work.

Seeing as evolution has been directly observed in quickly breeding populations, it kind of disproves the bible"
2020-02-21,Xavierpony,2020/05/25,"So, you turned a arp into a Firehawk essentially?"
2020-02-21,Matttaay2410,2020/05/25,"Don't judge someone on their political beliefs. 
Judge them on how they react when you tell them yours."
2020-02-21,RyanWritesStuff18,2020/05/25,Sounds like good options. Thanks for the advice!
2020-02-21,AkameGaKillMeBaby,2020/05/25,"I know the feeling, not much you can do but just wait for the feelings to dissipate a bit. I'll never forget reading that awful story, but after about a week, I was able to move on and not be bothered by thinking about it every day."
2020-02-21,MiserableSnow,2020/05/25,"A comic biography. A series about a hack writer that writes mediocre and simple stuff until he started taking cool trippy ideas from people like Brendan McCarthy. When that was no longer possible he resorts to drugs which is the only place he can find any inspiration to write well. He gains success after success for his unique stories, but it’s slowly taking it’s toil on him. It’s years later and now it’s either drugs or survival at this point and he realizes that he can write the most mediocre comic in the world and it be considered a masterpiece because he’s adapting an already mediocre idea. Superman."
2020-02-21,Heydanu,2020/05/25,Aka the perfect day to load up first on options for crazy cheap and have a 300% day Monday.
2020-02-21,THOUGHTL355,2020/05/25,"You are right. Michonne is NOT appearing in the first movie. Like you said (and Gimple himself has said) the first movie is going to cover the six years Rick has been with the CRM. It would not make a lick of sense for her to appear in the first movie. I upvoted you, don't worry."
2020-02-21,Pen9uino,2020/05/25,It’s like me in an orphanage
2020-02-21,dmvtol,2020/05/25,"That’s my feeling too, but many people disagree"
2020-02-21,OccasionallyKenji,2020/05/25,"Whoa, it's English Central, but for Japanese! Brilliant!"
2020-02-21,Salsa_de_Pina,2020/05/25,"The driver of the first car should have no reason to believe someone was illegally traveling down the shoulder, therefore they should not be at fault."
2020-02-21,JotTheMan,2020/05/25,It's a win win
2020-02-21,Stereotypical_Stan,2020/05/25,"One more year, but also the outro on one more hour"
2020-02-21,RamenIsWhatImLoving,2020/05/25,Why else do you think I asked?
2020-02-21,PonderFish,2020/05/25,My mustache game is still weak. Any hints?
2020-02-21,Birdonawing,2020/05/25,"http://imgur.com/gallery/Ekbhed8 
This is a corner of the wall"
2020-02-21,fossumisawesome,2020/05/25,she's gorgeous!
2020-02-21,sreaka,2020/05/25,"It's not the argument, he's saying that it only looks at the supply side without looking at demand. As an example he says you could create a coin tomorrow with x% inflation but the price would still be zero cause lack of demand."
2020-02-21,riley0604,2020/05/25,i have it off so i can watch rvb while it prinys
2020-02-21,LithiumLlama,2020/05/25,another reason to cut myself
2020-02-21,Different_Percentage,2020/05/25,"&gt;Could easily say the same thing about Daniel Craig

Huh?"
2020-02-21,JoeRimmer89,2020/05/25,Can you turn into a child?
2020-02-21,LemonInYourEyes,2020/05/25,"""I'll take ""Things you see on Reddit that will surely end up in a TIFU post the next day for 600"", Alex."""
2020-02-21,AutoModerator,2020/05/25,"This post has been removed due to improper title tagging.

Due to Automod restrictions, all posts are required to have a tag in the title. Please resubmit your post beginning with one of the most relevant [] bracketed words in the title. For more information please see the [post types and flairs page.](https://www.reddit.com/r/streetwear/wiki/rules/flairs)

*I am a bot, and this action was performed automatically. Please [contact the moderators of this subreddit](/message/compose/?to=/r/streetwear) if you have any questions or concerns.*"
2020-02-21,CalmFrogRecording,2020/05/25,"For your setup, I would recommend going with a simple 2 channel interface to start. Something like a Scarlett 2i2 or the 2 channel Presonus (which comes with a good DAW: Studio One). FL Studio is more for beat making and is not a great option for doing the type of recording it sounds like you're trying to do. Another great DAW to play around with is Cocos Reaper. There is a free trial version and I believe the full version is less than $70. I've been hearing nothing but great things about it for the last several years. Also, I just recently released a free eBook on this exact subject that may help you. You can get it at [www.howtorecordyourband.com](https://www.howtorecordyourband.com). Message me if you want to discuss further and good luck! I'm excited for you."
2020-02-21,critically_damped,2020/05/25,"It is only depressing when you're trying to avoid it as a conclusion.  Once you finally move past that resistance, it opens up avenues for how to deal with them.  You can stop wasting your effort on carefully structured, patient arguments, and you recognize that the only way to influence these people is through other levers.

And you'll save even more time when you accept that it's not your job to *save* these people.  It's your job to fight them, and that isn't done with polite, unassuming discourse."
2020-02-21,Guacodile42,2020/05/25,Ok but for real we should probably make a rule against this type of post before the sub becomes flooded with the same joke
2020-02-21,Bowriderskiff,2020/05/25,Good on you for knowing how to pronounce Daphne.
2020-02-21,kaiuskairi,2020/05/25,"Thank-you! And congratulations, you must be so excited!"
2020-02-21,Another_Road,2020/05/25,"“The kid he accused didn’t do it.”

OP, do you have something you’d like to share?"
2020-02-21,seanpeery,2020/05/25,"Simple terms:

A Social Democrat wants a capitalism that has social programs.

A Democratic Socialist wants a socialism with democratic representation.

&amp;#x200B;

Bernie, despite what he says, is actually the former. Bernie is primarily pro taxes, you can't really have taxes if your money comes from the state, aka socialism."
2020-02-21,Kaoru-Hitachiin,2020/05/25,"Oh, it didn't happen to me, I actually got an email from XSEED about mine shipping tonight, I was just posting to try to be helpful for this person, but thank you! :D"
2020-02-21,Which_Bed,2020/05/25,"In my experience, that doesn't work very well. Turnip approaches work well on Shotos and Swordies but with Mewtwo even they miss the reflector on the first attempt they tend to nail it every time after that. If you manage to land one, next time you get a turnip in neutral, throw it straight up and see if you can bait reflect and punish them for it."
2020-02-21,Aaronspark777,2020/05/25,Is she single?
2020-02-21,ShortWoman,2020/05/25,"It's strange. And if it weren't for the fact that you have a viewing set up, I would have called it a scam. Ask lots of questions. If anything seems the least bit fishy, or you are told any sad story about the owners, nope out."
2020-02-21,ClitDoctorMD,2020/05/25,I think in Ireland 16 is the age if you're under 18. So like a 17 year old can have sex with a 16 year old but an 18 year old cant.
2020-02-21,GloriatheTurtle,2020/05/25,"I think it makes sense to start one whenever you are ready. My family hosted a shower for me pretty early in my first pregnancy so we had to register early, and it was nice to have it taken care of when I was tired and had other things on my plate in the third trimester."
2020-02-21,thecrepeofdeath,2020/05/25,"that's not wholesome, that's sad..."
2020-02-21,Djamshack,2020/05/25,"Everything in this game is made for roleplaying. Proximity Coms, FOIP, clothes, ships that needs crews, beacons, and the better is not even here yet ; food needs, temperature monitoring, laws systems and prisons, bounty hunters between players, building stations with Pioneer...

In Star Citizen it's the non-roleplayers that are not normal."
2020-02-21,SailorCredible,2020/05/25,He became a monk😞
2020-02-21,BeNbUcKTo0,2020/05/25,Kurt Cobain’s birthday is today
2020-02-21,W-pp_42,2020/05/25,"Yeah I think a common one for me is actually focusing the enemys phara when she is out of position, because my dps can't kill her without my help."
2020-02-21,redditbenefit,2020/05/25,"Thank you, kind person!"
2020-02-21,xocass,2020/05/25,Put the milk in the cupboard and the cereal in the fridge 🤦🏽‍♀️
2020-02-21,RepostSleuthBot,2020/05/25,"There's a good chance this is unique! I checked 102,359,042 image posts and didn't find a close match

*Feedback? Hate? Visit r/repostsleuthbot - I'm not perfect, but you can help. Report [ [False Negative](https://www.reddit.com/message/compose/?to=RepostSleuthBot&amp;subject=False%20Negative&amp;message={""post_id"": ""f6vh83"", ""meme_template"": null}) ]*"
2020-02-21,1SwipeMan,2020/05/25,You too fam
2020-02-21,4hugz,2020/05/25,Physical. I will continue to purchase physical until the market eventually phases physical media out.
2020-02-21,psilocyTim,2020/05/25,"Thanks I just called and they said it will be unaffected with 4 units, but that I will be ineligible for loans unless I have at least 6 units"
2020-02-21,GreenGoerZiggy,2020/05/25,"Yeah, I still don't really understand how I didn't die."
2020-02-21,amcken13,2020/05/25,"Yeah it is...thats been a consistent issue for the last few months with boogies (eww gross sorry) getting stuck around the inside of the labret and i don't want to fuck with it too much trying to clean it with qtips. I often have a small bump on the inside of my nose but no where near as big as on the outside. 
Im going to a piercer now, hopefully they can change out the style or something. I'd like to keep it if possible but I've been dealing with this bump for like 3 months so its getting ridiculous"
2020-02-21,Voyaller,2020/05/25,"Have you tried something like that?

Instead of starting a program through the .exe path you create shortcuts and run a batch through that folder.

https://perishablepress.com/launch-multiple-programs-with-one-click/"
2020-02-21,childishblandbino,2020/05/25,"Dear Torrence,

I don’t recall asking you a god damn thing.

-Baltimore/Samuel L. Jackson"
2020-02-21,Rygsly,2020/05/25,"That's why I brought le big Gauss

also: There is no god. There never was and most likely never will be... DOOM is eternal."
2020-02-21,E0K4,2020/05/25,"Operating System

	Windows 10 Pro 64-bit

CPU

	Intel Core i7 7700K @ 3.60GHz	50 °C

	Kaby Lake 14nm Technology

RAM

	16.0GB Dual-Channel Unknown @ 1197MHz (17-17-17-39)

Motherboard

	ASUSTeK COMPUTER INC. H110M-K (LGA1151)

Graphics

	4095MB NVIDIA GeForce GTX 1070Ti (NVIDIA)

Storage

	447GB KINGSTON SA400S37480G (SATA-2 (SSD))

	931GB Seagate ST1000NM0011 43W7625 42C0400IBM (SATA )	

&amp;#x200B;

sshould be able to run it right?"
2020-02-21,sprang_wasdjkl,2020/05/25,Not wanting kids is just as unchangable.
2020-02-21,Dalekbuster523,2020/05/25,"I hope we somehow, impossibly get a fourth Back to the Future before that happens. Stuff Bob Gale and Robert Zemeckis. If we as the cinema-going audience shout enough then they'll have to listen to our requests for another film."
2020-02-21,-aCoolUserName-,2020/05/25,"Checkmate melon! Slapp it's the best technique, also you can do the finger style but NEVER use the pick style, that's forbidden, don't do it or I'm gonna call the police"
2020-02-21,Delk_Arnien,2020/05/25,"Wow. This is really insane, lol. 

I ended up making a big confusing on the scale mail- Accidentally infused it on DnD beyond while checking for this post. So yeah, it's a normal 14 AC. 

Also, I completely forgot the normal +2 shield bonus. 

We all got some nice gear on our last session, but I'll see if the paladin would like to trade for the cape. He probably will, he loves those combat bonuses.

Thanks so much for the advice and the heads up!"
2020-02-21,Tylenol-with-Codeine,2020/05/25,"We were playing that game where someone throws a ball over the roof and if you catch the ball you get to run around and try to hit someone. If you get hit, you have to switch teams. 

The ball went over the fence and I jumped over to get it. On the way back over my shoe sole got caught on the spike on the top of the chainlink fence. When I managed to tear it free my leg fell down against the spike and I got a long gash up the inside of my leg. 

I was bleeding pretty bad, but it was field day and I had a marble drop game to win, so I just went in to the office to get a giant band aid and some gauze."
2020-02-21,DippyFresh123,2020/05/25,I get so offended when someone uses gravity falls in a disrespectful way. Really annoys me.
2020-02-21,IrishSeaMonkey,2020/05/25,Join the discord one of the builders can do it.
2020-02-21,NOSDOOM,2020/05/25,I think they put too many strings on 2 of them
2020-02-21,MazyDay,2020/05/25,Hey howdy hey. 34M in Missouri U.S.A. hit me up if you want to BS and pass some time. I'm game.
2020-02-21,TheReformedBadger,2020/05/25,"I have 14 holidays, 15 days  vacation, sick time as needed. It really depends on your company."
2020-02-21,patchymoose,2020/05/25,ITT: people thinking $5M is enough to never work again
2020-02-21,AutoModerator,2020/05/25,"
Hello! Please remember to be civil when commenting and follow our [rules](https://www.reddit.com/r/SquaredCircle/wiki/index).


*I am a bot, and this action was performed automatically. Please [contact the moderators of this subreddit](/message/compose/?to=/r/SquaredCircle) if you have any questions or concerns.*"
2020-02-21,arcinus,2020/05/25,I consider people who make 50k a year to be rich so what the fuck lol
