subreddit,author,date,post
2020-04-28,fanman100,2020/05/25,Did FALK take over San Diego too? Or did that fall apart ? Interesting to see them making big moves. Weird they are technically a foreign company tho
2020-04-28,drsfmd,2020/05/25,"&gt; The first records show that they found several beach stones with letters and symbols carved into them at the 50 foot level

Which is probably the origin of the H-O stone."
2020-04-28,HoodedMenace,2020/05/25,Now she has a story about that crazy Uber driver who tried to sell her kidney in Tijuana.
2020-04-28,Greaves-,2020/05/25,"everyone does. only one spotlight on as well, everything else is pitch black. Janitor in the 15th row, observing"
2020-04-28,MensaStatus,2020/05/25,RL is 35. pK 34
2020-04-28,taycrispay,2020/05/25,"Elaenya cocked her head to the side seeing him up on his feet and looking well. It was the first time since the tournament that she could remember seeing him look so well. She breezed into the room, stopping to kiss him fondly on a scruffy cheek before making her way over to the table in the corner. Stopping in to see him hadn't become quite an everyday occurrence for her, but it *almost* was. It was a pleasant pseudo-routine that she'd come to look forward to as she had grown rather fond of him since he first arrived.

""It's a good thing you didn't. I might get fat eating all this food and drinking all this wine on my own."" She sat down at the small table in one corner of the room before motioning for him to do the same. ""You're looking much better. Wouldn't even know you were hurt if I hadn't seen the scars already.""  She gave him a sly look as she plucked the wine bottle back from him and poured them both a full cup. 

""What were you going out for? Any job prospects yet?"" Her head tilted to the side as she watched him with pale green eyes. She knew if he didn't find a job sooner or later he'd have to leave town, and she didn't like the thought of that."
2020-04-28,Tacoman404,2020/05/25,Oh for sure. There's something about Import that makes it tastier and easier to drink faster.
2020-04-28,Santas-Claws89,2020/05/25,"One of my mother’s brothers, he is a nasty,   perverted, racist SOB."
2020-04-28,AutoModerator,2020/05/25,"Hello! Your post has been automatically removed because you did not include a minimum of one required tag in the title.

Please keep in mind the title tag must be typed IN THE TITLE of your post and retain their SQUARE brackets as shown below, on Reddit Redesign and old reddit you still must type it into the title, you cannot select your tag anywhere, you must type it!

All posts on the subreddit require at a minimum of one tag surrounded by square brackets in the title to describe what kind of content it is, these are the only current tags you can use and they are case-sensitive &amp; spelling sensitive, so check the spelling and brackets on your title if you continue to get this message.

The allowed tags are as follows: [Non-LGBT] [Crushes] [Article] [Picture] [Video] [Audio] [Rant] [Sexual Health] [Coming Out] [Family/Friends] [Discussion] [Relationships]

If you are still confused on how to use the tag system all you do is pick at least one of the above tags, then place the written tag somewhere in your post title (Do not forget the square brackets surrounding each tag [] ) here are some correct &amp; incorrect titles to help you out.

Example correct title: I found out my crush likes me! [Crushes]
Notice the square brackets and capitalization and correct spelling!

Example correct title: [Coming Out] [Family/Friends] How do I come out?
Notice the spelling/brackets &amp; capitalization is consistent and location of the tags do not matter.

Example incorrect title: I found out my crush likes me! (Crushes)
Notice the parentheses instead of square brackets 

Example incorrect title: Anyone else find Tom Holland stupidly hot? [Dicsussion]
Notice the misspelled Discussion

Once you have a correct title with a tag all you have to do is submit the post and the bot will do the rest for you and now users can sort your content by the tags! If you have any more questions feel free to contact the moderators in ModMail.


*I am a bot, and this action was performed automatically. Please [contact the moderators of this subreddit](/message/compose/?to=/r/LGBTeens) if you have any questions or concerns.*"
2020-04-28,Suister,2020/05/25,It shows the CD of loadouts cards
2020-04-28,GaivanTheScrub,2020/05/25,"Where's the money, Lebowski?"
2020-04-28,MacZulu,2020/05/25,"How many bases do have?

Is it 20000 total parts limit?"
2020-04-28,KamiCollie,2020/05/25,At what rank do you need PO?
2020-04-28,cosmicfreeway,2020/05/25,"why do u guys get personal messages, he just kicked me out"
2020-04-28,Doobanger,2020/05/25,What if you're a retarded faggot?
2020-04-28,therealbigd,2020/05/25,Also saying Adam Butler is a nose tackle even though he's always been an interior pass rusher
2020-04-28,StormalongJuan,2020/05/25,"they did push back ny they were suposed to be tomorrow,  not june."
2020-04-28,demababo123,2020/05/25,Lul. Now I feel kinda bad for wasting your time. Check my profile if you like.
2020-04-28,Tanishq31,2020/05/25,"I was talking wrt this Fanfic, not otherwise or in general."
2020-04-28,carbonmammal,2020/05/25,Gas station on 35th and Ashland sells them. They look to be more fashion based than actual n95.
2020-04-28,ABena2t,2020/05/25,Well you're right about that
2020-04-28,amanda8228,2020/05/25,yeah but some ppl want a bunch to find a villager they want and bells aren't really worth a lot
2020-04-28,Dtm4life,2020/05/25,"Damn I just paid Uabat, filled out the google doc and still haven’t heard a thing. Got to stay patient I guess."
2020-04-28,electricianer250,2020/05/25,A head lamp. But only if it didn’t die.
2020-04-28,CapablePerformance,2020/05/25,"There's months worth of text messages between all three of them.

So you go from ""I have no knowledge of this"" to being able to recite the r/ProJared2 motto?"
2020-04-28,AutoModerator,2020/05/25,"READ THIS!

Your post was removed due to the New/Inactive User filter. The filter removes posts from accounts that have less than 50 karma and that are less than 2 weeks old.
What you need in order to post:

* 50 karma

* Wait for your account to be 2 weeks old

You can get karma by commenting on posts or posting in other subreddits and getting upvotes on either (Reddit's version of likes, 1 upvote = 1 karma).

**If you message modmail about this you will be ignored, if you don't understand something then google it.**

*I am a bot, and this action was performed automatically. Please [contact the moderators of this subreddit](/message/compose/?to=/r/ksi) if you have any questions or concerns.*"
2020-04-28,stonerbutterfly2,2020/05/25,"Onlyfans.com/luvslotus PREMIUM 

onlyfans.com/lotusluvsflow FREE"
2020-04-28,Slight0,2020/05/25,"What you're describing has everything to do with the fact that you were an insecure teenager learning to be confident. Everyone goes through this no matter societal values.

Also, I know I'm going against the feel good train here, but I don't get the concept of pretending like you don't care what people think. You do care, you have to. Everything about the way you act is heavily influenced by the way people will judge you. You want people to like you because your life will be more difficult if they don't. That's why women wear booty shorts, they want men to like them, they want attention.

I haven't stated my personal opinion on anything in particular either btw, just the self evident facts we all know. That and my confusion over this whole ""idgaf what people think of me"" lie people tell themselves. I'm thinking it comes from kids trying to emulate the fake personas of rich famous types who are afforded a lot of social leeway because of thier success. Even they care what people think though and the ones that get too bold or cocky and say/do something stupid usually go down in flames. People love a good public lynching."
2020-04-28,CookinWitDaSauce,2020/05/25,I’m a cellist and I’m going to hurt you for this meme.
2020-04-28,boycot34,2020/05/25,Do I leave the family home to go quarantine with the long distance GF in her place in DC? Would drive down so no transportation issues.
2020-04-28,EyeofCthulhu6,2020/05/25,Oh okay well that was a really nice play still.
2020-04-28,Adamsaska,2020/05/25,"You missed [HOC](https://gfl.matsuda.tips/post/hocs)'s, a General Rate-Up Continuum Turbulence, White Day (seasonal mini event), a doll batch rate-up, Theater (think of coop/pvp defense drill with betting), a log-in event, two point events (one for JS-9; well, it's still ongoing but I'm unsure if you'll be able to get her). Also, new fairies being added, plus Ch 8 N and Ch 11, and a MOD batch. Plus the ongoing xp rate up. And I'm sure I forgot something else.

Glory Day going live tomorrow, and there is a whole anniv bonanza happening next month. You can go check Intern-Kun's account for that."
2020-04-28,GrayMadderr,2020/05/25,I can offer 50 nmts?
2020-04-28,KingCK02,2020/05/25,If that’s the case and they did just remove the child from the show as if it was never born then that’s pretty disappointing. You would think that child would be significant since it’s the last child gisela birthed for uthred
2020-04-28,UziTheMidget,2020/05/25,y’all know you can follow teccas private &amp; talk to him there?
2020-04-28,floatingspacerocks,2020/05/25,Make sure they're organic and have free Wi-Fi too
2020-04-28,Penn_VR,2020/05/25,It’s probably important to point out that he has a physical location in Germany where you can try all VR headsets. I’m not sure if he’s made it yet though. The channel name is MRTV.
2020-04-28,whos_agood_boy,2020/05/25,Gotta say you know this was a power move marketing strategy to appear to not reveal she's a lizard person
2020-04-28,tinaaaaaaa2599,2020/05/25,Bluebear
2020-04-28,fatinthepants,2020/05/25,Kuroda cam of the peak https://vimeo.com/376892929
2020-04-28,FattyFewStepss,2020/05/25,an entire keyboard made out of marshmallows wow.
2020-04-28,texasspacejoey,2020/05/25,Throw in Anna kendrick and emma Watson and that's my mount Rushmore
2020-04-28,DunderMilton,2020/05/25,"Yes, I agree.

Which is why I thought it was the right move to suspend the campaign to prevent voters from being forced to march to their deaths.

But the chessboard has changed since Bernie suspended. Both the DNC and RNC are willing to march Americans to their deaths to vote this upcoming November. 

The RNC is attacking the USPS &amp; mail in voting. The RNC isn’t fighting as hard as they should be to stop them. Therefore Bernie suspending or not isn’t making a difference in saving American lives. 

Bernie needs to step up again. It’s abundantly clear he won the moral victory by suspending, but now it’s clear he needs to get back in."
2020-04-28,memeticengineering,2020/05/25,"To be fair, our QB at the time was Matt Flynn, they have Aaron Rodgers, if Bryce Love is in a real QB battle during training camp, maybe it's a similar situation.."
2020-04-28,Hoo-Pjo-tkc-McgA,2020/05/25,Well it never happens to me I hate being in my region cause it seems to always be full lobbies I just want to do missions then mess around after not get into gun fights with gridfers and trolls in the middle of my job
2020-04-28,nice-scores,2020/05/25,"𝓷𝓲𝓬𝓮 ☜(ﾟヮﾟ☜)
#Nice Leaderboard
**1.** `u/RepliesNice` at **6523 nices**

**2.** `u/spiro29` at **5253 nices**

**3.** `u/DOCTORDICK8` at **3882 nices**

**...**

**280800.** `u/GrayHomocide` at **1 nice**

---

^(I) ^(AM) ^(A) ^(BOT) ^(|) ^(REPLY) ^(**!IGNORE**) ^(AND) ^(I) ^(WILL) ^(STOP) ^(REPLYING) ^(TO) ^(YOUR) ^(COMMENTS)"
2020-04-28,DucksfootFarms-PDX,2020/05/25,The fact he is in the hospital shows he is wrong.
2020-04-28,Johaan1025,2020/05/25,Has anyone read “Britt-Marie was here” ? Is it good ?
2020-04-28,PokeStarChris42,2020/05/25,"That’s actually a great concept. And the way you put part of the creative island onto the island is also amazing. The only problem is that if you fall, you might be stuck if there’s no way up and you don’t have mats"
2020-04-28,CoolSetting8,2020/05/25,15 NMT for cherry blossom bonsai!!!
2020-04-28,conquerorvvorm,2020/05/25,Yeah I don't give those fishies great odds on survival unless for some strange reason you or somebody else bucket brigades their little tails to greener pastures.
2020-04-28,ovat_,2020/05/25,What am I supposed to do about it? Is she just not interested and should i just get over it?
2020-04-28,Landis912,2020/05/25,Everyone who holds conservative views and thinks small government is better than one that controls all aspects of life wants my grandma to die and is also racist
2020-04-28,Breakingbat01,2020/05/25,amazing booty
2020-04-28,SusheeForReal,2020/05/25,Jacksepticslender
2020-04-28,Eb10064,2020/05/25,if someone asked you to call them by a nickname you would right? Why is it any different
2020-04-28,normallyjustreadhere,2020/05/25,"That range is bullshit, 240 -900 is too wide of a range and isn’t even separated by age. 
I also recently saw studies that say those ranges aren’t even from healthy males. 
  
Good luck"
2020-04-28,broski35,2020/05/25,Yeah ill buy they in vendor or on your persons?
2020-04-28,RearEchelon,2020/05/25,"It's not a phobia, it's a completely rational fear. We're *supposed* to be grossed out by clusters of holes. The people that don't get bothered (like myself) are the weird ones, technically."
2020-04-28,JohnDLee,2020/05/25,"Thanks!!! 

I've been looking around too. That seems about right. ...  I'll charge $35!"
2020-04-28,earlycuyler8887,2020/05/25,"Lol I'm F44.  Yes, there were pistils everywhere around the 4th or 5th day of flower.  I have 6 plants, and they almost all revealed sex within that time frame."
2020-04-28,artichokes_r-us,2020/05/25,man I really wish they didn't lock things behind mayhem levels. Then I could get 1 for whatever damage I wanted.
2020-04-28,NewTubeReview,2020/05/25,"Turned out they were executing the wrong people.

Oops."
2020-04-28,gz2018,2020/05/25,He actually showed? Last time they met with CEOS he didn’t show 😂😂🤡🤡🤡
2020-04-28,doomtoon123,2020/05/25,We need back up saves. Then we need more stuff. The game is barren. Or at least that's how I feel. Can't enjoy it very much without back up. I know this is gonna get downvoted because of fans not being able to admit that many people are losing their saves is a bad thing. But that's the truth. Nintendo needs to fix the game quickly. Any new words on when this might come out?
2020-04-28,mach_z3ro_x,2020/05/25,"I’ve had some 25’s; this was my re-introduction back to vaping after a hiatus. That, and I’ve got extra money to blow since I’m not buying lunch every day and whatever other bullshit (because stores are closed)

My finger are crossed for you🤞"
2020-04-28,SLMZ17,2020/05/25,Seán and Evelien have such a wholesome cute dynamic. They are ***definitely*** ok.
2020-04-28,WhileYouEat,2020/05/25,"I was under the impression they were only taking pre-approved questions from outlets of their choice from the very beginning.

Welcome to Little America"
2020-04-28,BornAshes,2020/05/25,If Scott Bakula shows up I'm out.
2020-04-28,The-student-,2020/05/25,"Hard to say when that ""finally"" will be though. Could be months, could be next month."
2020-04-28,NoNameNoFamee,2020/05/25,"Miracle, a hockey related incident?"
2020-04-28,livefeedjunkie,2020/05/25,4-4.5 Sorry
2020-04-28,QuiGonBinks,2020/05/25,he is the chosen one
2020-04-28,GorditaConch,2020/05/25,"How many back stock of the gold boxes are there? 

p.s. me and my girlfriend are hyped for tapeworm and love what we've seen so far. Your work has been super helpful with everything going on rn and we appreciate all the work that goes into every project!"
