subreddit,author,date,post
2020-04-22,ShenMula,2020/05/25,"What fucked up backwards country do you live in where you can't take a photo of somone in public, let alone a police officer. 


Reddit always advocating that you should record police interactions to ensure you aren't taken advantage of but now ""it's illegal"" haha fucking Christ."
2020-04-22,-Belphegor-,2020/05/25,U did this on hard? Vr sim chapter 17. Against the tonberry/bomb? I had the materia combo and it didnt work.
2020-04-22,Allmanbro_74,2020/05/25,"Try r/canadients
I've seen lots of growers in there."
2020-04-22,DrBadIdea,2020/05/25,I agree but also Harley Quinn: Birds of Prey
2020-04-22,Chazin9090,2020/05/25,"Thank you so much for this, it really helps me a lot."
2020-04-22,ironkozak,2020/05/25,She sounds fun
2020-04-22,skeletor747,2020/05/25,Maybe I should just do non-filer lol
2020-04-22,CaptainGreezy,2020/05/25,"Greater than 3000:1 contrast ratio = Darknesses

Less than 3000:1 contrast ratio = Light Skinded"
2020-04-22,KalluMemer,2020/05/25,Gay people- dogs with no balls
2020-04-22,BrexitDog,2020/05/25,Doesn't that mean they potentially know your password?
2020-04-22,Rvin16,2020/05/25,"Just buy 100 shares of SPCE and sell contracts. You can make some nice gains weekly, just dont get greedy"
2020-04-22,tgsauce,2020/05/25,&gt; It may be the best KyoAni product
2020-04-22,IamLuke555,2020/05/25,Preorder on GameStop now available. Looks like a 7/11/2020 availability.
2020-04-22,fuelalight_YouTube,2020/05/25,This is way better.
2020-04-22,wilfredpugsly,2020/05/25,"Seriously, that’s some good marketing Red Bull"
2020-04-22,ShacoFromHell,2020/05/25,I'm pretty sure that's how it's supposed to work since it technically has a cast time that includes the sound effect for whatever reason
2020-04-22,lucy_goose,2020/05/25,Stop that
2020-04-22,opensaysme79,2020/05/25,"I went with an Ego 56v mower and it runs around 45 to 60 minutes continuous use. The only issue is that Ego doesn’t make regular power tools. So I have multiple brands (I.e., Milwaukee, Ryobi, and Ego) but try to keep to team red mostly."
2020-04-22,Billy_Likes_Music,2020/05/25,"The Great Molasses Flood of Boston, 1919 comes to mind."
2020-04-22,RussianEnthusiast,2020/05/25,"Thank you so much!

This just in on Russian Film Hub: [*Dead Man’s Letters*](https://russianfilmhub.com/movies/dead-mans-letters-1986/) and [*A Visitor to a Museum*](https://russianfilmhub.com/movies/a-visitor-to-a-museum-1989/)!"
2020-04-22,Red_Swingline_,2020/05/25,"I see a squarebody, I upvote.

What year?"
2020-04-22,dave3863,2020/05/25,"I haven’t done any sort of mod, so I have no idea. At first I was thinking maybe they were in spots that caught stray bullets, but after about 7 places with no statue that doesn’t seem likely."
2020-04-22,Tiny_Taffy,2020/05/25,Do you take offers for the corrupt halo?
2020-04-22,Betty2theWhite,2020/05/25,Gave **Tree Hug**
2020-04-22,mrSeven3Two,2020/05/25,I normally snag a link from the game day thread
2020-04-22,orendorff,2020/05/25,"Jokes aside, I wish this was in the game."
2020-04-22,catlyfebestlyfe,2020/05/25,"Depending on where OP lives, it might be too late for that option at this point..."
2020-04-22,shesonxans,2020/05/25,"i did, but ended up deleting it again and now i can’t reinstall it cause it says i already own it. :/"
2020-04-22,CecilD2210,2020/05/25,Wow! Nice ass
2020-04-22,askatlmod,2020/05/25,"This post has been tagged as politics. In order to prevent brigading and to encourage a civil discourse among neighbors, the comments section has been restricted to only r/Atlanta users with a sufficient history of positive posts and comments. In order to participate in this and future conversations, please consider contributing to the sub as a whole. Remember to keep your neighbors in mind when commenting. If this post is not political in nature but was tagged by mistake, message the moderators here: https://www.reddit.com/message/compose?to=%2Fr%2FAtlanta"
2020-04-22,SavageHenry592,2020/05/25,"Seems like whataboutism.

I could find at least one guy who says the Holocaust never happened, don't make it true no matter how primary the source is."
2020-04-22,StoryAboutABridge,2020/05/25,"**Please read this entire message**

---

Your comment has been removed for the following reason(s):

* [Top level comments](http://www.reddit.com/r/explainlikeimfive/wiki/top_level_comment) (i.e. comments that are direct replies to the main thread) are reserved for explanations to the OP or follow up on topic questions (Rule 3).





---
If you would like this removal reviewed, please read the [detailed rules](https://www.reddit.com/r/explainlikeimfive/wiki/detailed_rules) first. **If you believe this comment was removed erroneously**, please [use this form](/message/compose?to=%2Fr%2Fexplainlikeimfive&amp;subject=Can%20you%20review%20my%20submission?&amp;message={https://www.reddit.com/r/explainlikeimfive/comments/g5nc9w/-/fo4wrfp/}%0A%0APlease include a brief explanation of why you would like this removal reviewed:) and we will review your submission."
2020-04-22,Hemphlev,2020/05/25,It’s called Hoodbridge for a reason :)
2020-04-22,MyRockySpine,2020/05/25,"No, it’s not the key takeaway. Look, there are a lot of parts of what you are saying that I can deeply understand. Co-parenting sucks. It’s not always easy getting along with your ex and when you said that his soon to be wife said that her family shouldn’t be responsible for your children, damn that hurts. Shouldn’t that be more reason for your mom and aunt to be there though? So your kids have people there for them that they know love them unconditionally at this big thing where their dad will be busy and really can’t give them attention. The situation is far from ideal but try to look beyond your hurt feelings."
2020-04-22,Its_A_Cuntastrophe,2020/05/25,"We will hold off, thank you!"
2020-04-22,emrmmnv,2020/05/25,"Sure, high wall pw:123"
2020-04-22,durian_burps,2020/05/25,Nice Haul. Damn. Classy AF photo . That is all.
2020-04-22,remidbl,2020/05/25,"That’s very true. Yeh the disconnection is actually down to the fact I got derealisation dissorder lol. But yeah I do question that everyday, there are too many possibilities to even consider what we are or why we’re here or even who “we is” like u said. But there are theories within theories and I guess it’s never gonna end, the questioning or reality."
2020-04-22,thetolerator98,2020/05/25,The only person I heard say it on my mission was another missionary.
2020-04-22,c4spermusic,2020/05/25,This sounds like an adam sandlers movie
2020-04-22,bunnylovelybonez,2020/05/25,Have you looked into it at all??? I'm going with 'NO' for $1500 Alex
2020-04-22,pinstrypsoldier,2020/05/25,"Are you someone who will be able to stay with the characters dialogues in conversation and take your time with picking up notes on background lore etc?

I can’t. I have ADHD and I start with picking up and reading everything and talking to everyone, but I eventually just want to complete the game and click through dialogue etc.

Anyway, Vampyr I just finished and got into (nearly) all the dialogue etc. I love that game. I think it was on sale on GOG."
2020-04-22,Codeito,2020/05/25,"That sounds like a plan then, thanks. I suspect the mobo as what's causing some power cycles would the ""Gigabyte B450M DS3H Micro ATX AM4 Motherboard "" be a solid replacement in your opinion?"
2020-04-22,BarryZZZ,2020/05/25,"It's an architect's ""floor plan"" for a city."
2020-04-22,ms111111,2020/05/25,He's a soldier so his propensity to be a comrade to Cloud is much higher than the Turks.
2020-04-22,lunatick777,2020/05/25,I just read that two nights ago!
2020-04-22,Saurer,2020/05/25,Gave **Tree Hug**
2020-04-22,InaBean62,2020/05/25,"I completely agree, is not that the story is disappointing, it just feels inconclusive as a whole."
2020-04-22,NapalmCheese,2020/05/25,"I don't understand what you're getting at...

When you speak of eating carp you're talking about an ingredient, or at best one single component of a dish. When you speak of hamburgers, hot dogs, Chinese food and pizza you're talking about complete dishes made of components that may or may not be regionally available.  

Trying to equate hot-dogs with carp is the wrong tactic. Hot dogs can be made with any number of animal meats, or even non-meats. Carp is only made with carp. Similarly fried fish can be made with any number of fish, and Americans eat plenty of fried fish. Fried carp is rare however, because carp has never caught on as a food fish in North America. 

Americans eat many dishes with European, Asian, or other roots; but often the ingredients differ because dishes that used ingredients found only in Europe (or wherever) didn't always have a North American counterpart."
2020-04-22,noseham,2020/05/25,"While I agree with everything here, you gotta admit that the fact that “everybody” is also a part of “everything” a little bit disturbing."
2020-04-22,GreenAlien10,2020/05/25,I think the protesters were fake.
2020-04-22,CostcoBurner56789,2020/05/25,"Ah, cool cool. Had me worried for a second!"
2020-04-22,Ikilleddobby2,2020/05/25,I can wiggle my left ear.
2020-04-22,VisibleDucks,2020/05/25,You take that back. ARod’s ass is sexy as fuck.
2020-04-22,twodamntall,2020/05/25,"Thanks for the rec, I’ll check it out."
2020-04-22,jrhoffa,2020/05/25,Please explain how one can use money without having it.
2020-04-22,JohnStern42,2020/05/25,Who can blame him?
2020-04-22,hypniaq,2020/05/25,"""Unboxed it today""

&amp;#x200B;

[http://csgo.exchange/item/18419981149](http://csgo.exchange/item/18419981149) 

&amp;#x200B;

Press X to doubt"
2020-04-22,mikears3349,2020/05/25,Yeah the transfer system in player career is heavily based on club prestige. So if you start at a lower league club or in a lower country it takes some time to get to the Prem or a decent top-5 club in Europe
2020-04-22,TheDykeofAgragoth,2020/05/25,"yea, it really does"
2020-04-22,Pepekekmem,2020/05/25,"That sound like a minor inconvenience!

No but in all seriousness, it is a problem if that’s happening..."
2020-04-22,Djpress913,2020/05/25,Or stay inside and order them online WITHOUT breaking lock down for plastic!
2020-04-22,RepostSleuthBot,2020/05/25,"There's a good chance this is unique! I checked 119,215,584 image posts and didn't find a close match

*Feedback? Hate? Visit r/repostsleuthbot - I'm not perfect, but you can help. Report [ [False Negative](https://www.reddit.com/message/compose/?to=RepostSleuthBot&amp;subject=False%20Negative&amp;message={""post_id"": ""g5o3ip"", ""meme_template"": null}) ]*"
2020-04-22,SolidSimba,2020/05/25,"As defined, the attraction to potekoro/potatoes

Why did I do this TmT"
2020-04-22,Metalmike56,2020/05/25,I would like this very much
2020-04-22,LostWeedCult,2020/05/25,"Again what moment are you referring? Is it the moment the cookies come out, the moment they post it, the moment they see their likes. I'm just confused which of these is so sacred, and fragile that I shouldnt be able to say something ever so slightly different."
2020-04-22,ImpressiveDare,2020/05/25,That would be a blatant violation of medical ethics.
2020-04-22,AutoModerator,2020/05/25,"This post has been removed for being in violation of [Rule #2 - Posts Must Be Specific to Physical Fitness and Promote Useful Discussion](https://www.reddit.com/r/Fitness/wiki/rules/rule2). Please review the full text of the rule.


*I am a bot, and this action was performed automatically. Please [contact the moderators of this subreddit](/message/compose/?to=/r/Fitness) if you have any questions or concerns.*"
2020-04-22,Meszy_,2020/05/25,Hello I’m her friend and I sure am interested! I love how he look and I would greatly appreciate it if I got him!:)
2020-04-22,-_nope_-,2020/05/25,JoJos bizarre adventure is the most number 2 piece of media ever created
2020-04-22,guttertrash_fire,2020/05/25,That is no longer a factor and hasn't been for a month now with border closures and travel bans in place.
2020-04-22,DatGuy2006333,2020/05/25,It was an add thank u
2020-04-22,Farting-Marty,2020/05/25,A politician you can't trust .
2020-04-22,TayledrasStormwind01,2020/05/25,"Random pick, or any specific Theme, style, or type of furniture/decor?  Indoor?  Outdoor?"
2020-04-22,butchpudding,2020/05/25,I know. Some of the most angry I’ve been is when they’d pull really crappy situations on my friends like crazy long back to back shifts during peak times. Disney parks would flat out not function if it weren’t for the people there who just want to spread joy.
2020-04-22,gruntledjoe,2020/05/25,Supposed to see them in concert this summer. Hopefully by then everything will be “normal”
2020-04-22,RobinVanPersi3,2020/05/25,Inferring context isnt even that hard and i dont play full retard.
2020-04-22,mrbaconbitts,2020/05/25,"wired headphones, bluetooth never on"
2020-04-22,Hayt_Brayn,2020/05/25,"Sorry I have nothing else to offer except for solidarity. I have been going through this cycle a lot lately. I'm suspicious of all my friendships because it seems i have to message first and I'm the only one really opening up about real shit. There's only one FP I don't feel this way with and yet I've felt like she's about to disappoint me all day. I almost self harmed earlier because of it.

edit: wrong word, added word so a sentence makes sense"
2020-04-22,Hawk_Toast,2020/05/25,It was a joke but I forgot people downvote everything lol
2020-04-22,FishMahBoi,2020/05/25,"Uh where were you the past two days cause oils been hectic, proving that the world is about to end. We just need step one to finish"
2020-04-22,cheebyl,2020/05/25,"I can't say for certain but I started taking a No Makeup selfie every day. Just to review occasionally to see progress. 

Noticeable improvement each week. I have a few blemishes now and then but nothing terrible. Seems more related to what I eat. Garbage in = garbage out. 

Hydrate, hydrate, hydrate. Keep face clean and moisturized. Eat lots of veggies and fruit. Clean pillow cases. 

IWNDWYT"
2020-04-22,steatorrhoea,2020/05/25,"Fintwit

“Stocks might go up if we pass x, otherwise it goes down.”

Now,

“I fucking told you it’s going down. Tried warning you all. Pls subscribe to my course and trading group.”"
2020-04-22,TheToxicLogic,2020/05/25,I didnt know i was on pornhub
2020-04-22,BeatrixHelevorn,2020/05/25,One of the lucky bags has a make up that goes with this skin tone.
