subreddit,author,date,post
2020-03-26,sparechangebro,2020/05/25,Can we just take a step back here and see how absolutely dystopian this is?
2020-03-26,PulseFH,2020/05/25,"&gt;Call it whatever you like

Lol absolutely not. No. 

&gt;To be a Naturalist, you have to place your faith in a historical chain of events. To be a Christian, you have to place your faith in a historical chain of events. This is my point. 

Ok cool, I don't much care for it nor is it even slightly relevant 

&gt;You do not believe in a God or gods, and you do not believe in the naturalistic model (you say this later

No, I don't. Stop putting words in my mouth. I know what naturalism is, and that's as far as it goes. I've never given it much thought or delved into it. It's also not relevant, so stop mentioning it please.

&gt;What exactly do you believe? Do you even hold a position about anything?

About many things and concepts, yes. 

&gt;Again, ""science's"" explanations of our origin is naturalism.

Um, no it's not. Science doesn't yet even have a complete explaination, never mind one that subscribes to a particular philosophy.

&gt;Yes, you present me with evidence of the First World War. This is not demonstrating to me that it happened.

Yes in fact, it is.

&gt;When I meant demonstrate, I meant literally show me the event.

That's not what any single person means when they say ""demonstrate X to be true"".

&gt;No, you literally can't observe a historical event. You have to rely on the evidence it occurred. 

You can actually, I've seen footage of the holocaust.

&gt;No, the burden of proof relies on the person making a claim that challenges the status quo

Lol that is comically wrong. You don't even understand the basic concept of the burden of proof?!?! Who told you this?  

The burden of proof lies on any person making a positive claim, which you are every time you say god exists. Status quo in that most people are Christians is not an argument, if anything it's an ad populum fallacy. The status quo would only matter on something accepted as demonstrable fact, which no rational thiest would even claim.

&gt;Widespread atheism is actually a fairly new position historically. 


Not sure what you mean by widespread or if it matters but atheism is not a new position. It's actually the default position, everyone is in fact born atheist.

&gt;If it is nonsensical that life arises without a guiding hand (God), then there is literally one other option - a Creator. There actually isn't another option.

Ok, except you have yet to demonstrate how it is nonsensical.

&gt;This is why I am curious about how you can possible reject both Naturalism and Creation.

Oh, now I **Reject** naturalism??? Dude, just stop it 

&gt;What? That's one of the primary evidences we have of anything happening historically.

Such as? 

&gt;We also use archaeological evidence, which Scripture has. 

Archaeological evidence for what exactly?

&gt;Article 3 Constitution

Ok? I don't see what point this makes, science has literally proven it to be very unreliable."
2020-03-26,subgeniusbuttpirate,2020/05/25,"Oh, it was easy. I just never stopped going naked at home when they were born.

When my youngest started potty training at around 18 months old, we let him go without diapers entirely, and that helped him learn. The older one was far more difficult in that stage though."
2020-03-26,Eclipses_End,2020/05/25,"Medical affairs are an entirely different beast from regular NFL operations. Issues here are taken far more seriously than cap issues, owner conduct, etc. And the whole ""I want to put this behind me"" narrative is stupid, because if you allege serious medical misconduct, *of course* people are going to take it seriously and look into launching investigations. You can't just take it back and act like everything is all fine and dandy. 

And if Smith was really lying, then why didn't Williams/ his agent raise a storm about it? Honestly, mistrust to this extent is pretty stupid, because everyone else (reporters, the NFLPA itself) is backing up what he said, let alone accusing the NFLPA exec director of blatant lying in an official statement"
2020-03-26,ConsentfulCuddles,2020/05/25,"I had an eating disorder. 

One of my triggers is listing foods I ate in a day. When I had my ED, I would lay in bed at night and list everything that passed my mouth that day. I was happy when the list was like water and greens. In other words, I was upset when I ate anything. 

When I recovered (recovering always), I stopped it. I still consciously stop myself. Whenever I start to list what I have eaten that day, I make myself stop. 

A friend and I go on vacations together. The vacations often revolve around food. She loves food.  On one vacation, she started listing meal #1 was rice and pork, snack #1 was half a donut, dessert #3 was a shared ice cream. I told her, “I’m sorry but can you please stop listing what we ate in front of me?” I explained to her what I wrote above and why it affects me negatively. She explained for her it is just exciting and a way to say “Here are all the amazing things we ate. Aren’t we lucky? This is so much fun.” But she stopped. She could still label and list the places on social media, and be excited, and eat all the things. But she didn’t need to list them in front of me because it negatively impacts me. She loses nothing by taking care of my mental health. 

Asking for boundaries often comes with a feeling of discomfort. A feeling of doubt, “Oh it’s so small. I should be ok with it. It’s silly. Normal people would be ok with it. What’s wrong with me?” But they are our boundaries and we can ask for them to be respected as long as it harms no one. 

I ask for boundaries that directly impact me. So I asked her to stop listing our shared meals in front of me. I did not ask her to stop listing meals in all situations because that’s how she derives enjoyment. She likes listing things and it’s ok. I am also respecting her boundaries.

I have done similar boundary setting with coworkers. It’s normal in US culture for people to talk about diets and to comment on people’s bodies. “Wow, you’ve lost a lot of weight. You look great.” My work is casual and we talk casually which I usually love. However, being told I’ve lost weight is triggering because it makes me focus on my body. After several incidents, I finally asked a coworker, “Can you please stop commenting on my body? I have some body issues and I dislike people commenting on my body.” I didn’t directly say I have an eating disorder; I hinted broadly at it. She never commented on my body again. I told her my boundaries and she respected them. In turn, I have never asked my coworkers to stop their diet talk, and their comments on each other’s bodies or their own bodies. It would be amazing if they stopped that kind of talk but I am not trying to control everyone. I recognize that everyone has autonomy and their own boundaries. I enforce boundaries that affect me directly."
2020-03-26,emilyjwarr,2020/05/25,"From the episode ['Homer's Triple Bypass'](https://simpsons.fandom.com/wiki/Homer%27s_Triple_Bypass). Season 4, episode 11."
2020-03-26,EntryLevelNutjob,2020/05/25,That is some impressive length
2020-03-26,HughJanus69_420,2020/05/25,Hands washed
2020-03-26,Tibstheskittlebef,2020/05/25,Distroy or make everything uncontrolable for the people on the bridge
2020-03-26,pizza_roll-boi,2020/05/25,"welp, im ded if i hear that again.."
2020-03-26,pcs2,2020/05/25,"Just waiting for Barr/DOJ to start advertising ghoulliani's horseshit ""evidence"" from Ukraine about July-August and conduct a trial by media."
2020-03-26,BedWater,2020/05/25,How much do y3all get paid i known someone in Arizona who is also one
2020-03-26,chupa38,2020/05/25,This is what is scaring me from selling right now. What items are you selling that are being returned?
2020-03-26,redditseason,2020/05/25,Link to a different post where OP talks about her routine: https://www.reddit.com/r/progresspics/comments/bzuilb/f3252_140_110_lbs_30_lbs_after_going_through/eqzsv69
2020-03-26,Autist4AudiR8,2020/05/25,Please stop
2020-03-26,Steveg27,2020/05/25,Toronto Maple Leafs fall apart and miss playoffs.
2020-03-26,StretchMePapi,2020/05/25,Nice n fast how I like it 😏
2020-03-26,Msjojo2121,2020/05/25,I don’t want to be below average and I just wanna know how to get there
2020-03-26,magic_kate_ball,2020/05/25,"ESTP: Hire a defense attorney.

Kidding! I'd guess withdraw for a little while to deal with it and to minimize other people bringing it up over and over, then get back into as normal a life as possible spending time with platonic friends, and then start dating again when they feel ready. I wouldn't want to stay single forever unless I was already very old, and if I was with someone and I died I wouldn't want them to stay alone either."
2020-03-26,Slpry_Pete,2020/05/25,That's how things work.  If you want something that costs money you spend money on it.  Do you shoplift or steal cars too?  Were you a gate crasher?
2020-03-26,Tetraphobe4444,2020/05/25,"Yes, being black can be illegal."
2020-03-26,Skip_eo,2020/05/25,"Definitely had the idea, just need to figure out a cheap/stable design for it."
2020-03-26,autocommenter_bot,2020/05/25,"https://hearthstone.gamepedia.com/Prestidigitation_(Battlegrounds)

""Prestidigitation is the hero power used by the hero The Great Akazamzarak in Battlegrounds.""

It puts a secret into play."
2020-03-26,HangingHillary3333,2020/05/25,"&gt;They do actually do things

they don't do anything of meaning besides press wasd + g occasionally and stare at the wall"
2020-03-26,SoLongGayBowser,2020/05/25,"Don't worry, these new powers will surely be removed after the Coronavirus has been beaten. Right?"
2020-03-26,Amethystfairy1,2020/05/25,I have the same figure! It’s so awesome right!?!?!? Super cool and well made!
2020-03-26,LandoMCFC,2020/05/25,Yes this does seem to be the most likely scenario!
2020-03-26,Shahilifer,2020/05/25,I feel like King would be better suited as a floating DB. Bigger body that can take down RB'S and also has elite football IQ. Not saying Harris doesn't but he's a little on the smaller side.
2020-03-26,BBNauSenico,2020/05/25,Yeah this is fake. I wish they filmed a season in Bali though.
2020-03-26,MeatforMoolah,2020/05/25,"My dad made meatloaf once when I was a kid.  Mom and I made it halfway through dinner trying to figure out what the hell he put in there to make it so sweet.  It wasn’t completely awful, but it was bad.  He flat-out refused to give up his “secret ingredient”.  We (mom) badgered him until he finally caved.  I had stopped eating it and wasn’t going to finish whatever he had made.  

We’d run out of bread crumbs, so he mashed up some cinnamon toast crunch and substituted."
2020-03-26,thekremlinbot,2020/05/25,"The world doesn't hate you for being Chinese. They have just had enough of your culture that lacks empathy towards beings. It's 2020, stop eating live animals and refrain from eating exotic animals that the WHO has clearly warned to be disease ridden."
2020-03-26,BobWhite06,2020/05/25,"The post even says it's for a story.



 I haven't been a to find any information on the internet, that's why I'm here."
2020-03-26,Clap_Alien_Cheeks_,2020/05/25,Everyone has the same 3 friends in quarantine
2020-03-26,Daytime-DumpsterFire,2020/05/25,"Pho please is the Fucking jam! I love going there on my lunch break, well, back when I had a lunch break to take. Now it’s all day break."
2020-03-26,ball_was_lyfe,2020/05/25,Underrated comment here
2020-03-26,gwork42,2020/05/25,They’re out of town.   I’m good.
2020-03-26,TheAntEyeChris,2020/05/25,No but I hope he does lol
2020-03-26,lindenaaron1,2020/05/25,That's goose wayne
2020-03-26,AutoModerator,2020/05/25,"**This post has not been removed.**  This is simply a way to remind visitors of our community standards. **Remember to post only once every 24 hours. We require all users to be over 18 years old. We do not allow anyone seeking contact from those under 18. Asking for upvotes is not permitted. All accounts posting here must be over 24 hours old.** Users who violate the rules of our community are subject to post removals and temporary/permanent bans. Happy SnapChatting!

*I am a bot, and this action was performed automatically. Please [contact the moderators of this subreddit](/message/compose/?to=/r/GaySnapchat) if you have any questions or concerns.*"
2020-03-26,Kroan,2020/05/25,"So you think a city of 76,000 people, with students, there will be 100,000 infections?"
2020-03-26,DirtyMami,2020/05/25,"I can buy alcohol just fine in supermarkets.

In the capital, we have check points and roadblocks every where

We have 8pm-6am curfew."
2020-03-26,r-mancuso83,2020/05/25,I saw it in a meme!
2020-03-26,AutoModerator,2020/05/25,"Hi there! Your post was removed because it uses the body text box. You can only use the title field to post a question in AskReddit.  Per [rule 1](/r/AskReddit/wiki/index#wiki_-rule_1-), use of the body text box is prohibited. You can resubmit your post [here](&lt;https://www.reddit.com/r/askreddit/submit?selftext=true&amp;title=Strippers and Pole Dancers of Reddit, have you ever had someone you know (friend, coworker, ect..)show up where you preform? What happened after?&gt;) without the textbox.


*I am a bot, and this action was performed automatically. Please [contact the moderators of this subreddit](/message/compose/?to=/r/AskReddit) if you have any questions or concerns.*"
2020-03-26,asdguy2020,2020/05/25,"Step 1 - be vulnerable. ""Hey I hate to see you unhappy. It makes me unhappy to see you sad! You seem down lately. How are you feeling about the quarantine?"" (note that you don't assume they are sad because of quarantine)

If they say ""yeah I've been feeling down"" - then listen to what they say. If they say ""man I really miss listening to the radio on the way to work..."" then say something like ""well, have you thought about listening to an online radio at home each morning? Maybe the new routine would help?""

Of course if they don't say ""I've been feeling down"" then you gently question a little more. Or just accept that they aren't willing to talk about their feelings at this time.

In general - I suggest you google things like ""active listening"" and hopefully that will help you...

Best of luck! You are sweet to care about your spouse!

EDIT: I realized that I assumed gender in my first response and that I assumed you are married in my second response. Sorry if my assumptions are wrong!!! I don't mean to be insensitive or over-assume"
2020-03-26,noahpleasestop,2020/05/25,don't tell me to flair &gt;:(((
2020-03-26,Bregirn,2020/05/25,"Oh yeah 100% understand, AXMCs are great for scouts, I misread. 

If you can get even one or two gauss it's really good target practice and a lot of fun to chase scouts around with gauss too. Worth giving a try."
2020-03-26,ShakeForProtein,2020/05/25,"Not against heavies. Flames don't stagger heavies (or rushers or named enemies, or mechanized....) like they do everything else."
2020-03-26,boldbe2uty1,2020/05/25,"I think this was in London, Ontario. Canada."
2020-03-26,m_o_84,2020/05/25,"Ah, my bad. El paso, tx. It's about the size of a dime, moves super fast."
2020-03-26,wolfinthemanger,2020/05/25,I sing it every day without it ever playing.
2020-03-26,AyeAye_Kane,2020/05/25,"well yeah, that's the entire point in ""r/kidsarefuckingstupid"" because they are"
2020-03-26,Thyrith,2020/05/25,"A chinese ASMRist, i don't know her name, but she is cute, so there is that..."
2020-03-26,shepherdmoon1,2020/05/25,"When the bad reviews are complaining about an aspect of a game I actually consider to be a positive thing, it's an insta-buy for me (like ""this game isn't telling me what I have to do--it expects me to explore and figure things out for myself!"" Or, ""These visuals are too dark and scary! I can't let my 3 year old play this!"")."
2020-03-26,SW0666,2020/05/25,I was under the impression corona couldnt exist in paint stores. Why else would we still be open?
2020-03-26,JoeyG624,2020/05/25,Your office assistant is slaking on the job I see.
2020-03-26,madamtrash15,2020/05/25,So sexy and swollen ready for my mouth. 😆 sucking up and down feeling how hard and throbbing your cock is getting so hard and excited in my mouth honey. 😆 💖 💋
2020-03-26,RaiderDubs,2020/05/25,facts
2020-03-26,stagira,2020/05/25,Ah ok. I'll try it again using a sieve. Thanks!
2020-03-26,ask_a_scientician,2020/05/25,Lol that's pretty catchy. Gonna have to go drop some dimes on my friends
2020-03-26,0Storm,2020/05/25,Better specs than me and I’m 16 and have been “saving” since I was 14
2020-03-26,Theawesomepotato,2020/05/25,"Sadly, [empowering rift doesn't work.](https://www.youtube.com/watch?v=twL2iEcwiFI) It doesn't count weapon damage inside of it as ability damage like WoR does."
2020-03-26,redheadredshirt,2020/05/25,"&gt; Tinder is a shit show, but you can use it to sharpen your social skills via coffee dates.

Hey. Hey guys! This guy gets Tinder dates!

Joking aside, my latest feedback from trying for the coffee date on other apps (People gotta match with me on Tinder before we can talk and that just doesn't happen) is that it's currently seen as low-effort and a sign of 'being a fuckboy'. &gt;_&lt;"
2020-03-26,Jai_chingnut,2020/05/25,"First pieces, very impressive mate"
2020-03-26,General-Nonsens3,2020/05/25,"The downfall will come due to the hysteria, not the virus."
2020-03-26,Wafflebot17,2020/05/25,Is this at the Rookie in Des Moines?
2020-03-26,Manateekid,2020/05/25,The article is about the universal cash payment part of the bill. Stay focused.
2020-03-26,humanbeing18,2020/05/25,"I do it all the time. I like doing  it, it’s nice and it makes her feel good. So all in all I’m winning"
2020-03-26,Laurmac16,2020/05/25,I would love it too!!
2020-03-26,Ta5hak5,2020/05/25,"I think the quickest way to do it would be to apply for EI, as they are going to be directing those applications towards this new program once it opens up, and they're plenty behind so you would already be in the queue. I believe once it opens up there will be a portal specifically for this new program, but you may get a bit of a jump on it if you apply for EI first"
2020-03-26,JoDawn67,2020/05/25,"Im in the northern hemisphere and am just looking for friends to play with. My IRL friends dont have switches. If time zone matters at all, i am located in California."
2020-03-26,AutoModerator,2020/05/25,"Welcome to /r/pokemontrades. This comment has been automatically removed - to facilitate secure trading, users are required to set their 3DS and/or their Switch friend code in their flair before posting outside of the Daily Discussion Thread, Info posts, or Mod posts.

Fear not, though! You may set your flair by [clicking here](https://hq.porygon.co/#/flairtext) and adding the appropriate information.

Once you have set your flair and read through our [Rules](https://www.reddit.com/r/pokemontrades/wiki/rules/) please repost your topic, being sure to include a proper [tag](https://www.reddit.com/r/pokemontrades/wiki/tags) this time. If things seem confusing, we have a [Quick Start](https://www.reddit.com/r/pokemontrades/wiki/quickstart) guide intended to give a step-by-step process for new users. Keep in mind that if your account is less than 15 days old, you will have to wait to participate on this subreddit.

Again welcome, and happy trading!

Note: if you are a mobile user having trouble accessing the above links or setting your flair, please retry using a different browser (such as Chrome/Firefox). Reddit apps are known to cause issues. Alternatively, you can set your flair on a desktop or laptop computer.

*I am a bot, and this action was performed automatically. Please [contact the moderators of this subreddit](/message/compose/?to=/r/pokemontrades) if you have any questions or concerns.*"
2020-03-26,Vitida,2020/05/25,Don't think that's how here dress should be in the last panel.
2020-03-26,xspx,2020/05/25,"Incoming, body parts soon"
