subreddit,author,date,post
2020-01-22,YouTheWho,2020/05/25,"For me it's remembering their super long and witty comebacks word for word, along with the just no's entire rant word for word.

Also when the OP is super duper sassy, with a spine of steal until the just no says something rude. All of a sudden it's ""I didn't want to cause a scene."" Or ""their (spouse) circus, their monkeys."" If you have that smart mouth or shiny spine wouldn't you say something or I guess you're all talk til the ""extinction burst"" then suddenly that sass comes back with a vengeance!

These two things just scream karma farming to me."
2020-01-22,_Mercy_Me,2020/05/25,"It derives from the hateful trope that trans women are deviant men trying to trick other men into homosexual acts. It's the root of the gay panic/trans panic defense. It's toxic, but it's also something that a lot of people who aren't transfeminine think is a joke.

I strongly recommend you check out Natalie Wynn's video ""Are Traps Gay"" on her Contrapoints channel if you haven't yet. https://youtu.be/PbBzhqJK3bg"
2020-01-22,NorrisOBE,2020/05/25,"The word “Dominic Cummings” and “think” should never be in the same sentence 

Unless the sentence is “I think Dominic Cummings is a twat”"
2020-01-22,wintertime0411,2020/05/25,People who complain about others wearing clothes are even worse.
2020-01-22,GoldenMercy,2020/05/25,Munenori would be a good pick for you then
2020-01-22,AutoModerator,2020/05/25,"The above submission has been **removed** because:

* It does not appear to contain a tl;dr or any sort of short summary. Please create anew post including a tl;dr. Refer to FAQ: [What is TL;DR? Why do I need it?](http://www.reddit.com/r/relationships/wiki/index#wiki_what_is_tl.3Bdr.3F_why_do_i_need_it.3F) for some pointers.  If you feel you are receiving this message in error, please [contact the moderators](http://www.reddit.com/message/compose?to=%2Fr%2Frelationships&amp;subject=Submission+removed+for+no+TLDR&amp;message=My+post+can+be+found+at:+https://www.reddit.com/r/relationships/comments/es3j21/m30_dating_issue_with_f30/) and include your problem Please note if you feel your post is too short for a tl;dr we will likely consider it too short to get meaningful input.   

You must make a new post with the amended information. Please ensure that the submission complies to **all the rules** listed in the sidebar, and in the [wiki](/r/relationships/wiki/index#wiki_about_.2Fr.2Frelationships) (relevant for mobile users).  When you are done, please repost your submission.  

---

*I am a bot, and this action was performed automatically. Please [contact the moderators of this subreddit](/message/compose/?to=/r/relationships) if you have any questions or concerns.*"
2020-01-22,SomeBoyOnline,2020/05/25,Omg at the Iowa debate when Joe said “I’m at the top of the polls” it just reeked of Trumpist egotism
2020-01-22,newhairwhodiss,2020/05/25,"I don’t think you’re ugly, but you give off the same vibes as the dude in the “Shut Up and Dance” Black Mirror episode. Maybe hit the gym a bit or switch up the glasses if you want some extra flare, but in my opinion you’re extremely average. 6/10"
2020-01-22,vmspionage,2020/05/25,Or just switch it out for some Crocs
2020-01-22,unrecoverable1,2020/05/25,"Don't miss out on Odyssey. Personally, I found it more fun to play than Origins. I enjoyed Origins but Odyssey for me was on a different level."
2020-01-22,AlphaJoah,2020/05/25,He is literally eating off of hundreds of peoples shoes
2020-01-22,letsgetitstartedha,2020/05/25,"I haven’t ever posted here before, but I kind of just thought of a theory. I’ve read a lot of things about the seemingly random string of “friends” cc has, and I was thinking that maybe people pay her just to get on her story or to come to her place for dinner. Like I know I immediately want to stalk anyone she posts."
2020-01-22,ackonology,2020/05/25,"Here is a trick to make anyone in their room all the time less lonely/depressed/anxiety-ridden/people that feel unhappy, make your house or room look less like a prison if it doesnt already. Decorate it to the things you like or make you feel happy/calm for anxiety for example, a tiny potted plant."
2020-01-22,sorcerino,2020/05/25,"Stop spamming this ugly af shit, thanks"
2020-01-22,ImJustAUser,2020/05/25,Please don't post it to r/funny it's like posting is to  r/comedynecrophelia but 10x less funny.
2020-01-22,TepigNinja,2020/05/25,Nah that’s impossible too if I’m not mistaken. Can’t buy a the mastery skill of a story exclusive class without having it first.
2020-01-22,Sparkybear,2020/05/25,Plus infinitely more annoying.
2020-01-22,summerbirthday,2020/05/25,Lacey is fucking on point.
2020-01-22,slammin23,2020/05/25,As expected
2020-01-22,ma3iek,2020/05/25,"Enjoy, thank you!"
2020-01-22,BraveSquirrel,2020/05/25,"Oh you heard on CNN about the yield curve inverting?  So sorry I'm not a mind reader lol, obviously by the word ""indicator"" anyone educated would know obviously that you're referring to the 10/2 bond spread, because as everyone know, that is the only piece of economic data on the planet that someone would describe as an ""indicator"".  It's flipped back btw.  Is that all you got?  The yield flipped by a fraction of a percent for a few days and now you're convinced the economy is going to tank?  You need to take a more holistic approach to you economic data imo."
2020-01-22,CentuPlays,2020/05/25,Sexy
2020-01-22,signed_under_duress,2020/05/25,"Friend no more, I hope."
2020-01-22,Alexexec,2020/05/25,"Agreed but I can’t help feeling sorry for seeing people getting hurt that were not endangering others with their foolishness, this was also at a hospital so she may have been with family and communicating with family, if it wasn’t the context then of course that’s a bit different but still feel a little sorry for them"
2020-01-22,Moonaytoons,2020/05/25,Who is that and why
2020-01-22,mmooney1,2020/05/25,"If you haven’t shot it first, you may want to test the trigger and see for yourself if you want to replace it. 

If I were you I would spend the money I had now on ammo because there is no way I would be able to delay playing with a new toy then get a trigger later if I wanted. That’s just me though &amp; everyone is different. 

Try the $0.25 trigger upgrade before replacing, especially if you are on a budget. 

Maybe I should start by asking “why do you want to replace the trigger?”"
2020-01-22,Yeeter-16,2020/05/25,"No problem! You have a good day, and have a good time in the hobby"
2020-01-22,QuantumVitae,2020/05/25,"Just watched that tutorial, looks cool with 4 of them, nice job"
2020-01-22,mpphhhh,2020/05/25,"First of all, don't call any of us pathetic only because we like to lauth at stupid kids. Second , her content is NOT ""harmless fun"" as she creates a lot of things that most of kids like her shouldn't know."
2020-01-22,SYRLEY,2020/05/25,I fkin loved crisis core.
2020-01-22,signorepoopybutthole,2020/05/25,what service did you use to order prints?
2020-01-22,wtf_yoda,2020/05/25,"Voters need to make their voice heard. Do you like the current system with it's costs for premiums, prescriptions etc., and billions in profits for the insurance industry or do you want a universal single payer system that is free for every American, and negotiates prices for ALL prescriptions with drug companies on behalf of the entire country?"
2020-01-22,worm_suit,2020/05/25,One shot the dark hunters
2020-01-22,RVA2DC,2020/05/25,Reddit search? lol. You must be new here.  Anyway. I don’t really care that much.  I’m not buying the notion that this was some sort of common dig against the POTUS.
2020-01-22,Pizzzzzzzaaaaaaa,2020/05/25,Porzingis is playing
2020-01-22,ChadAndBradsXbox,2020/05/25,"I’m thinking about canceling when he gets back and ordering from lyfactory, their leather seams more in kin with retail"
2020-01-22,jeansonnejordan,2020/05/25,"The older my tank gets, the better the plants do. 
Sometimes it just takes time."
2020-01-22,headbandolier,2020/05/25,Your body is completely brilliant 😍
2020-01-22,crashcanuck,2020/05/25,"""enraged clerical fury"" makes me picture your wife as a mix of office worker and D&amp;D Cleric in a full rage. I laughed."
2020-01-22,BigE429,2020/05/25,I thought so as well until the recent kerfuffle with Iran.  I honestly don't think Pence would be as stupid
2020-01-22,Eshtadea,2020/05/25,"Sub 226
Like 10

Main page

https://youtube.com/channel/UC-shZFP1tHesFoGm222Ehhw

Playlists

https://m.youtube.com/channel/UC-shZFP1tHesFoGm222Ehhw/playlists

WILL LIKE AND SUB BACK. ALSO WILL VIEW ANY VIDEO ANY LENGTH. DM FOR MORE!"
2020-01-22,jmb-412,2020/05/25,Lol what? This is a dumb take my dude.
2020-01-22,Professor_Regressor,2020/05/25,"The bar for entry into RuneScape PvP has never appealed to me at all, the effort required to make a separate account, make it a very specific Min/max build with no respec option, spend tons of money on it and then promptly get destroyed by someone because the game can never possibly teach you the meta just seems like an experience I'm not rushing to meet."
2020-01-22,Hondu94,2020/05/25,Cool thanks I’ll try that! Is the mango any good?
2020-01-22,Sunshinegal72,2020/05/25,"They are awesome!   Keep in mind that snakes are easier to keep alive than dogs or kids or husbands.  Lol.  I have two snakes.  With them being in bioactive enclosures, they're a piece of cake to care for -- essentially I just feed them once a week and give them clean water.  Easy peasy.  Not so with the two-legged and four-legged members of this household.  😋"
2020-01-22,restlessleg,2020/05/25,there’s hope
2020-01-22,AutoModerator,2020/05/25,"Hello, it appears you are looking for a 6IV Ditto! *(If this is not the case, please disregard this message.)*

Until Home releases, it will be very difficult to find a legitimate 6IV Ditto here. While 6IV Ditto could be obtained in past generations through RNG manipulation, these methods aren't currently possible in SwSh, nor is it currently possible to transfer these Ditto to SwSh.

For now, **any 6IV Ditto offered here is highly likely to be hacked, cloned, a [prohibited natural clone](https://redd.it/e2masp), or not actually 6IV**. If you come across someone offering a 6IV Ditto, we highly recommend exercising caution. You can read more about avoiding Ditto scams and finding legitimate Ditto [here](/r/pokemontrades/comments/e5qga6/watch_out_for_6iv_ditto_scams_and_hackedcloned/).

Instead, you may wish to use another subreddit to obtain a hacked/cloned 6IV Ditto, such as /r/morebreedingdittos or /r/pokemonplaza.

*I am a bot, and this action was performed automatically. Please [contact the moderators of this subreddit](/message/compose/?to=/r/pokemontrades) if you have any questions or concerns.*"
2020-01-22,chromiumblues,2020/05/25,until u try watching youtube
2020-01-22,NymphomanicHuntress,2020/05/25,i masturabated a lot early days and never felt like its weird but after some time speaking to friends... i was weird. At some point i asked my mom...
2020-01-22,cancerousiguana,2020/05/25,"They're humans like anyone else. Some are fine, some are shitty.  Nobody goes on reddit to post pictures of the homeless guy who keeps his shit in his shopping cart and goes about his day.

While we're at it, let's also not pretend homeless people are the only ones trashing the river."
2020-01-22,justtryingtoseetits_,2020/05/25,Thank you mam. May we have another?
2020-01-22,Milkboy1516,2020/05/25,"Then you should say that in your post. We aren't here to make that conclusion. This post seems more like a Kobe hate post in disguise than trying to defend Garnett at first sight. Especially since I don't think Garnett is often blamed for his lack of sucess on the Wolves. 

He's almost always used as the prime example of a franchise failing to build around a star, and a small market losing one. He's the start of the legacy of it ffs as the same franchise lost Love and is doing exactly the same shit with Towns."
2020-01-22,pokemon_tradesies,2020/05/25,Unironically good to guillotine the rich ☺️☺️☺️
2020-01-22,KiddoAndJerry,2020/05/25,"Well, for starters, she's only killing the geckos she finds, and so far that's only been 3. Second, im not in the area of the bushfires. Third, she's only out for 2 hours at the most when she's let out. The rest of the day she sleeps, eats and plays indoors."
2020-01-22,offENTing,2020/05/25,"You're right, it seems to be mostly luck. Even with top notch support. I still buy at Mindfactory, but I dread the next broken thing. Might get replaced asap though idk."
2020-01-22,BobDoleBackHand,2020/05/25,This is meme quality
2020-01-22,Chezzym8,2020/05/25,They made this goodboy use chad sauce! Boycot this bar m'goodboys REEEEEEEEEEEEEEE!
2020-01-22,AutoModerator,2020/05/25,"Subreddit Link: /r/AnalVidz

---

*I am a bot, and this action was performed automatically. Please [contact the moderators of this subreddit](/message/compose/?to=/r/porn) if you have any questions or concerns.*"
2020-01-22,Squidgeitdobbs,2020/05/25,"I had a vague idea of what it might be, you have helped me see the truth"
2020-01-22,Kefi86,2020/05/25,"We aren’t either. I didn’t feel guilty about it until reading how many people are here, but we have the 20 week to look forward to! I don’t need any additional anxiety/worry right now."
2020-01-22,PinguinoDelRio,2020/05/25,That Peppa Pig model looks like it came straight out of a Chinese bootleg
2020-01-22,Micokerts,2020/05/25,Has she been naked yet?
2020-01-22,TheFireflies,2020/05/25,"&gt; I reminded him this was true of the other person

But... you have pics of your exes. You ARE the other person here. Keep the ones of just you if you wish, but lose your exes photos, that’s creepy."
2020-01-22,misterpoopybutthole5,2020/05/25,"You're gonna have to take care of those nails, or you'll scratch your baby up"
2020-01-22,Rectified_Ninja,2020/05/25,"Thanks

Ign: Rectified

Code:4237"
2020-01-22,MachWun,2020/05/25,"Whatever you decide to do, please be careful.  Maybe the best bet is to bring it to your local paintball field.  Or police bomb squad (not a joke).  During transportation DO NOT keep it in the passenger compartment with you."
2020-01-22,JoyfulDez,2020/05/25,I second that one. And another by the same author called Touch.
2020-01-22,tygoten,2020/05/25,“Holy crap I’ll alive!”  This guy is taking life by the reigns and here I am procrastinating my life away.
2020-01-22,FourDM,2020/05/25,"Do your have your car in your possession?  If so tell them to shove it.

If they send you a letter from a lawyer find a lawyer that deals with people who've been conned by shady businesses and have him write a reply (it'll be cheaper than the $687)

If they don't have proof of debt (i.e. you didn't sign anything and you are absolutely sure no cost was discussed on the call) then they're pretty much screwed.

You fucked up by giving them $100"
2020-01-22,mezzanine42,2020/05/25,It be like that sometimes 😂 I feel the same way with my writing. Sometimes I read over a piece in its final state and I’m like “I honestly have no idea when that word snuck in here but whatever it’s good”
2020-01-22,lostmatt,2020/05/25,"How old and what model M.2 drive?

I've got a couple new 5060s that are giving me trouble."
2020-01-22,kick_in_the_door,2020/05/25,"Are you 14. That means Americans are less likely to buy said thing with tariff. This is why people are all upset over ""trade war with china"" over tariffs.

Why does this have so many upvotes."
2020-01-22,curiousandnaughtyx2,2020/05/25,So hot! Mmmmm...I’d like a turn with that cock! ❤️
2020-01-22,Ghawk97,2020/05/25,Kings Island if you are looking for entertainment.
2020-01-22,getoffmyllawn,2020/05/25,Libido can be pretty flat on blast for some regardless of E2 levels
2020-01-22,Tater208740,2020/05/25,"Unfortunately, no."
2020-01-22,beviwynns,2020/05/25,Gressel was a top 10 pick because we traded up for him. He was projected after 20
2020-01-22,Mellykarr,2020/05/25,Think? No. Hope? Hell yeah!
2020-01-22,Robertsonland,2020/05/25,"just needs to be clips of him saying shit that he ends up doing. (War with Iran, Won't Golf, Obama spends too much time on vacation, etc) You could probably fill 30 minutes or more of JUST that."
2020-01-22,MisterBurn,2020/05/25,It’s not like MS needs the money.
2020-01-22,clocaine11,2020/05/25,Ooh I need to check that out!
2020-01-22,terminalmemelocity,2020/05/25,Is this your first outbreak?
2020-01-22,mnm2595,2020/05/25,Thanks. Enjoy!
2020-01-22,RaphtotheMax5,2020/05/25,"Yesss these updates are always great, makes ability visuals more accurate to hit boxes, older champs feel more modern and satisfying to play, and older skins become a lot better and more worth their price"
2020-01-22,MonkeyNin,2020/05/25,"If you have a `Match` you can use 

    m = re.compile('^\d{1,3}(,\d{3})*$').search('324325435')
    if m is None:
        print(""This is bad"")"
2020-01-22,TOYAFIKIN,2020/05/25,I speak the language of gods
