subreddit,author,date,post
2020-03-18,Beares773,2020/05/25,Promising...heres to you Mrs Robinson...first job ever at a pizza place best buddy was an older guy delivery driver gave me some lifelong awesome advice...Listen your in high school you don’t know shit all these chicks look cute now but if you ever get serious about it take a good look at there mother’s because that’s probably what your gonna be working with down the road
2020-03-18,RavenNerd,2020/05/25,"I had this issue with mine. I had so many issues even after 5 months of healing that I had to remove it. After removing it I figured out why I was having issues. It had been pierced through the cartilage. I also thought that it was in the sweet spot because the initial piercing wasn’t that bad. The healing, however, was an absolute nightmare."
2020-03-18,Zeromatic,2020/05/25,You created a flood of hate against yourself
2020-03-18,pulling_teeth69,2020/05/25,"NTA, it'd be overstepping if it were her dashcam in her car"
2020-03-18,TheGreatBusey,2020/05/25,I think the Red hand Victarion got from Moqorro's spell will play a part in Victarion surviving the horn/dragons
2020-03-18,lerthedc,2020/05/25,"I think kick is good where it is given how much damage it gives and how hard it can be to punish it. She should have faster chain lights not only so that she has better HS options but also so that if she misses the first chain light from HS, the following one isn't just a free light parry."
2020-03-18,nuttyputty12,2020/05/25,This was never stated.
2020-03-18,gabriels_feather,2020/05/25,"You get swept up in the surveillance net cast by networks and people around you. Your devices are part of that, regardless of whether or not you have a direct connection."
2020-03-18,riverboyjones,2020/05/25,Dan would have etched himself in Waluigi style too and I’m okay with that.
2020-03-18,idan_da_boi,2020/05/25,"Probably “secondary zone stat reducer”, it’s the best reducer in the game"
2020-03-18,phuckman69,2020/05/25,Calls eod tomorrow!!!!
2020-03-18,Scoobydoomed,2020/05/25,"Just go ask one of the staff to hold your cup for a moment, then when they give it back you can drink it because they just served it to you."
2020-03-18,GnawerOfTheMoon,2020/05/25,"https://forgottenrealms.fandom.com/wiki/Shar

&gt;she presided over caverns, darkness, dungeons, forgetfulness, loss, night, secrets, and the Underdark. Among her array of twisted powers was the ability to see everything that lay or happened in the dark.

I'd say she's got plenty to make her arguably the equal of any other patron (except maybe celestial) in terms of appeal to a warlock of any alignment. Not inherently any worse than a Fiend or Old One, and has lost/forbidden/secret knowledge to offer."
2020-03-18,Palaeolithic_Raccoon,2020/05/25,"Yeah, I'd keep a sharp eye on those buggers, too."
2020-03-18,SunnyDnD,2020/05/25,SunnyD would never hit a woman.
2020-03-18,candaceMung,2020/05/25,"Hi talented person
I AM ANGRY AT YOU FOR HAVING TALENT 
INSULT INSULT INDULT YOU"
2020-03-18,dodofishman,2020/05/25,"Ive been doing the whole taking in a deep breath and holding it for 10 seconds to prove to myself my lungs aren’t compromised and it’s helped lmao. But yes very anxious times, I just want it to be over, viruses are scary shit"
2020-03-18,FRESH_WAVE,2020/05/25,Oops lol idk if I'm able to edit the title of my post or not. Thanks for letting me know.
2020-03-18,AllHailMackius,2020/05/25,"Hey, I'm no Hasan. No one here is advocating for violence.

I think its funny that Destiny will talk about the bat shit crazy left and the bat shit crazy right like he isnt degenerating into a batshit crazy centrist.

Hope his future streams prove me wrong though."
2020-03-18,swipecardstubborn,2020/05/25,"Its a term borrowed from George Orwells classic,  ""1984""."
2020-03-18,2FoxyBean2,2020/05/25,"I just can't let it go, I feel like im just paranoid, but again im not certain of anything.She was the first to show interest idk if that should mean anything."
2020-03-18,malikmokhtar1,2020/05/25,Damn that’s pretty smart I never would have made that link
2020-03-18,Http-Chief,2020/05/25,Not necessarily
2020-03-18,Bates2725,2020/05/25,"Hi, I've sent you my address, I'm wondering if you've had any joy yet? I understand current world events might be keeping you out of the office at the moment !"
2020-03-18,walldoor78,2020/05/25,Yo send the link tho
2020-03-18,cozeners,2020/05/25,"[On their page](https://www.mlb.com/live-stream-games/subscribe) it says under ""Full Game Archives"":

&gt; Watch full game archives of 2020 games with no local or national blackout restrictions.

But no mention of previous years. So I'm not sure. You'd think they would mention that as a selling point if it went far back, no?"
2020-03-18,nmsims,2020/05/25,Why further medical assistance? Why not just medical assistance? Please further explain.
2020-03-18,DorgeGorn,2020/05/25,"That makes sense. Do you have any recommendations on where to start? Like, what label does the best collections, if that's a thing, or even specific collections you already know are good. I'm beginning so I'm not looking for anything obscure, stuff like Beethoven, Mozart, Vivaldi.. Also how do you discover what specific recordings you want, is it reviews on some website? Thanks for the answer btw, I only just saw the post was a week old haha"
2020-03-18,texansfan,2020/05/25,I was just thinking about how that was one of my favorite nuggets from rewatching the show. That man loves what he does and that’s a beautiful thing.
2020-03-18,planethaley,2020/05/25," NTA

Super close to ESH, but oI wow. He took it too far for me to put you in his level. I mean, it even seems like a lot of people were thinking what you thought, given the lack of applause at his statement of being a grandfather that age. (I’m “only” 30, and am appalled at the idea of being a grandparent next year!)"
2020-03-18,infp_oet,2020/05/25,Cheers for the link!
2020-03-18,Fuckfacerat,2020/05/25,I wouldn’t expect much else from the “chief medical officer” of some private business. Are people only now realizing that HR and roles like the “Chief medical officer” aren’t there to protect employee health and wellness but protect the business and shareholders from anything that might look bad on those P&amp;L sheets?
2020-03-18,Blankeyjackson,2020/05/25,visited it and now i really wanna go there. i had no intention to go before hand :///
2020-03-18,Vote_CE,2020/05/25,"That was a pretty round about way of saying no lol.

There is a reason all these countries adopted the use of a central banking system in the first place."
2020-03-18,Friendly_Chemical,2020/05/25,You have every right to feel superior about bathroom doors.You can’t tell me anyone actually appreciates those 20cm gaps
2020-03-18,gretchenjohnson2,2020/05/25,Can you share the recipe?
2020-03-18,Resse811,2020/05/25,We did. We pulled up all the centipede sod after a year and replaced it with Bermuda.
2020-03-18,BasedKaleb,2020/05/25,I dislike this idea.
2020-03-18,ToWhomCreditBelongs,2020/05/25,"I’m aware, I’m just surprised that none have encountered the same problems in their games on the GEM and sought to fix them."
2020-03-18,redpoemage,2020/05/25,And Florida called for Biden in 3...2...1..now.
2020-03-18,RickyGolden,2020/05/25,"Question regarding eviction.

&amp;#x200B;

I am not a regular feed watcher. Now one guy has been removed due to last night's controversy. Will this eviction will still happen? 

&amp;#x200B;

I think they should cancel it since once house guest is already evicted this week"
2020-03-18,misterowen,2020/05/25,"Don’t know how it compares size wise to the Ghost but I use the North Face Kaban Transit backpack for my Ghost S1


https://www.backpacks.com/the-north-face-kaban-transit-tnf-black"
2020-03-18,roder60,2020/05/25,"Truthfully, a squeeze water bottle is a viable backup plan. Not what you are most likely used to, but will do the job"
2020-03-18,fitblubber,2020/05/25,"They need to do more with aged-care homes.

They are the ones who are most vulnerable

**All aged-care homes should be on full quarantine &amp; their staff should be as well**"
2020-03-18,Arsnicthegreat,2020/05/25,"I can imagine, yellow looks *really* good on darker skin tones. Lighter reds too. 

There was a guy I saw on campus last week with really dark skin, wearing a pair of boat shoes in a light cognac colored leather. It looked *extremely* good on him."
2020-03-18,Bird-The-Word,2020/05/25,"Oh whoa whoa whoa, he's right. Obviously a HS WR has better roster suggestions than the coaches. Don't doubt this man's knowledge."
2020-03-18,zachlowry,2020/05/25,"I have this jacket and love it, it replaced an older field jacket I had from Gap that was many years old. Great buy, wear it all the time."
2020-03-18,7asm0,2020/05/25,OMG you two are the cutest couple ever! &lt;3
2020-03-18,binger5,2020/05/25,But why male models???
2020-03-18,starcat119,2020/05/25,"We're in tough times my man, tough times 🔫"
2020-03-18,robp34,2020/05/25,Exactly anyone who advocates for it before it gets passed has helped it get passed
2020-03-18,Liar_tuck,2020/05/25,The wife and I have a stationary bike at home. But it's just not the same thing.
2020-03-18,PoliticsModeratorBot,2020/05/25,"Hi `ActofEncouragement`. Thank you for participating in /r/Politics. However, your submission has been removed for the following reason:

* Already Submitted: This article has been submitted to /r/politics within the last three days:

https://redd.it/fkcblh

I'm a bot and sometimes I make mistakes. If you have any questions about this removal, please feel free to [message the moderators.](https://www.reddit.com/message/compose?to=/r/politics&amp;subject=Question regarding the removal of this submission by /u/ActofEncouragement&amp;message=I have a question regarding the removal of this [submission.](https://www.reddit.com/r/politics/comments/fkfv8v/coronavirus_now_in_all_50_states_as_death_toll/\))"
2020-03-18,charlie_bit_my_finge,2020/05/25,Check rankt or r/churningreferral. Good luck!
2020-03-18,MightiestChewbacca,2020/05/25,"""Never has so much money from so many taxpayers been sent as stimulus by so few geniuses to so few donors"""
2020-03-18,Smeal_GradStudent,2020/05/25,"There are two free streaming website with the PSU library. Both have really good movies actually! Check out SWANK and Kanopy!

 [https://www.kanopy.com/](https://www.kanopy.com/) 

 [https://libraries.psu.edu/databases/psu01876](https://libraries.psu.edu/databases/psu01876) 

 [https://libraries.psu.edu/about/libraries/arts-and-humanities-library/swank-motion-pictures-digital-campus](https://libraries.psu.edu/about/libraries/arts-and-humanities-library/swank-motion-pictures-digital-campus) 

Kanopy is also available via the local State College library. Overdrive has free ebooks!"
2020-03-18,kitesinskieslikepies,2020/05/25,Yeah that blood will sure come in handy one of these days for something or another
2020-03-18,cocaacolee,2020/05/25,"If you suck at combos then v3 is the way to go, his command grab is great"
2020-03-18,bigchompybirdhunting,2020/05/25,"how the fuck am i politicizing a crisis lol he asked about m4a first

italy will probably literally be doing better than us in like 1 month"
2020-03-18,Spiderpenguin_2020,2020/05/25,Happy cake day!
2020-03-18,p_p_tickleson,2020/05/25,Suggestion to husband: be Rob Lowe.
2020-03-18,jmlinden7,2020/05/25,"Well no, we don't know when this picture was taken"
2020-03-18,article10ECHR,2020/05/25,"After yesterday's Xbox Series X hardware reveal (RTX 2080 level performance, see https://youtube.com/watch?v=qcY4nRHapmE) the PS5 better include VR in the box or some other revolution, or it's going to be DoA. 

Also considering the fact that Sony is censoring more and more with the counterintuitive result that *the Xbox One had the most authentic versions of some Japanese developed games* like Devil May Cry: https://slashdot.org/story/354716"
2020-03-18,The-truth-hurts1,2020/05/25,"and ""Ambitious"""
2020-03-18,Here4thepopcorn25,2020/05/25,That southern Italian accent is so strong
2020-03-18,itsjusbruh,2020/05/25,if he’s already made there’s nothing you can do. gatorade workouts can increase vert and speed +3 as far as the paint 7’3s are usually too big to get pushed around so maybe your strength is a bit low
2020-03-18,SplaffyMinge,2020/05/25,"Yeah that's what I've spent the most time on, so a lot of that language is muscle memory by now"
2020-03-18,davis214512,2020/05/25,I’d make you cum a few times.
2020-03-18,holadoladingdong,2020/05/25,"Yeah, glass can take a lot of abuse, but not being thrown on the concrete floor.  Wooden crates, blocker bars on the shelf edge, ...  Hard lesson, but weird stuff happens when the earth literally moves under our feet."
2020-03-18,ringelrun,2020/05/25,He is the human* equivalent of professional wrestling. His supporters are that dude from that video sitting in the stands crying because [Its real to ME!] (https://www.youtube.com/watch?v=jKECiyIsq3I)
2020-03-18,SkepticalKoala,2020/05/25,"I'll have a face full of chrome spray paint, driving through the salt flats with a blood bag strapped to the front of my VW"
2020-03-18,caramelpies,2020/05/25,In that case make it two Corvettes
2020-03-18,TheOwly,2020/05/25,"Well, I know what Dane and Roffle are gonna be doing tonight."
2020-03-18,DameFromDeep,2020/05/25,Start with the starter conquest and US conquest map then progress to Battle Royale and ranked seasons
2020-03-18,azntitanik,2020/05/25,"you send me runestone , i'll send you extravaganza energy gifts? Deal? I'm TitanikMagik. I added both code, feel free to remove if you don't like this"
2020-03-18,-stoha-,2020/05/25,Anyone else relates to this boii?
2020-03-18,thomoz,2020/05/25,"Too many raise their debt when their income goes up. A raise gets spent on a pricey car with pricey maintenance costs, so nothing gets set aside. I see it all the time."
2020-03-18,treelawna2,2020/05/25,"I'm no Kushner fan, but this is highly misleading. Oscar Health is an insurance company and they created a testing locator website.  It's just a free webpage. Nothing to see here. 

https://www.snopes.com/fact-check/kushner-oscar-covid/"
2020-03-18,Sinhcroix6,2020/05/25,Same. Division 2. Live chat told me to kick rocks and that they won't even refund or do anything until processing is finished. What processing? Like you have my money and the order says I own the game. Should have bought it on EGS
2020-03-18,CaptainKonrad,2020/05/25,For sure. Maybe adult your style a lil more? You def don’t look 22
2020-03-18,recuise,2020/05/25,Fucking hell. I'm starting to get sick of my own country.
2020-03-18,bunsNT,2020/05/25,"My answer to why America is so great is many fold:

1. The ability to criticize the government is so ingrained into us that we take it as a national past time. This is a double edged sword but, I believe, has lead the country, which consists of several groups of people who anywhere else in the world would be at each other's throats, to look at any large government program with skepticism. This attitude typically requites major changes to be slow-walked. I'm watching a documentary about the protesters in HK right now. If they woke up in the United States, they would be shocked by how much they were legally allowed to critiqued the government. 
2. We have an extremely powerful military that can toe to toe with any other country in the world. While I wish that we spent less money on the military at this point (and did a better job of tracking their spending), I firmly believe that if there was a country that wanted war with the US (conventional) they would probably find an alternative very quickly.
3. We have the best university system in the world, despite what you may have heard. Students have the freedom to follow their own path and can study virtually any subject. 
4. There are many poor people in the United States and if you believed the nightly news, there are only two types of people, destitute single mothers who can't support themselves and rich bankers who got their money through graft and dishonesty. That's bullshit. There is a very large population of highly educated people who make decent money and are neither of these things. I'm 36 and make over six figures. I have a masters degree and am not particularly smart, I just studied hard and take my work seriously. I realize this is not unique to the United States but I think there is a larger ""middle"" than people realize. 

I find your description frustrating because it is very simplistic. Many people who are against higher taxes are not against it because we are evil; it's because we feel that the government is either a). incompetent b). crooked or c). a combination of a and b. Small government people will argue that, if you have laws in place to hold companies accountable, many companies can do the work that we would normally give a monopoly of to the government. In that way, you are taking away the choice of people. 

All Nordic countries, to some degree, have a social contract that they agree to. This works, in part, because your countries have populations that are, in some cases, *smaller* than midsize cities in the United States. I'm guessing that once a population reaches a certain size, the spectrum of political opinions expands greatly."
2020-03-18,NickInChina82,2020/05/25,"[https://www.worldometers.info/coronavirus/country/south-korea/](https://www.worldometers.info/coronavirus/country/south-korea/)

scroll down to daily new cases...South Korea are looking in good shape"
