subreddit,author,date,post
2020-02-16,hahaha_yes,2020/05/25,crazy to think i'd look like that if I cut down to 155
2020-02-16,BiggieCheese62,2020/05/25,I can feel this picture :(
2020-02-16,mudman13,2020/05/25,"Us: Help! We are being impoverished by our *leaders*, come save us!

Aliens: hmm the virus speaks"
2020-02-16,technobaboo,2020/05/25,"I don't think the first one was the case, and I'm not going to announce progress until I have a video to show off."
2020-02-16,somebodywhoateapie,2020/05/25,"Yeah, I know that babies ""extra"" bones are just bones that haven't fused together yet. I was considering putting it in quotation marks in my comment."
2020-02-16,Robholmes05,2020/05/25,Did I not auto correct whet I sent? You sound like a biitch. Suck it up and be a damn man
2020-02-16,DancesCloseToTheFire,2020/05/25,"Did you play the old games? Because that style of architecture is featured in several of the cutscenes and stills of the cities. Even the Oil Rig, Cathedral, etc fit this to a T."
2020-02-16,UnrivaledSupaHottie,2020/05/25,"&gt; Maybe Kurt can seems like a ""shithead"" but he's just one of the few that prefers to say what he think against this trash company and the community needs as many as possible like him, or FIFA is just going to be worst and worst every year...

amusing how being a dick about things is a reasonable solution instead of stopping to buy the game"
2020-02-16,boiledpeanuts000,2020/05/25,"&gt; The % of white people very slowly getting lower in the US is not an attack in any way

im not saying its an attack, but im saying its happening. and im saying just do nothing about it if it happens to adversely affect them. and like my post stated, im talking about most of the middle class"
2020-02-16,DSLog,2020/05/25,Is she really putting her comfort over both of you guys? Honestly this promotion will give both of you guys benefits like for example more money to spend but also open up a large array of opportunities for both of you
2020-02-16,PlungedFiddle46,2020/05/25,Ive got 6+ min planks... just imagine how long that felt
2020-02-16,Nunchuckz007,2020/05/25,"Bloomber is just the media darling, voters dont want him. Media are now trying to convince us that a sanders nomination will lead to less turnout and hurt senate and rep candidates. Bullshit."
2020-02-16,smellofwarmsummerair,2020/05/25,Good on you for getting yourself help.  And good on you for doing all that you could today.  Celebrate today as a success...all because of you!
2020-02-16,J00MA,2020/05/25,Shogun and Johnnyboi
2020-02-16,ShockHeart,2020/05/25,Seriously?
2020-02-16,Nyx_Antumbra,2020/05/25,Such a good feeling clearing out a banner with extra to spare.
2020-02-16,ermagawd,2020/05/25,"Yeah they are the worst. They're the ones that started the whole 'Wacko Jacko' thing, which REALLY bothered MJ."
2020-02-16,MothsOfSteam,2020/05/25,Apparently threatening to kick someone's balls into their throat isn't always a threat
2020-02-16,randomsearcher21,2020/05/25,"There is literally no point in reposting the post to the same sub you're taking it from, but ok"
2020-02-16,solidwisdom,2020/05/25,"I also just read your description on the grape recipe and looked at the recipe again, that is very interesting how all those flavours combine to give a grape flavour. Now I defo gotta try this one!"
2020-02-16,Heifzilla,2020/05/25,"As a critical care vet tech, I will say that we did isolate away from general population, raw fed dogs/cats, and had to wear disposable gowns and gloves when handling them.  My clinic also wouldn’t allow the animal to continue on the raw diet while hospitalized.  I worked at a very large, well respected specialty hospital.  These types of precautions are common.  We did not charge extra, however."
2020-02-16,Goku_Jerome,2020/05/25,I also found increasing camber angle helps make the car more slippery in the corners. I still can’t get the right balance between too much and too little angle though
2020-02-16,HonedProcrastination,2020/05/25,"Good new is at least MLB the Show will not be a PS4 exclusive (I think not this, but next season)."
2020-02-16,mebeast227,2020/05/25,"Free packs or purchased? Sorry, just curious because I have zero heirlooms and spent $100 on packs. Feelsbadman"
2020-02-16,machimus,2020/05/25,They did for the ACA didn’t they?  Only key parts of the ACA were crippled by the GOP otherwise we’d basically already have Medicare for all already.
2020-02-16,Penumbra_Penguin,2020/05/25,"Soulkeeper gives the ability to the Taliga. So imagine that the Taliga had ""**Destroyed**: Destroy the most powerful enemy creature"". It would destroy your most powerful creature, right, not theirs?

That's what happens."
2020-02-16,charmingtaintman51,2020/05/25,"Nice!! Just ordered the glass wpa for the Argo, I had been using a silicone multi use one but it wasn’t the best fit. How does it hit?"
2020-02-16,Mobach,2020/05/25,What a plip
2020-02-16,SquareBear74,2020/05/25,Learn first aid and stock up on the necessary supplies.
2020-02-16,pececita,2020/05/25,"Same here, the moment I accepted myself and my shape, my mental health started to get better. It was such a relief when I decided to stop fighting against my body and treat myself with respect and affection. Suddenly everything got calm and I could focus on what I really needed."
2020-02-16,bjohnson239,2020/05/25,The whole Orlando market
2020-02-16,Magic_fishXMan8,2020/05/25,This hottie is just chilling
2020-02-16,fear_the_gecko,2020/05/25,"You also gotta realize that these people have just had a large unexpected expense to get their car back....

In 2007, I was dating a girl in Manhattan while I lived outside of NYC. I spent President's Day weekend at her place (holy shit, this story took place exactly 13 years ago tomorrow) which was in upper Manhattan. 

I parked my car on the corner and went to her apartment and went to bed. I woke up and my car was missing. My first thought was that it was stolen, since it was a bad neighborhood and I had out of state plates on my car. Note: my license plate was actually stolen off it a few months later and I had to explain to the cops that I wasn't involved in a bank robbery outside of Atlanta. 

Anyway, the first thing I did was report it stolen. The police will not take a report for that until 24 hours after the car has been missing because chances are that it was towed. The car *had* been towed. There was a ""no parking"" sign that had been ripped down and the tow truck driver would sit across the street and wait until 7am when he could legally tow cars. 

It cost me about $300, plus the day of work that I missed waiting for the impound lot to open the following day, plus the taxi fare going back and forth across Manhattan trying to find where my car was. 

It's bullshit, yes, but when I moved in a few months later, I made sure that I never parked on that corner again."
2020-02-16,ricochetLN,2020/05/25,Successful transaction with u/alex3hawk. u/DCSbot
2020-02-16,camburger420,2020/05/25,Credit racist Freddy on instagram
2020-02-16,socialsponge2,2020/05/25,When you kissed your brother on a dare your friends thought it was funny but 7 months and an HPV scare later and they’re all concerned that you’re not just bloated.
2020-02-16,Bensont12,2020/05/25,"Don’t know what to tell you man if you have the ability I’d use a different kicker if it allows you to keep your 50/50 Steelers, but I understand if you want it to be an authentic theme team"
2020-02-16,darkmemnarch,2020/05/25,Mainly because of Zihi. 7 mana is a lot easier to cast than 10 is.
2020-02-16,luvdupleper,2020/05/25,*runs to the hills*
2020-02-16,LunaWynn,2020/05/25,I could use help with several things tbh😅
2020-02-16,NibbaYeet,2020/05/25,"If the arm was cut off recently then I would think so, but I wouldn't think that the medusa cares whether it is attached to someone or not, just as long as it's organic. It's complete sci-fi though and it's not been stated how the petrification works, so that's just my guess."
2020-02-16,CocaineAccent,2020/05/25,"So after every event you wipe the slate and expect to keep receiving the same level of charity and if they do not deliver, it's REEEEEing time?

Where does it say that Cygames owes it to you to give a quota of free shit EVERY event?"
2020-02-16,nictrain,2020/05/25,"I'm gonna go ahead and say NAH just because we don't really know the husband's intentions. He could be watching her at work just because he's bored and can't think of anything else more entertaining to do. Also, he's not self-aware enough to realize that it makes his other coworkers uncomfortable. Sometimes it's enough to just bring it up to him so he can self-reflect.

I suggest not going over his head by talking to his wife or HR before talking to him first. I think you should give him a chance to give his side of the story, tell him that it's making others uncomfortable and ask him if his wife knows. If he sounds super creepy about it or flat out refuses, then I think it's appropriate to go to his wife or HR."
2020-02-16,AutoModerator,2020/05/25,"Hello, u/CactusKing66 and thank you for submitting to r/antimeme! An antimeme can have several definitions, so here's a couple:

1. An image that looks like a meme but has no joke or punchline

2. A meme template that is taken literally, therefore removing its intended comedic purpose

[Here is a guide on what is and is not an antimeme](https://www.reddit.com/r/antimeme/comments/eatqu4/a_guide_of_what_to_post/). An antimeme is NOT r/boneachingjuice or r/speedoflobsters. Those types of memes belong on their own subs.

Users, if this post, *Haha we get it, you know wordplay*, is an antimeme, upvote this comment. If it's not, downvote this comment and **report** the post.


*I am a bot, and this action was performed automatically. Please [contact the moderators of this subreddit](/message/compose/?to=/r/antimeme) if you have any questions or concerns.*"
2020-02-16,biggio1,2020/05/25,Zero reason you are willing to accept. Every outcome has a reason. It only requires an open mind.
2020-02-16,fuccboi33,2020/05/25,No I was just asking about the size...not gonna buy that precise one:)
2020-02-16,MyNameIsJeffrey77,2020/05/25,So you agree with me?
2020-02-16,WindLane,2020/05/25,"The team is still good and he plays good defense.

Who cares whether they talk about him or not?"
2020-02-16,Spellscribe,2020/05/25,"Edit what you write. 

As long as you're reading a bunch, you'll get better at seeing what works, what doesn't, and why. By editing your work (and also critiquing others) you're examining and learning from your mistakes and proficiencies."
2020-02-16,Nulono,2020/05/25,"Actually, no, the question was what you think about people _having_ deal-breakers."
2020-02-16,Windowartkitcom,2020/05/25,Fuck I love those!🇨🇦 NO wonder they call you king john!
2020-02-16,tanisray55,2020/05/25,The only bad thing around here is that there’s almost virtually nothing to do. It also gets cold outta nowhere and stays that way till April/May.
2020-02-16,Kant808,2020/05/25,"Just block these dudes, they're literally everywhere"
2020-02-16,lazylowerlip2,2020/05/25,"Gators, Snakes and big ole nasty spiders live in swamps."
2020-02-16,therapistofdogs,2020/05/25,I can’t stand on dxm
2020-02-16,Not_Fully_Awake,2020/05/25,Mike Bloomberg has over 22 times as much money as Oprah ($61.8 billion and $2.8 billion.)
2020-02-16,NameIsBird,2020/05/25,I was high during this and it didn’t help
2020-02-16,CS_McFisticuffs_III,2020/05/25,But it also assumes she will be speaker next year.
2020-02-16,EttRedditTroll,2020/05/25,"Just like there are feminine and masculine gay men, there are feminine and masculine submissive men. None of it is exclusive."
2020-02-16,Moving4Motion,2020/05/25,"I get that this is an AMD sub and yeah we all like AMD, but this cpu was not phenomenal in any way."
2020-02-16,Ayr909,2020/05/25,From Delhi 6? Bollywood does use folk songs or rather non-standard Hindi/Urdu every now and then to add a bit of variety.
2020-02-16,APUsilicon,2020/05/25,It's rare but this chapter had me in tears!
2020-02-16,MoonPadUSer,2020/05/25,1:30 minute unskipable ad enters the room
2020-02-16,NotBeth,2020/05/25,Nope
2020-02-16,AutoModerator,2020/05/25,"⚠️**Warning**⚠️ **/u/rachelxxxsnap** is not verfied here. Do not work with unverified users as they are often scammers.


*I am a bot, and this action was performed automatically. Please [contact the moderators of this subreddit](/message/compose/?to=/r/Sexsells) if you have any questions or concerns.*"
2020-02-16,Luckyhimself,2020/05/25,Buffalo Bill season or maybe a real american serial killer season.
2020-02-16,NUTSACKGoodbye,2020/05/25,I am one of you still play games but just less
2020-02-16,Cubics_106,2020/05/25,"I know it’s for xbox, but would the code actually work on PS4 too?"
2020-02-16,Natey248,2020/05/25,I will lose it
2020-02-16,Wintertime13,2020/05/25,I hope you’re right.
2020-02-16,vlogsquad2020,2020/05/25,"Celebrite is the only approved method of data transfer for cell phones, step into the SDR and take this write up."
2020-02-16,MarbleTheNeaMain,2020/05/25,"&gt; We might have killers below average size in future so i wouldnt say no to chucky

Dude he is literally the size of a survivors ankle"
2020-02-16,arnoldmcshuffleberry,2020/05/25,Bohemian Trapsody*
2020-02-16,CritikillNick,2020/05/25,Monsters taste like garbage in a can
2020-02-16,_waxy_,2020/05/25,"If somebody like Pete wins the primaries fair and square, much as I hate him, I'll still vote for him over Trump. Bloomberg? I am going to stay home or I'll vote third party. Never. I will *never* vote for that. I will let the country collapse before I vote for fucking Bloomberg. 

Likewise if we get to a brokered convention and they go against the majority of voters I won't vote for whoever the fuck they put up out of spite. I'm not going to reward a political party for spitting in its voters' faces."
2020-02-16,Hovamania,2020/05/25,Because the mods here are worthless
2020-02-16,AutoModerator,2020/05/25,"This post has been removed due to improper title tagging.

Due to Automod restrictions, all posts are required to have a tag in the title. Please resubmit your post beginning with one of the most relevant [] bracketed words in the title. For more information please see the [post types and flairs page.](https://www.reddit.com/r/streetwear/wiki/rules/flairs)

*I am a bot, and this action was performed automatically. Please [contact the moderators of this subreddit](/message/compose/?to=/r/streetwear) if you have any questions or concerns.*"
2020-02-16,AceOrigins,2020/05/25,na just perfect for your waist
2020-02-16,sxtsuma,2020/05/25,Big chad move good sir👑
2020-02-16,haynesss23,2020/05/25,"They made a k drama out of this manga, its on Netflix"
2020-02-16,mattarchist_yt,2020/05/25,[Check out what I just found!](https://coinauctionshelp.com/page16.html#.XkiF0FNOnqs)
2020-02-16,Bumblewurth,2020/05/25,"You raise taxes to dampen aggregate demand and raise interest rates to slow down monetary velocity. Duh. 

When is that? Who fucking knows. Japan is at 200% debt to GDP ratio without inflation and it's still chugging along. Whatever productive capacity actually is, AD isn't hitting it yet."
2020-02-16,Cyberpunk2077PR,2020/05/25,it was not easy xD
2020-02-16,piouslyperverted,2020/05/25,You won't have to worry about the bad handjob as much if you're moving up to sex.
2020-02-16,waxmysack,2020/05/25,"Even just water tastes gross out of a plastic bottle, IMO. I don't have a sensitive or sophisticated palette or anything, but plastic obviously has a taste to it that seeps into whatever is inside."
2020-02-16,ThesAndman6672,2020/05/25,"Get a bond bracelet... my little I'm about to kill because she loves annoying me, but it always makes me smile"
