subreddit,author,date,post
2020-02-09,Dianne_Bell,2020/05/25,convicinity
2020-02-09,Blupufferfish,2020/05/25,"I don't think we should look at Wagstaff as a projection in modern standpoints but moreso as a ""projection"". We don't know what that technically means but I agree that he is not simply a vision considering his reactions to the world of ds. Also the rules of the constant are a little fuzzy so it could just be that his mind in the state of the constant works as a semi projection/conduit for himself to be in the world."
2020-02-09,Bubblygutts,2020/05/25,"With pete announcing victory at 0% reporting, problems with shadow/acronym app, weird coin tosses favoring pete... what else.... reporting 62% for a week... 
anycase, we dont believe you iowa democratic party. Yall shot yourselves in the foot and we all laughed."
2020-02-09,brave_00,2020/05/25,It’s for hair loss. More related to this sub than those but I will post there as well. Only source there was science.bio also sold sarms so it’s kind of related.
2020-02-09,RAS-Gizmo,2020/05/25,It was only gold and silvers and I’m saying that the clip he posted wasn’t me
2020-02-09,Ofermann,2020/05/25,Came up with about 13 senior players. We came up with a team of senior players and loanees. This time last year we were mid-table then we went on a mad 10 game winning streak to clinch play-offs. We were always going to have to spend big. It we finish this season 17th with just 1 point above the drop it will have been a success. This season is purely about survival.
2020-02-09,Steven_Corbett,2020/05/25,electrifyingly
2020-02-09,RepostSleuthBot,2020/05/25,"Looks like a repost. I've seen this image 10 times. 

First seen [Here](https://redd.it/dr4563) on 2019-11-03 90.62% match. Last seen [Here](https://redd.it/eash06) on 2019-12-15 90.62% match 

**Searched Images:** 99,202,157 | **Indexed Posts:** 402,153,650 | **Search Time:** 4.92963s 

*Feedback? Hate? Visit r/repostsleuthbot - I'm not perfect, but you can help. Report [ [False Positive](https://www.reddit.com/message/compose/?to=RepostSleuthBot&amp;subject=False%20Positive&amp;message={""post_id"": ""f0xr8b"", ""meme_template"": null}) ]*"
2020-02-09,pennypacker_mining,2020/05/25,"I'll be honest, the impression that I get from the post is that either a) UBC doesn't have a very strong program in comp sci; or b) something about the nature of comp sci is such that whatever Bowman says in this post cannot be generalized to other programs. Or c) he is not being full honest either to himself or to you.

Here's the crucial quote:

&gt;For the rest of the applications for which the answer is ""\[yes, they understand that they need to have an area of research interest in order to be considered for our program\]"", they passed the single biggest filter. Pile 1 is in the hundreds, while pile 2 is in the tens.

As for (a) and (b)-

He is claiming that less than 1/3 of his applicants, and possibly no more than just a couple dozen *total people,* even understand what it is they are applying to. This suggests to me that very few competent people even want to apply to his program. Or maybe not, and it's just something strange about comp sci. Whatever it is, this has nothing to do with applying to strong programs in other fields. 

As for (c) -

Alternatively, he may not have considered that the people whom he rejects because they seem either to be looking for a 'course masters' or not to have an established research interest may in fact just be the poor applicants. It is easy to see how someone who does not have an adequate grasp of active research areas can come across to a particularly charitable interpreter as someone who 'doesn't have a clear research interest' rather than 'someone who doesn't understand what is going on'. If I say something like 'I want to understand the importance of Turing's halting problem for the decidability of first-order predicate logic', I may come across to a charitable interpreter as being more interested in the history of computation than in current research. When in fact, in such a case, I am probably someone who simply doesn't get how the halting problem is a way of showing that first-order predicate logic is undecidable - and, hence, a weak student.

Forgive me if that example is remote from what people in comp sci departments are currently doing; I'm a philosopher and my exposure to computation theory has mainly to do with what logicians like Turing were doing in the thirties and forties."
2020-02-09,Rpanich,2020/05/25,I think the medical term is “slack jawed ninitis”
2020-02-09,MRBloop3r,2020/05/25,yeah it's lemmy from motorhead
2020-02-09,Oucid,2020/05/25,"Lamp isn’t necessary if there’s ambient light! Not necessary to have the thank lights on, i never turn one of my tank lights on because its all silk anyway and next to another tank and a window. 

Getting a small heater, silk plants, and getting a gravel vac and doing partial water changes every day or every other day at least would hopefully help. :( not much you can do in a bowl"
2020-02-09,livewire112,2020/05/25,searching
2020-02-09,Makkaah,2020/05/25,TL cosplaying my 4am ARAM games
2020-02-09,PM_ME_UR_REDPANDAS,2020/05/25,"I personally use 1Password which gives you web access and a recovery key in addition to the app itself. That’s besides the master password to the app, which of course should be a strong one, but one you can remember.

I don’t know the particulars to other password managers, but I would imagine they would have similar mechanisms in case a device is lost or stolen, etc."
2020-02-09,ClaireBear1123,2020/05/25,If we could have just had 2 min of Joel Berry to end games this year we would have won like 5 more games lol
2020-02-09,Steven_Corbett,2020/05/25,interjacency
2020-02-09,-Uniquely-Generic-,2020/05/25,"Well, paper beats stone.

*cue Stone Cold Steve Austin’s music*"
2020-02-09,Alexpander4,2020/05/25,All those female characters and only one's been the main character in a film.
2020-02-09,Louie_Bustos,2020/05/25,chemopsychiatry
2020-02-09,ShatteringLast,2020/05/25,Yo this Houston QB is kind of electrifying
2020-02-09,FancyPants096,2020/05/25,"Huh.. well that sucks. Just so you know, you can turn that off in the settings under ""ambient mode"" in the home app."
2020-02-09,lilstoner42O,2020/05/25,"As a girlfriend I wouldn’t be super thrilled about it either... but at the same time that was something that was a big part of your life for 10 years. You’re allowed to have things from your past and you’re allowed to have tried to cover it up once and decide that was enough. Your body, your choice goes for anyone. (And doesn’t laser removal of tattoos like... really hurt??) NTA"
2020-02-09,PieYet91,2020/05/25,I love this guy in shawshank
2020-02-09,borninbayou,2020/05/25,This is absolutely incredible
