subreddit,author,date,post
2020-03-20,babyy0daa,2020/05/25,thank you!
2020-03-20,GoldenCanadian,2020/05/25,yee pree much u/JustBarbarian10
2020-03-20,jpgmike,2020/05/25,I wonder if they justified this with the videos that circulated around with Kyle making a threat earlier in the game... Twitter really got him evicted lol asklfjasklf
2020-03-20,PalpableEnnui,2020/05/25,Are you unclear on how this works? You gonna whine to science?
2020-03-20,FlagstoneSpin,2020/05/25,Nice Quelling Blade fix. Had some really annoying behavior when I discovered my melee unit would walk halfway across the map to hunt down that pesky summon.
2020-03-20,erumi321,2020/05/25,"Do you have the game object with the animator selected in your hierarchy? Otherwise I don't know, sorry."
2020-03-20,MusicHitsImFine,2020/05/25,J.K. Rowling is really damn pretty holy shit
2020-03-20,AutoModerator,2020/05/25,"***READ THIS WHOLE POST BEFORE YOU SEND SOMETHING TO MODMAIL***

Your post has been automatically removed because you did not include one of the required title tags.

There is a List of availiable tags on the submission page, please check it.
If this is removal was a mistake, feel free to message the mods [here](https://www.reddit.com/message/compose?to=%2Fr%2Ffalloutshelter)
Please read [this](https://www.reddit.com/r/falloutshelter/comments/8ku2rd/how_to_add_title_tags_to_posts/) post to learn how to make a title tag. Keep in mind, title tags are ***NOT*** flairs.


*I am a bot, and this action was performed automatically. Please [contact the moderators of this subreddit](/message/compose/?to=/r/falloutshelter) if you have any questions or concerns.*"
2020-03-20,raindomizetboi,2020/05/25,No I really don’t understand sorry
2020-03-20,peculiar_union_ring,2020/05/25,"Learn from my mistake, don't give in to your curiosity. I'm gonna go make use of that r/eyebleach link before I vomit my stomach up."
2020-03-20,peachykeen102,2020/05/25,"Getting more sleep!

No more hours of commuting by bus every day to get to school and back!

Getting beer from a local brewery delivered to my door is the best self care!"
2020-03-20,red-it,2020/05/25,The French used to have a solution back in the 1800's.
2020-03-20,claireolson23,2020/05/25,Hahaha try working both 😅😅😅 I’m fuckeddddd
2020-03-20,Desmater,2020/05/25,"You know that oil is used for petrochemicals, plastics and other things."
2020-03-20,rosewoodbriar,2020/05/25,"Oh man! These were some of the first episodes I watched when I first discovered them, and they're still some of my favorites, to this day."
2020-03-20,ginandcherrypie,2020/05/25,There needs to be a store downtown. Canna Cabana is far east end. Hello Cannabis is in Dundas. This new place is in Stoney Creek. All of which are a pretty good trek for me when I live downtown.
2020-03-20,scottyLogJobs,2020/05/25,Yeah but do we have any idea what this program even did? My first thought was that a supercomputer isn’t worth much of you have a dickhead like me writing the programs...
2020-03-20,patb2015,2020/05/25,"https://en.wikipedia.org/wiki/BP#1979_to_1997

""The British government sold 80 million shares of BP at $7.58 in 1979 as part of Thatcher-era privatisation. This sale represented slightly more than 5% of BP's total shares and reduced the government's ownership of the company to 46%.[64] After the worldwide stock market crash on 19 October 1987, Prime Minister Margaret Thatcher initiated the sale of an additional GBP7.5 billion ($12.2 billion) of BP shares at 333 pence, representing the government's remaining 31% stake in the company""

Funny thing about a fact, it remains a fact despite what some POS troll ever says."
2020-03-20,CZTachyonsVN,2020/05/25,What about me? It was her idea first but that's besides the point. Shouldn't both of us be equal? And we both completely trust each other anyway.
2020-03-20,G65434-2_II,2020/05/25,Don't forget to add a wholesome amount of shredded cheese on top before popping the casserole in the oven.
2020-03-20,mjf10wrs,2020/05/25,"looks kinda yummy to be honest ... and is for free. idk, to me it seems like a win/win."
2020-03-20,GoChaca,2020/05/25,Do you have Effluvvia (sp) resistance? Get that to 3 and it makes him a lot easier.
2020-03-20,CptCoatrack,2020/05/25,"Apparently the amount of work the vast majority of us do is just what's expected of us, but if the Queen so much as lifts a finger (or in this case has her PR peope write a generic uninspiring letter) we must all be reminded of the great *sacrifice* she is making."
2020-03-20,KickItOpen_Bot,2020/05/25,"You used the item 'Bi-sickle' and did 6 extra Curse damage.  


| Damage | XP | Gold | 
|--------------------|-----------|-------------| 
| 21 **(CRIT!)** **(WEAK!)** | 11 | 15 |


&gt; You are currently level 11 (19/44).

 &gt; The boss has **166** health remaining!

 &gt; Your Bi-sickle has 18 uses remaining.

 &gt; You are currently **Rank S**! ^(1955 pts)

---

^(Happy St. Patrick's Day! Check your inventory! [Discord](https://discord.gg/MDK2AEw ^))"
2020-03-20,Steph0_0,2020/05/25,Remindme! 12 hours
2020-03-20,noratat,2020/05/25,"Most of the switches are awful for anything but gaming because they lack any kind of tactile feedback combined with excessive travel, not to mention it's tough to find them in ergo layouts without jumping all the way to extreme non-standard setups like the Kinesis.

Browns are supposed to be tactile, but the activation point is mismatched and the response is weak, so in practice it makes little difference.

Blues the only ones I've seen that even come close to being usable, but they're so loud that most people find them incredibly distracting to use for real work, let alone if you need to work in an office with other people.

There's a reason you rarely see professionals use them."
2020-03-20,pw2stock,2020/05/25,There is no better boy!
2020-03-20,HarshTruth69,2020/05/25,"yeah seems like it but I strongly don't want to do the early stuff like diaper changing.. I wouldn't like it or be good at it... I want to focus on building their minds and personality ... I have so much to give that my sons will become amazing and also able to find happiness on their own and if they pursue the path to help humanity become happier, wiser, more compassionate"
2020-03-20,Lynx_123,2020/05/25,Liz!! I love this!
2020-03-20,Yerambe,2020/05/25,"&gt;Do you know what “miraculous” means?

By all means, keep wishing your hardest. Doesn't change reality.

The primary was basically over when Sanders lost Michigan, and after losing Florida any 'miraculous' chance he could have had vanished.

He'll be out of the race by the end of next week."
2020-03-20,tech_whiz,2020/05/25,In 10.3.1 on my 7 Pro gesture nav works with Nova
2020-03-20,AlwaysSeekingChrist,2020/05/25,"Not harsh at all. I'm not sensitive and am very blunt myself. However, you and me as a believer are also only alive by the grace of God too. The same God that sustains them is sustaining believers too. Just wanted to clarify."
2020-03-20,AcX999,2020/05/25,"The thing is, the God of Love talked about how Rentarou would meet his 100 girlfriends in high school and the ""love at first sight"". The ""friend"" is already Rentarou's acquaintance so I don't think it would count."
2020-03-20,thecomicguybook,2020/05/25,"I joined a bunch of rewatches a couple of years ago, I even got a nomination for best /r/anime user for that (it was just 1 user who nominated me, but it felt really nice), I feel so bad that I have kinda stopped doing them. I abandoned the last couple of rewatches I participated in, and I cannot muster up the motivation to start on a new one.

Maybe if there were some kind of an outbreak that meant we all had to stay home for a while I would have time to focus on rewatches... Anyways, I enjoy it way more as a first timer, as a rewatcher accomodating all the new watchers gets in the way of the discussion you want to be having as a rewatcher I think, and watching a show for the first time in a comfortable setting is the main advantage of rewatches I think so I will pick one where I am a first timer for next time."
2020-03-20,13ScarBear,2020/05/25,Kik ScarlettRH for the new video plus custom pics and premade videos
2020-03-20,MaybeAdrian,2020/05/25,Cool. I don't know how to do that things with strings and that stuff. Writing one by one letter or moving the texts like a promo banner.
2020-03-20,Qandyl,2020/05/25,"See now you actually are right for once, I thought it was more micromanagement than it is, instead it's just their old strategy of adding layers of new assets that aren't Integrated properly. I'm still excited for it though, nice last DLC to fill in some blanks the game had before it's retired. Anyway, it's nice to know I'll be on the mind of genuine loser all year, I'll take great glee in watching you flail when the sequel is announced :)"
2020-03-20,nachocheesedinosaur,2020/05/25,"I worked as a ramp agent at a London airport. Obviously flights are massively reduced so I lost my job, and since I was still in my probation they only needed to give me 1 weeks notice, so currently looking for a job and wondering how I’m going to pay rent until I find one.
I was also meant to be getting married next month but am having to postpone the wedding too."
2020-03-20,POWDEREDTOASTMAN119,2020/05/25,You mentioned stocking up on coils. What brand should I get. I read they only last a week or two.
2020-03-20,sgc98,2020/05/25,"The Handmaid's Tale 
Downton Abbey 
The Stranger
Sex Education 
Brooklyn 99"
2020-03-20,diunay_lomay,2020/05/25,"Just believe!!!  It was tough breaking 400 then it sliced like butter.

350 is the next milestone.  The bitch needs to break"
2020-03-20,XmentalX,2020/05/25,Cautiously optimistic.
2020-03-20,Drannion,2020/05/25,"Honestly, I'd love for Doom Slayers armor to be white at the beginning, only for it to turn redder and redder for each kill."
2020-03-20,GusulluGamer,2020/05/25,She looks too cute to be a stripper and the other is the opposite
2020-03-20,maskedgandalf,2020/05/25,Okay this is what i am looking for on this subreddit. This is gorgeous!
2020-03-20,littlesuperherogirl,2020/05/25,I don’t have a speaker but I’ll try it on my phone! Thank you
2020-03-20,AutoModerator,2020/05/25,"Your post has been automatically removed because you cannot make Paypal, non-Rocket League items and Rocket League DLC, or monetary offers/requests as a post. Please refer to [this thread](https://www.reddit.com/r/RocketLeagueExchange/comments/dwb747/30_anything_goes_threads/) in order to do so.

*I am a bot, and this action was performed automatically. Please [contact the moderators of this subreddit](/message/compose/?to=/r/RocketLeagueExchange) if you have any questions or concerns.*"
2020-03-20,LtPseudonym,2020/05/25,Great fucking book. Listened to it on audible in like 3 days (it’s like 21 hours long)
2020-03-20,iwascompromised,2020/05/25,"You know all those events that have been cancelled? Yeah, that’s my career. No tours. No conferences. No trade shows. No annual meetings. Nothing. Zero income. Zero unemployment available because I’m mostly 1099."
2020-03-20,idpeeinherbutt,2020/05/25,Awful lot of critiquing others without defending your stance going on. Curious what you think may may mean.
2020-03-20,MarcusTheGreat,2020/05/25,Ok so currently my dragapult has clear body can i use a ability capsule to change it to cursed body ?
2020-03-20,TacoTBag,2020/05/25,*In Sandy the squirrels voice* Y’all Best Watch What You Say About Texas!
2020-03-20,buyongmafanle,2020/05/25,Every country will install thermal imaging at airports just like Taiwan has.
2020-03-20,LordRandomosity,2020/05/25,Oooooo I like the way you think. Just the idea of Dante and Alucard squabbling makes me smile
2020-03-20,KramaChameleon,2020/05/25,Fuck yeah! I overshot my risk tolerance and got emotional like a little bitch. Let’s see if tomorrow has any volatility to it. Lots of news out.
2020-03-20,wood9010,2020/05/25,She is new to this. Hopefully i can get her there soon
2020-03-20,CustosClavium,2020/05/25,Nakey Jakey is strangely endearing.
2020-03-20,AutoModerator,2020/05/25,"Hey r/memes! Did you hear about the Memonavirus community event?! Check out [the event description here](https://www.reddit.com/r/memes/comments/fky5cz/rmemes_memonavirus_community_event/)!!

*I am a bot, and this action was performed automatically. Please [contact the moderators of this subreddit](/message/compose/?to=/r/memes) if you have any questions or concerns.*"
2020-03-20,fudgeyboombah,2020/05/25,The British know.   They started two opium wars over it.    On purpose.
2020-03-20,TJD985,2020/05/25,There are check my bio
2020-03-20,VegemiteWolverine,2020/05/25,AFAIK they're basically just metal detectors tuned to look for car-sized things
2020-03-20,SnowSnowSnowSnow,2020/05/25,"It didn't make anybody do jack-shit, but I didn't need a Senator to tell me to hunker down nor did anybody else who had their head out of their ass."
2020-03-20,fourthords,2020/05/25,"Could be.  I’m honestly just regurgitating classic *Trek* lore that I learned in halcyon years.  It makes sense, though, even if it turns out to be bollocks."
2020-03-20,ErniePanders,2020/05/25,"A Tea Party of the left is a horrible idea. And AOC is not the kind of congressperson to emulate. And I don't want to listen to anyone who starts off a Twitter thread calling to primary ""centrist"" Democrats."
2020-03-20,SonofaMadman,2020/05/25,Done! Good luck!
2020-03-20,NinjaSnail42,2020/05/25,"This is actually cool. I assumed that they wouldn’t get any new buses for a few years since they just bought a bunch new CNG buses. I made the “Lincoln Bus Tracker” app for iOS and Android, so this is interesting to me....."
2020-03-20,upmo,2020/05/25,"Your post appears formatted incorrectly so was removed. Please repost as one of the following:

* If you're trying share a screenshot or gif please use a ""Link"" post or an ""Image &amp; Video"" post.

* If you're asking for help with an issue please comment in the stickied weekly workshop thread.

* If you're trying to start a discussion please follow rule 5 in the sidebar.

*^[Contact](https://www.reddit.com/message/compose?to=%2Fr%2Funixporn) ^[us](https://www.reddit.com/message/compose?to=%2Fr%2Funixporn) ^if ^our ^bot ^has ^messed ^(up)*"
2020-03-20,SPRVLN,2020/05/25,"And this is why you have no coins.  And likely, money in real life.  You have no concept of the market and value, you goof."
2020-03-20,Ebola_Burrito,2020/05/25,**Long live the swamp.**
2020-03-20,Son0fBam81,2020/05/25,"Andrew started it the other day, and I won't apologize for my actions."
2020-03-20,subtledickjokes,2020/05/25,"I’ve been struggling with jobs since August 2019 and I finally managed to score a good job that I love and pays well.

It was canvassing, knocking on doors for a non-profit and fundraising. Obviously, can’t do face to face contact anymore. I was laid off last Thursday but they made it official this morning."
2020-03-20,RodneyRoller,2020/05/25,Canadians say things like “you have bad healthcare” and “you have bad manner” and it makes us cry
2020-03-20,skwidzbones,2020/05/25,We want to get tested!  We just cant get tested in most states still
2020-03-20,baby--bunny,2020/05/25,"It is frustrating but I get it. My grandmother has always been this way, even with less serious issues. I think part of it is losing loved ones and having less fight in you, part of it is a realistic acceptance of mortality. Not saying high risk populations should be pushing it right now, but I can sympathize!"
2020-03-20,RepostSleuthBot,2020/05/25,"There's a good chance this is unique! I checked 109,778,637 image posts and didn't find a close match

*Feedback? Hate? Visit r/repostsleuthbot - I'm not perfect, but you can help. Report [ [False Negative](https://www.reddit.com/message/compose/?to=RepostSleuthBot&amp;subject=False%20Negative&amp;message={""post_id"": ""fld3kl"", ""meme_template"": null}) ]*"
2020-03-20,WittsandGrit,2020/05/25,Thanks. There's an ask on it at *0.89 x 42*. It never dawned on me that anyone would try to do that.
2020-03-20,Harbinger-One,2020/05/25,I love how she sat down and folded her arms like there wasn't a physical confrontation going on that she was involved in....
2020-03-20,evelbug,2020/05/25,"I'm not a fan of the forums that take the ""If this question was ever asked once in the course of history, we will delete it and yell at you because you should have searched"" aspect.  It's easy to forget what it was like to be new and I would rather put up with some repeat questions and help build up the newbies.  That being said, I like the idea of a unified buying recommendation thread."
2020-03-20,PEK777,2020/05/25,Glad to be working.  My hope is all the “project managers” disappearing without any impact makes everyone realize how much time and money is wasted on these people.
2020-03-20,codeblue142,2020/05/25,"Dude, I used to rip a pipe no problem. Now I'm spoiled and only want my vape. 😂"
2020-03-20,iama3patchproblem,2020/05/25,"Besides the trash removers, the waste water treatment plant workers need our thanks too! Also a shout out to the lab techs (rats) who test the effluent to see if it needs further treatment."
2020-03-20,layeeeeet,2020/05/25,And some Nhicken Cuggets on the side
2020-03-20,Reparian,2020/05/25,Witching hour. My puts will be worthless once the pump comes in so thats why I’ll sell before. Then the pump will allow me to get cheap puts
