subreddit,author,date,post
2020-02-19,chbmckeown,2020/05/25,"I'm not a great singer, currently trying to learn but somehow beginning to appreciate AK's range.."
2020-02-19,CaptBland,2020/05/25,I am glad they changed Bayleaf and Beta Totodile.
2020-02-19,Coyrex1,2020/05/25,It was a little crunchy on that floor. I mean there werent an insane amount but at least 10 pieces of nail on the floor... left that office a few months ago though
2020-02-19,salfromkhanacademy,2020/05/25,I was tempted to walk over and tell him he is an inspiration to me after my buddy beat the crap outa his son lol
2020-02-19,ek83397,2020/05/25,"it ran 2016 at a really good framerate. Now imagine, they ported it which was really hard for them to do. now they are making it from scratch using a really well done engine. itll be at most 30 frames at maybe 720p. ill be suprised at 60 fps"
2020-02-19,Melanholic7,2020/05/25,cannon shot or daggers throw
2020-02-19,DownWithTheShip,2020/05/25,"Definitely. The only reason this guy probably even picked up the blind woman was because he was called. Can't just show up and then leave without picking up, which is why he waited until he was away from the hotel when he kicked her out.


or maybe she just wasn't a nice person and he didn't want to put up with it."
2020-02-19,rolledtacos74,2020/05/25,"I'm 45 and taking my daughter, who is a huge fan, and her 2 friends to her show in April.  They are 14-15.  The only song I know is Mowgli's Road so I've been listening to her other songs.  She reminds me of Kate Bush.  Not really my style musically but I think she's super talented and an empowering and positive female voice."
2020-02-19,Snowy_1503,2020/05/25,Oh my god! Is she ok?
2020-02-19,SquippyTicTac,2020/05/25,best batman cartoon and vocals for the joker
2020-02-19,jaygord34,2020/05/25,"I love my 2 iron, replaced my 3 wood"
2020-02-19,Nocturium_,2020/05/25,What the fuck
2020-02-19,unicornduchess,2020/05/25,Thank you for your comment. It gave me a boost of motivation especially on a difficult day like today.
2020-02-19,veggiebacont1,2020/05/25,"I just found this super great article and it made so much sense:  
https://www.additudemag.com/is-your-spouse-always-late-running-on-adhd-time/

I'm trying my hardest to just see this as a different way a brain works, and not an offensive subject."
2020-02-19,matt18932rox,2020/05/25,"Interesting that he decided to go with overly simple cover like this, 5 hrs left!"
2020-02-19,Ser_Black_Phillip,2020/05/25,"If anyone else finishes it, it won't be Sanderson. And if that did happen, expect the last book(s) in the series to be wildly different than what has already been published. I think Mark Lawrence would be the best choice, honestly. GRRM and *ASOIAF* are clearly major influences of his."
2020-02-19,Ejash,2020/05/25,No problem! Only owned one myself but love this knife!
2020-02-19,Jakedawg44,2020/05/25,Hopefully we can unlock his potential. I can see him becoming a really good player in the future
2020-02-19,HothHanSolo,2020/05/25,"Wow, that's quite persuasive."
2020-02-19,Macaroon_mojo,2020/05/25,"Cats are absolutely a prey animal, they are not head of the food chain anywhere. They're middle of the food chain animals, like bearded dragons, in the wild they need hunting and pray instincts to survive. 

I have looked online to try to find out about cat bacteria etc, because theres a lot of misinformation about it out there. It is something that's caused me concern in the past because my cat drools constantly, and even if she was never around my beardie, her drool is on my clothing, which my beardie then comes into contact with. From what I could find, cats mouths and claws carry a lot of bacteria, so if they break the skin of any animal, it makes it much more likely to get an infection then if the injury was from something clean. However, every animal is the same, they all, including us, have a lot of bacteria in their mouths and nails. A scratch or bite from a human or a dog would carry the same risks as it would from a cat."
2020-02-19,rocketboi10,2020/05/25,VCU to the moon
2020-02-19,BruceSwain,2020/05/25,The point seems to be going over your head a bit.  Animals are true to their nature.  Humans hide it.
2020-02-19,Number1darkangelfan,2020/05/25,Why are Indians letting their women get out of control?  They gotta smack em on the head with the rainstick and drag them back to the longhouse.
2020-02-19,jrcbandit,2020/05/25,"He is saving his smite for something other than trash mobs...  Since getting smite, all he is fought is in the fight club where he was going to smite but tried to get advantage, etc first and then missed all his attacks due to being disadvantage.  After that, the only combat has been lame exploding zombies and some bugs they could have easily skipped if they hadn't poked a sac in the forest...."
2020-02-19,sts816,2020/05/25,ROCK AND STONE!
2020-02-19,Catnip1337,2020/05/25,What incentives for referral if the coin is worthless?
2020-02-19,Inspiiree,2020/05/25,How would I use a T-SPLITTER ALU to do a drain valve? Im so confused
2020-02-19,beatnikstrict,2020/05/25,Does he do Duplo? For the Sidewinder.
2020-02-19,almofin,2020/05/25,You are a piece of shit
2020-02-19,Clawtooth,2020/05/25,"Everyday, we stray farther from the Travellers light..."
2020-02-19,PotulnaCmaralka,2020/05/25,"Mirage is THE CUTEST MAN, change my mind..

Anyway hi I'm new to both Apex and this sub.. started playing a week ago and fell in love with Mirage so I just HAD to get this idea out of my system haha... If you like my work, I might post more concepts in the future:)."
2020-02-19,MJMurcott,2020/05/25,Basically the star cools rapidly meaning the expansion forces of the heat of the star can no longer balance out the gravitational mass of the star. https://youtu.be/w1GlDVt1Mpk
2020-02-19,johnyrocks2014,2020/05/25,Was your pokemon box full?
2020-02-19,WulfLOL,2020/05/25,"I had a similar experience during an internship. I was asked to do a very small article (3-4 pages) that summarized what I did during summer. I gave it my all and sent it to my mentor, very proud of what I wrote. It came back caked in red ink with endless corrections. At the time it kind of upset me, but looking back, each of those points are correct and in need of a revision.

Mentors put their blood and sweat in the form of red ink on the work you send them. If they didn't care, they wouldn't give you any comments at all, they'd just send you on your way to fail. It hits your ego hard / is kind of heartbreaking when you think you've worked well and what you did comes back riddled with modifications.

If your PI gave you comments, it's because it needed to be changed. The fault is yours, and it's not biggie at all. You are in school, the pioint of you being there is to learn something. I'd cool off, own it, and do the changes. You'll have a better thesis for it. Just do what he wrote and resend it. It's normal to have a lot of comments on the first pass."
2020-02-19,Haseo,2020/05/25,I see what you did there.
2020-02-19,zakdj1,2020/05/25,"I can’t tell you, since ive only read volume 1, its good though but I can’t say the entirety of it is, given the fact volume 2 is insanity hard to get ahold of and I really want to read it all physically. The manga for P4 and 5 are pretty good though so it should be good as well."
2020-02-19,European_Soccer,2020/05/25,"No, because this was something she'd already done time for and was out on parole."
2020-02-19,D3AllDay,2020/05/25,"Yep everyone is in full speed sets other than Draco, he has 4x speed and broken gloves/chest for crit damage gauntlets."
2020-02-19,propogation,2020/05/25,1.000001 years / 1.99999 years is not exactly one half but close enough for a reddit title.
2020-02-19,13lackjack,2020/05/25,Then you spawn at NOOSE headquarters
2020-02-19,Furtur_Unhallowed,2020/05/25,"A lot of this is out of order. The singer, ""Dead"", killed himself(guy was...interesting), Euro took a picture of the body, which led to a different member leaving, later on Varg joined and after a series of church burnings and band drama, he stabbed Euro to death.

Varg started Burzum as a solo thing and joined Euros label before the murder and a lot Idk if came down to money and Varg thinking Euro was a poser."
2020-02-19,TCGHexenwahn,2020/05/25,I'm currently making a stout with oak chips soaked in scotch. I soaked for a day and dumped in both the scotch and chips. They've been sitting in there for 4 days. I plan on bottling tomorrow.
2020-02-19,PaulMurrayCbr,2020/05/25,"To be fair, King Leopold was pretty horrible to the Congolese."
2020-02-19,TreeOnceCutDown,2020/05/25,That grip looks FANTASTIC
2020-02-19,Marmatus,2020/05/25,"Because people are stupid. I'm sure these are the same people who were obsessed with '90s kid gatekeeping a few years ago. What I don't understand is that they'll go through and downvote everything you say, but they won't actually state their own position. Not sure if they're just afraid they'll get downvoted, or if part of them actually realizes that they're just being petty and stupid and they don't have an actual point to make."
2020-02-19,tsar_zach_i,2020/05/25,even if they are from a socialist regime they’re probably Nazi skulls or something
2020-02-19,TheFirstHeadOfScylla,2020/05/25,Tomatoes are blue
2020-02-19,SupremeKaiAlmighty,2020/05/25,"Somehow, I was 100% sure it was the deer"
2020-02-19,flimflammedbyzimzam,2020/05/25,What if Bloomberg showed up for the next debate and he was 6”4 and gave no explanation why
2020-02-19,hoopaholik91,2020/05/25,"Sweet, they have 350m more cash for investment.

That's what all you said for Tesla last week right?"
2020-02-19,PerryFunny,2020/05/25,"Okay no worries. I only ask cuz I tend to be able to offer more flux than Caps. Like I'd offer 600 flux of your choice for the V2525 Combat Rifle. If not, what would be a cap value you'd let it go for?"
2020-02-19,BootyAlien,2020/05/25,"I hope they get to see your beautiful work and make it into a real product!

It's sad tho 'cause it would be mad expensive in Argentina lol"
2020-02-19,Mathies_,2020/05/25,"Maybe it was just a bait, but we've never actually seen it play out when someone actually agrees to kill Palpatine. Luke tried but vader intervened. Then after the fight he refused. Rey refused and Palpatine takes advantage again. What I'm saying is, for all we know, Palpatine was speaking the truth, he might actually have let them kill him if they agreed. We only know what he does if they refuse."
2020-02-19,feedbands,2020/05/25,I wonder if medical staff on the base are taking effective precaution from becoming infected themselves and if so what precautions are they taking
2020-02-19,truthseeker5150,2020/05/25,Do you ever work in behavioral health as a nurse?
2020-02-19,d0ntb0ther,2020/05/25,"Can we at compromise with a yike and 1/2?

&amp;#x200B;

shit was editted"
2020-02-19,jacket4u,2020/05/25,Love those lips
2020-02-19,unicornbundles,2020/05/25,I’m definitely down for posting these weekly. It’s super important
2020-02-19,joethesaint,2020/05/25,"&gt; No its not, it's about the growth and size of the league and whether or not it's too big. Not a surprise you didn't read the article.

I'm not talking about the article, genius, I'm talking about the thread of comments you decided to chime in on. [It is a conversation about how the league competes globally](https://www.reddit.com/r/soccer/comments/f5notg/the_guardian_26_teams_and_counting_has_mls_become/fhzwl6n/). If you're going to jump into a conversation without bothering to check what it's about, maybe don't."
2020-02-19,Stipidmemer,2020/05/25,After I saw this I had to try it
2020-02-19,TimeLemur,2020/05/25,Do I hate bad anime? Some of them. Did I like symphogear? It's in my top 10
2020-02-19,zjamesw,2020/05/25,"Hey! Well I love GeForce Now, take mine!"
2020-02-19,pronstar,2020/05/25,in 50 years people wont even remember because of the piss poor handling by the commish. let's be honest there's a reason shoe less joe is still a household name.  they got a pat on the hands to not do it again.. smh.
2020-02-19,Suitcase-Carwash,2020/05/25,Ben Shapiro is the living proof that a Harvard degree doesn’t make you intelligent.
2020-02-19,gwoz8881,2020/05/25,Yeah. You should be able to make some tendies on IV if it moons
2020-02-19,NeverLetYouIn,2020/05/25,Oh my bad. Sorry never used spreadsheets before
2020-02-19,ErwinRommel1943,2020/05/25,"Trading is the best, d2 trading was fantastic back in the day. 

I take it Wolcen has no trading scene? I mean the gold dupe will ruin it I guess, however what I’m asking is, is there any potential for Wolcen to have a trading scene at some point?"
2020-02-19,11hydroxymetabokite,2020/05/25,"So what im getting is you stab unborn chicken fetuses in the eye for a living, somebody call PETA ffs /s"
2020-02-19,RobDickinson,2020/05/25,"Yeah its stunning, 2 hrs from home I get there as often as I can!"
2020-02-19,LucienHS,2020/05/25,"Haha wicked man, it’s a brilliant club. Fantastic coaches."
2020-02-19,Faintning,2020/05/25,"TS mistreats all their artists, B.A.P the worst from what we know. TS is a trash company that should have gone under years ago. All their groups have had members file lawsuits against them. It's insane how they're still in business."
2020-02-19,stephen_neuville,2020/05/25,"I think this is a bit more ado than this topic warrants. It's an ingenious and effective solution. 

OP even posted that it's for intermittent/testing use, it's not like they're doing keydown stress tests on the finals."
2020-02-19,Lapin-Magique,2020/05/25,How do you know how I obtain penises? You don't know me...
2020-02-19,fauxfei,2020/05/25,thank you!!
2020-02-19,SimplyAllie,2020/05/25,I have naturally thick brows. It’s a blessing and a curse.
2020-02-19,GrayCustomKnives,2020/05/25,"That’s primarily a trolling reel not really a baitcasting reel. I would look more into something like a Diawa Fuego, Diawa CG80 or CR80, , Abu Garcia BlackMac SilverMax or ProMax. They are all decent entry or mid level reels. Personally I would take any of the Diawas I listed over the Abus though"
2020-02-19,TheHopesedge,2020/05/25,"My experience may be different to lots of other people's, but I don't really spend any time farming gold or consumables in the hours leading to a raid, at most I'll have spent around 8g on a raids consumables since I never need to use the more expensive ones, if someone pops Ony buff in the 10 minutes before we head out then that's great, if not then too bad, since the only people who need expensive consumables is the tank (1 flask makes an entire BWL run work out nicely), if the guild can fund that with the pooled gold income then we're ready to raid, clearing MC and Onyxia in 2 hours and BWL the next day in 2 hours is good, it takes 4 hour of chilling out in a raid talking to friends and slowly working our way through it, I really wouldn't enjoy farming for consumables and world buffs for an hour or so before the raid day and attempting to rush through it as fast as possible without a break, I like it being relaxing since I can put aside some time each of the raid days to playing with the guild, sure I can see why some people prefer to clear both raids in 2 hours with ~1 hour prep time before, but I don't see the point since that extra 1 hour of raiding lets me relax and watch videos / eat whilst I play. I can tell it's just a difference in outlook, I like the downtime and pacing because it lets me unwind and relax."
2020-02-19,Java-the-Slut,2020/05/25,"Why?

He's done really well in scoring, respectable +/-, and he's only 21. He was injured but seems to have nearly fully recovered.

If anything happens to a defenseman late in the season, I'm sure Olli will get a call up, seems like the only reason they haven't so far is because of timing."
2020-02-19,Happy_King_,2020/05/25,Thank you for the super detailed reply!
2020-02-19,Syriuzz,2020/05/25,Most people have kids because. Why do you think couples without kids are happier and after having the first kid the happiness of the couple falls hard? People have no idea what it's like having a kid they just have one and then see where it leads.
2020-02-19,_-Kirby-_,2020/05/25,Shoving an upvote up your ass
2020-02-19,rashul775,2020/05/25,"Have opinions soured on Bloomberg since he was NYC mayor?  He was apparently popular enough to get reelected twice, also breaking with previous convention for his 3rd term"
2020-02-19,pepsigoddess,2020/05/25,"What's sending me is that your sister's engagement is gonna be longer than the time she's actually been in this relationship.   

I'm sorry, but she literally can pick any other day. You've done elaborate planning and chose the date WAY IN ADVANCE. NTA."
2020-02-19,uranuscat,2020/05/25,"😂 i hope for the day to learn it properly, its a good skill"
2020-02-19,Theatomicme2,2020/05/25,"Damn if this is true i've got my hopes up about that feature for nothing, thanks for the information."
