subreddit,author,date,post
2020-03-15,orangman8164,2020/05/25,Its not
2020-03-15,adenosine12,2020/05/25,Well your intentions are in the right place so we still love you bby &lt;3
2020-03-15,Grand-Blank,2020/05/25,"Thank you, I might just reach down and take a handful of you"
2020-03-15,kombucha_and_makeup,2020/05/25,So he just viewed you as an unpaid Uber driver he got to fuck. Good riddance!
2020-03-15,Ryan-Taylor,2020/05/25,he frm stl? in his video he was in marynook and he said thats his hood (even though there is no hoods in marynook)
2020-03-15,SingularBread,2020/05/25,"if one was going to finish flat rainbow poplar to try and keep it looking closer to the natural side, what would be the way to go about it?"
2020-03-15,NEStefan1987,2020/05/25,"usually i dislike if they put their sponsorship or whatever half way through the video or right in the middle of something, It's also a good way for me to not want to watch any of their videos again, I get they need to make money but just put it at the start or the end so i know to skip past it, cmon."
2020-03-15,Clawmedaddy,2020/05/25,"Right, but in that situation the rally point is where I'm not and they are. With the family I have living in my area an immediate move wouldn't really be a solid plan with their risks. I guess my real answer is to just move out sooner than I would originally plan"
2020-03-15,dailydoseofyikes,2020/05/25,I’d absolutely love to take part in this!!
2020-03-15,burnttoast11,2020/05/25,According to the media we may not have any more old people left after this to go on cruises!
2020-03-15,FireBall1881,2020/05/25,It's one that I made
2020-03-15,aradil,2020/05/25,"Unfortunately, those folks are just going to spread disease to vulnerable people who have been trying to be reasonable about their own safety."
2020-03-15,silvermember,2020/05/25,"Well yea, because fuck checks and balances.  It is not like the courts could overturn an abuse of Executive order."
2020-03-15,RandomJerk2012,2020/05/25,"What do you mean by tearing down and building a new one? We will get rid of existing insurance structures and have a single govt plan. Instead of having a BCBS insurance card, you will get a Medicare card. All the existing providers will be in place, and every one gets paid Medicare rates. There are institutions like CMS which already take industry inputs to set rates for Medicare, and most doctors/providers accept them. It's going to roll over to everyone.  Still don't understand what you mean by 'tearing down the old one and building up a new one'."
2020-03-15,SittingOnTheDeck,2020/05/25,Imagine believing this after Obama. Biden was brought on as VP to comfort moderates and the establishment. I honestly think Bernie is more left than Biden. Vote Bernie and don't be such an easy mark.
2020-03-15,HerpMcDerpson,2020/05/25,To the people bitching about the glass: quit being beer snobs. Let people enjoy their beer. People like you guys push people away from enjoying it for what it is. The appreciation and perfection of fine beer comes later.
2020-03-15,TrueStory_Dude,2020/05/25,"*Sunlight yellow overdrive!*

Jk it’s mine."
2020-03-15,Axcel-Wozniak,2020/05/25,One of the few Teen Titans Go references I enjoyed
2020-03-15,Loganthered,2020/05/25,Maybe take her to a location that doesnt have public tours. Most if not all of the elderly family should be moved.
2020-03-15,countryheccs,2020/05/25,The boy being held
2020-03-15,Smoti27,2020/05/25,Maybe use different ports or something I don’t know about ps4 but good luck
2020-03-15,Malfetes,2020/05/25,I miss this aatrox the most. They shouldve left glass cannon aatrox alone if drain tank was gonna be a problem.
2020-03-15,mclaren_senna,2020/05/25,Music recommendation: Zanzibar - Billy Joel
2020-03-15,SamuelArk,2020/05/25,agris adee my mans
2020-03-15,Jay-xo,2020/05/25,"I mean I don’t see women who their physical beauty but hell nah I would never date your hateful ass. You would be a nightmare to ever be a spouse, using men as your manipulative cunning monopoly game. Thank god my mom warmed about women like you."
2020-03-15,justus252,2020/05/25,"You don't need it. Washing your hands with soap and water is still the best method of prevention. 

I'm starting to lose faith in humanity reading the other responses. Peroxide? For fuck's sake."
2020-03-15,DAN_MAN101,2020/05/25,"There will unlikely be any food shortages even here. The supply chain being disrupted is extremely unlikely, and if it does happen, it's not going to occur until much further down the line."
2020-03-15,Mr_Ey3,2020/05/25,Yeah I did that and it’s back to normal it was just a shock to see after coming back from the nether
2020-03-15,OgMrFrost,2020/05/25,Just twist and pull
2020-03-15,eight_but_dude,2020/05/25,Beautiful holes! I hope that butthole is fuckable!
2020-03-15,colgateadvancedwhite,2020/05/25,"Alright, hope you feel better"
2020-03-15,WhereToNextApril,2020/05/25,Like I feel like the Blues logo is a cop out...
2020-03-15,Jaksie_TX,2020/05/25,"What I do when I'm not sure if it's corking or rotting, check if it's firm or mushy (not good), and I sharpie the line to see if it spread/getting bigger or not. Good luck!"
2020-03-15,kotarix,2020/05/25,NDA and against company policy. Not only do you lose your job but you also get sued by a multi national multi billion dollar company.
2020-03-15,Yab0iFiddlesticks,2020/05/25,"Mostly ADCs or Assassins, yes"
2020-03-15,mrbeehive,2020/05/25,why_not_both.gif
2020-03-15,NahteLedana,2020/05/25,As a country we are completely and utterly being destroyed from the inside out by a corrupt government running this country into the ground.
2020-03-15,Colonel_Peppercorn,2020/05/25,"They just cancelled services. Somehow their pastor missed that the limitation went into effect today. 

Checking sources is so important. And to think that their family was all going to attend - two with respiratory issues."
2020-03-15,AutoModerator,2020/05/25,"Sorry, gothlettuce your submission is breaking the rules of the r/camgirls, you are not allowed to post this here!

If you follow the rules (read the sidebar again) and you think it's a mistake. 


*I am a bot, and this action was performed automatically. Please [contact the moderators of this subreddit](/message/compose/?to=/r/CamGirls) if you have any questions or concerns.*"
2020-03-15,Faythlessly,2020/05/25,"I personally like most of the packets of most noodles but I like to add sriracha, pepper, dehydrated green onion onion red pepper and mushroom mix (Asian food aisle has some in my local superstore) then adding a bit of Asian 5 spice for good measure. Sounds like alot but adds very little cost overall and got me thru university  when I was living on 100$ for food a month"
2020-03-15,weekendbliss,2020/05/25,I enjoyed the video much more without audio.
2020-03-15,ObamaTookMyToast,2020/05/25,How accurate is weekend DOW? From what I understand it’s like futures of futures of indices.
2020-03-15,Sham129,2020/05/25,I knew this was gonna be the top comment before I even opened the post
2020-03-15,bigshad0w,2020/05/25,vince mcmahon didn't seem to care too much about pleasing fox/abc/espn since the rest of the xfl season has been cancelled.  if he cared that much about the corporate overlords then the rest of the season would've continued but with empty stadiums like smackdown was.
2020-03-15,strange_socks_,2020/05/25,"So this post was saved for later.

I'm not in quarantine yet, but that's not gonna stop me from attempting to try to learn this shit!

Thanks for the links"
2020-03-15,HaitianFire,2020/05/25,"Yes, actually. People fight over plastic bags in Haiti all the time. It's not because it's a socialist country; it's because having money matters more to people than having a community where everyone is fed and housed properly."
2020-03-15,MountainMorning,2020/05/25,Yeah let's not kid ourselves there are definitely trucker hats right now rocking back and forth with hard at the prospect of finally getting to shoot someone over paper towels or whatever
2020-03-15,moedawg83,2020/05/25,Try the program called Joy2key. It should help your pc recognize it
2020-03-15,cornerstone505,2020/05/25,Ain't what?
2020-03-15,twersx,2020/05/25,please can you explain to me what burpmas is
2020-03-15,RandomNerdAlert,2020/05/25,"Unfortunately, I have never seen them outside of Italy... but simply thinking about the taste makes me think of home"
2020-03-15,stugster,2020/05/25,"I'm sceptical reinfection is on the table, but continued infection where the virus lies dormant, can still be transmitted, but the carrier shows no symptoms, will be interesting."
2020-03-15,complex_tempo,2020/05/25,"Yea I was a bit confused when I opened my package cause the first thing I saw was Jae. Then I go to the next card and it was Matisse, so it was all good haha."
2020-03-15,___11___,2020/05/25,They are saying no refunds...
2020-03-15,HobbitSlayer666,2020/05/25,"Mood.

Therapy for what?"
2020-03-15,seikocp,2020/05/25,"I doubt it's due to their height. My bf is my height (5'4) and he's super sweet. Some people are dicks, some are not."
2020-03-15,theturboturnip,2020/05/25,Childbirth
2020-03-15,PopuleuxMusicYT,2020/05/25,I would reply to this comment but in to lazy
2020-03-15,Cheis694201337,2020/05/25,oh god do i remember playing this like hell
2020-03-15,MrMeGaOwN,2020/05/25,I have this sink in my gym that if you release the button for 2 seconds the water stops
2020-03-15,HISTQRY,2020/05/25,"If futures don’t matter, how the fuck could a weekend dow matter. Is the magic conch shell next ?"
2020-03-15,Almaldyr,2020/05/25,"Hi, I'm a senior in highschool who has been planning out a series of novels for the past three years. As I become a bit more experienced, my tastes change, but I think I'm finally ready to actually commit and start turning these characters and events in my head and pen (or in my case, type) them down. 

The basic set up for my story, A Symphony of Gods, is that on the fantasy planet of Fara, rulers of different kingdoms, aided by the weapons crafted by the deities they worship, must combat a secular group of gods who believe themselves to be the rightful owners of the planet.

It goes a bit more in depth than that, but I don't want this comment to go on forever. Thanks for reading, and thank you for making this sub. I've been looking for a place to share my stories for a while, and I look forward to getting to know you all, and hopefully get published one day."
2020-03-15,ArchMalone,2020/05/25,Hahahahaha it’s a tweet by ngannou from ages ago
2020-03-15,NottmForest,2020/05/25,"Ok, what about “we should do absolutely nothing to reduce the harm caused by a recession and should just ignore the deaths that occur”"
2020-03-15,LittleWords_please,2020/05/25,Just authoritarian coutries? How about Progressive countries? Try and get Huckleberry Finn passed western censors
2020-03-15,sandytroop,2020/05/25,It's pretty clear that a senior leader having figurines of scantily clad anime characters in their office creates an unsafe workplace from the perspective of sexual harassment.
2020-03-15,tandemcarl,2020/05/25,"this is what i came up with so far... im guessing yours works best if the directory A-Z isnt already made?

    import shutil
    import os
    import glob
    
    ##go to dir
    src = ""/users/carlosbulk/desktop/move from""
    dst = ""/users/carlosbulk/desktop/move to/clients""
    dst_a = ""/users/carlosbulk/desktop/move to/Clients/a""
    
    
    ##list the folders
    dirlist = os.listdir(src)
    dirlist.sort()
    print(""source folder contents: "")
    print(dirlist)
    
    #move folders starting with A to A folder in new directory
    for A_name in glob.glob(src + ""/[A]*""):
        print(""folder to move: "")
        print(A_name)
        print(""moving to"" + dst_a)
        shutil.move(A_name,dst_a)"
2020-03-15,a-interestingusrname,2020/05/25,Depending on the airline you can call them and ask them to register a note to go through a seperate tsa line or explain it to tsa
2020-03-15,bd_in_my_bp,2020/05/25,cis (most) bi women tho?
2020-03-15,Otayonih,2020/05/25,"The little puck might be a ""cake"" of compressed tea leaves: https://www.npr.org/sections/thesalt/2017/03/14/518792925/why-puer-a-complex-tea-draws-rapt-fans-and-big-dollars (scroll down for photos)."
2020-03-15,GrannyBandit,2020/05/25,I don’t think it applies to private sales.
2020-03-15,SlowAsDirt,2020/05/25,Nice! PM incoming
2020-03-15,bluemineblocks,2020/05/25,"Light up the night

Is the annual end of school year street carnival

Although with the budget cuts I'm not sure it was going to be happening anyways."
2020-03-15,VredditDownloader,2020/05/25,"*beep. boop.* I'm a bot that provides downloadable links for v.redd.it videos!

* [**Download** via https://ripsave.com](https://ripsave.com/download?t=8lsg91y66mb41&amp;f=8lsg91y66mb41_360.mp4)

* [Downloadable soundless link](https://v.redd.it/8lsg91y66mb41/DASH_360?source=fallback)

* [Audio only](https://v.redd.it/8lsg91y66mb41/audio)

First link is active for 6 hours. Mention me again if it is down

 ***  
[**Info**](https://old.reddit.com/user/VredditDownloader/comments/cju1dg/info/)&amp;#32;|&amp;#32;[**Support&amp;#32;me&amp;#32;❤**](https://www.paypal.me/synapsensalat)&amp;#32;|&amp;#32;[**Github**](https://github.com/JohannesPertl/vreddit-downloader)"
2020-03-15,blaquarius,2020/05/25,Can someone ask him if “Are you going to be aggressive with Joe at the debate tomorrow even if he’s a friend of yours?”
2020-03-15,Mxbperez,2020/05/25,"Dinner for three

**Today's Accomplishments**: Had hella homework today of all things. Probably the worst physics homework I've had to do this semester, we never learned half that shit so I didn't even bother doing it all. On a better note, I had a more sensible assignment for my practicum class where I just had to write about a failure in life and submit it. Was a good bit of self-reflection honestly, I wrote about my constant struggle to actually finish the videos I wish to create.

**Today's Highlights**: My roommate and I went to a friend's house for dinner before she goes home for break. I actually hadn't talked to her very much until now, and she is super cool! We talked for about two hours, everything from fashion to movies to our plans for break. Was great to have another wholesome event to give me enough happiness to push on another day amidst the pandemic :).

**Tomorrow's Goals**: Going home tomorrow, just for a day to relax a bit.

Thanks for reading and I'll see you tomorrow."
2020-03-15,sirsneeds,2020/05/25,Damn I need to start looking around when I go to the store. So sexy.
2020-03-15,TheRedditWorld123,2020/05/25,Interested?
2020-03-15,NICEz_MAN,2020/05/25,My bout asleep under my sofa when it broking
2020-03-15,OldTitanSoul,2020/05/25,Will try it later
2020-03-15,denzii-,2020/05/25,thank you!
2020-03-15,NopeRope95,2020/05/25,Washington
2020-03-15,Tehlonelynoob,2020/05/25,I just want tank Galio back because there is no reason that the kit of the perfect tank should be played as an AP bruiser when there aren't even AP bruiser items
