subreddit,author,date,post
2020-04-03,fiver_reborn,2020/05/25,The movie or my incarnation of the list? 😉
2020-04-03,blobmaster1,2020/05/25,I never noticed she sat down while doing that
2020-04-03,syntheticat7,2020/05/25,"🎶Split your brain into pieces, this is my last resort! 🎶"
2020-04-03,my-cat-triedtokilme,2020/05/25,I’m sorry how the fuck does that offend anyone even with the virus? some people are just fucking stupid I guess.
2020-04-03,Automatic_Brother,2020/05/25,Thank you for the coochie ma'ma
2020-04-03,DIGITALGEEZER28,2020/05/25,The dog would be drunk within an hour!!!
2020-04-03,mongoosetacos,2020/05/25,Started driving the last 3 months of last year and stayed under 20k with Uber. I worked at an airport for the beginning of the year and made about 10k
2020-04-03,AutoModerator,2020/05/25,"This post was removed because it is not from the [approved domains](/r/nsfw/wiki/hosts) or it is not a direct image link. Please read the link on proper way to post. Please note that albums are not allowed to be posted by new accounts. Also note that new users using imgur need to link directly to the image (i.imgur.com/abcdefg.png) not the html page (imgur.com/abcdefg).

*I am a bot, and this action was performed automatically. Please [contact the moderators of this subreddit](/message/compose/?to=/r/boobs) if you have any questions or concerns.*"
2020-04-03,benzer006,2020/05/25,I have a catte and he deserves a platte. My catte deserves a platte. He is a good cat give him a platte.
2020-04-03,joeyhelmsphotography,2020/05/25,Shot with the DJI M2P and the Moment Anamorphic lens/adapter for the next episode of my mini-doc series on how Chicago is dealing with the COVID-19 crisis. You can find the first Episode on YouTube [here](https://youtu.be/5lD8Af5UX-Y).
2020-04-03,jdh30,2020/05/25,"Technically:

* Laziness is the wrong default. Poor performance is a big problem but unpredictable performance is much worse.
* I don't like indentation sensitive syntax and I think it is a particular waste of time with lean ML-like syntaxes.
* Purity is usually an impediment (e.g. leading to incidental complexity like monad transformers) and writing pure code in ML is easy enough.
* Obsession with deep type voodoo instead of making a decent IDE is the wrong balance.
* Fanciness (e.g. with numeric literals) leads to user unfriendly perf bugs.
* There is no efficient purely functional dictionary.
* Makes traditional graph algorithms clumsy.
* I was really excited about Parsing with Derivatives and Haskell looked like the perfect tool for the job but it turns out [their Haskell code is broken](https://www.cs.ru.nl/bachelors-theses/2018/Timo_Maarse___4416295___Parsing_with_derivatives_in_Haskell.pdf) because of some incredibly abstruse problem with the way Haskell code is evaluated that I don't even understand.
* Too buggy. Every time I use it I stumble upon yet another bug in the standard library.

Socially:

* They told me I couldn't do things I had already done.
* They taught me that aggressively marketing a platform as ""industrial strength"" before it is remotely stable is extremely counter-productive.
* They cannot take constructive criticism, e.g. when Manuel Chakravarty et al. published research about parallelism and I criticised it (I have a background in HPC having done a PhD in computational Chemistry at the University of Cambridge) he chose to delete my comments instead of acknowledging and addressing them.
* Haskell researchers are an incestuous clique publishing only in journals under their own control but making grand generally-applicable statements that would be shredded if they ever saw peer review from genuine domain experts.
* Tall tales: everything from the fakes on the Haskell in Industry page to someone giving me a long story in interview about their success with Haskell at a major bank that turned out to be entirely fictional."
2020-04-03,rob_moose,2020/05/25,"Ok, I’ll give it a try. Thanks for your help!"
2020-04-03,burnt_flan,2020/05/25,Thanks!  Ill be socially distancing in this corner
2020-04-03,The-Madsoda,2020/05/25,"This happened to my friend, all maps were missing the top right pixel even if she was stood there. This could be a similar issue"
2020-04-03,Redray123,2020/05/25,"Hey, sometimes when you’re taking a leek you make a poo, too!"
2020-04-03,StarbyOnHere,2020/05/25,Black wolf the Dragon Master! Iconic
2020-04-03,TB4646,2020/05/25,It will be nice to ask the people who died in there sleep.
2020-04-03,Kaylacain25,2020/05/25,Not the pain 😂
2020-04-03,ropedragon7,2020/05/25,"I was able to find this 

https://www.japanesewithanime.com/2019/04/inmon.html?m=1"
2020-04-03,NFCAAOfficialRefBot,2020/05/25,"It's a screen pass, and it'll go for 8!^[(!)](https://np.reddit.com/message/compose/?to=nfcaaofficialrefbot&amp;subject=suggestion%20gainPassPositive&amp;message=It%27s%20a%20screen%20pass%2C%20and%20it%27ll%20go%20for%20%7Byards%7D%21)

The play took 16 seconds, 4:29 left

It's 2nd and 2 on the Idaho 43. 4:29 left in the 3rd.



Offense: 650

Defense: 888

Difference: 238

/u/tehmoofish [](#datatag{""action"":%20{""__enum__"":%20""Action.PLAY""},%20""thread"":%20""form2d""})"
2020-04-03,shimkwan,2020/05/25,I thought you just deposit NZD into the Citibank NZ account - and miraculously it appears as USD in your IBKR trading account?
2020-04-03,Shoresy-sez,2020/05/25,Practice your solar wind calls.
2020-04-03,IWasSoLikeWhatever,2020/05/25,"You're on Reddit mate, it's a huge website. Millions upon millions use it..."
2020-04-03,Wofflehz,2020/05/25,Poki is the only one who hasn’t fucked him over at this point lol
2020-04-03,TheAvenger1201,2020/05/25,Barbie magic hair styler
2020-04-03,Bappo-nope,2020/05/25,Trust me you don’t want to have a crush
2020-04-03,Fair_University,2020/05/25,"I mean, Hawking did live to be 76, which is above the average lifespan and he was basically retired by then. It’s horrible that it happened but it’s not as if the world was robbed of his intellect"
2020-04-03,extremeq16,2020/05/25,battle of fire all the way. even though he's  probably gonna die were finally gonna get to see the fucking legend himself barristan selmy in action in a full fledged battle which i cannot wait for
2020-04-03,AutoModerator,2020/05/25,"/u/odnnuh, your submission has been automatically removed because your account does not meet our account-age/karma requirement. Your account must be a minimum of 90 days old and have 1000 karma in order to post a submission. Click [this link](https://www.reddit.com/r/Assistance/comments/1hexgp/other_subreddits_that_can_help_you/) for a list of other subreddits that may work for you. **Do not message the moderators for an exception, and do not directly message lenders you've not worked with before (Rule 5).  Moderators don't make any exceptions to the karma/age limits.** [2]

*I am a bot, and this action was performed automatically. Please [contact the moderators of this subreddit](/message/compose/?to=/r/borrow) if you have any questions or concerns.*"
2020-04-03,Unclemuz118,2020/05/25,i would doggy the fuck out that hairy pussy 😈😈😈😈😈🐶
2020-04-03,figmeme,2020/05/25,"At the end of the day this documentary was about the Tiger King, Joe Exotic and his point of view. The show was biased towards Carole and her rescue because the information being portrayed was Joe's personal view of Carole. Once I finished the show I researched BCR and found it's one of about a dozen accredited wildlife sanctuaries in the US. I'm sure Carole doesn't have much to do with the day to day operations and I feel she uses the nonprofit for money laundering."
2020-04-03,LabattRED,2020/05/25,"Had a local business near to me doing this, and they just folded. It seems like it's a tough market for remaining viable."
2020-04-03,Starizard-,2020/05/25,"Yes I am.

IMO, all my opinion..

Odyssey took me 8 hours to beat.
After I beat it I really was not compelled to go back and collect more moons. There was little incentive to do so. Yeah you can unlock a new level or two and you can unlock more costumes but there was just too many of them..
Some being out in the open and had no challenge whatsoever.
To me it felt like they took these huge levels and just sprinkled 40 moons or so in each one to give it more hours worth of gameplay.

Don’t get me wrong the gameplay was fantastic. The game looked and played great.
But if you’re not a completionist, there is little to no incentive to get more moons.

The great thing
About Mario 64 is you knew how many stars there were for each level and each one was clearly labeled. You had this goal of like 8 stars per level and all were challenging to get!
A lot were very memorable too!

Find the big boo in the haunted house and beat it.
Beat Koopa the Quick.
Race and beat the penguin (WITHOUT CHEATING!)

Mario 64 was just so well done and I think I went into it expecting it to be as good as Mario 64 and in the end I was let down.

The levels (to me) weren’t really memorable at all as well.

I hate saying it “SUCKED” but I really do feel it was an empty shell of a game with the only merit being the fun gameplay.

It is definitely the most overrated game of all time tbh"
2020-04-03,godsrollmodel,2020/05/25,The lid is on it so it didn't get cleaned out.
2020-04-03,UmikoAhagon,2020/05/25,[Wanna see something cool?](https://www.youtube.com/watch?v=IU4sCZxEJ0c)
2020-04-03,starrsandscythes,2020/05/25,"I'd feel relieved! Not that my life is garbage right now or anything, but waking up 13 again and having the motivation to do better and a better understanding of who I am would be killer!"
2020-04-03,YouLeaveMeNoChoice,2020/05/25,"I started with Rod and Reneigh. Ava, Punchy, and Bubbles have now moved in. I really like all of them except Bubbles, who is nice but annoying. Her catch phrase is “hipster” 🙄 But Punchy is probably my favorite. He’s so adorable and he loves bugs. Just a cute little guy."
2020-04-03,Noimnotsally,2020/05/25,Hi there hoping that you had a wonderful day as well thank you for the calmness definitely need it over here hugs 🌷
2020-04-03,bl4st4rd0,2020/05/25,"Ah mr Chapelle, I almost didn't recognize it was you!"
2020-04-03,what-da-fuk,2020/05/25,Whenever you want
2020-04-03,RepostSleuthBot,2020/05/25,"Looks like a repost. I've seen this image 5 times. 

First seen [Here](https://redd.it/e4q8f5) on 2019-12-01 96.88% match. Last seen [Here](https://redd.it/fdit37) on 2020-03-04 85.94% match 

**Searched Images:** 113,400,919 | **Indexed Posts:** 444,858,426 | **Search Time:** 7.2227s 

*Feedback? Hate? Visit r/repostsleuthbot - I'm not perfect, but you can help. Report [ [False Positive](https://www.reddit.com/message/compose/?to=RepostSleuthBot&amp;subject=False%20Positive&amp;message={""post_id"": ""ftmr6i"", ""meme_template"": null}) ]*"
2020-04-03,andimnotbragging,2020/05/25,Ah I see. He definitely does not pull any lunches with his realness and it can be brutal!
2020-04-03,HungryPascifist,2020/05/25,Welcome to Reddit where making a joke elicits a not very well though out moral argument.
2020-04-03,eamonnbowers,2020/05/25,The Girl on the Train.
2020-04-03,hhhhhwqyqyss,2020/05/25,"You can’t defy thermodynamics you tosser.

Stop pushing bro science"
2020-04-03,kosif,2020/05/25,"... almost a million masks and it's still ""Alleged""?"
2020-04-03,tarod16,2020/05/25,Maybe I'll start tomorrow with it
2020-04-03,whatwhasmystupidpass,2020/05/25,Facts don’t matter anymore. They’ve literally spent a month calling this a hoax and a flu while dumping stock and buying telecommuting and amazon. Fuck them all.
2020-04-03,Catgod33566,2020/05/25,Boy you be dating robots?
2020-04-03,GeekCat,2020/05/25,"That's Susab G Komen. They are first a PR company that raises awareness for breast cancer and often sues people who use their ""pink ribbon logo"" without permission. They've been dropped by a lot of companies in the last few years for the BCRF.

I wouldn't be shocked if St. Jude's uses spends a lot on awareness. PR and marketing are expensive as hell, and many doctors and businesses donate time/work and items to them."
2020-04-03,Sure_Ill_Ask_That,2020/05/25,How is this being allowed? You need a structural engineer to produced signed and sealed drawings to get a construction permit. Otherwise it’s not legal.
2020-04-03,Enigmatic_M,2020/05/25,Thanks for the feedback!
2020-04-03,editorgrrl,2020/05/25,You must be within 100 meters IRL to trade—including lucky friends.
2020-04-03,Yk_Lagor,2020/05/25,Supply and demand
2020-04-03,NekoDrakeGD,2020/05/25,Hello there
2020-04-03,SoulMechanic,2020/05/25,"I fairly sure it's because Android and Apple use TRRS differently.

Any one of those lines could be used as the ground. Check with Google and you can also ask the guys/gals over at r/audioengineering"
2020-04-03,br3aknrul3z,2020/05/25,I'll make sure to lick it really good so I can ease right in ;)
2020-04-03,fullstack_info,2020/05/25,This is an amazingly beautiful animal. My favorite by far!
2020-04-03,Legtagytron,2020/05/25,"It's the same thing for going to the doctor. In real life the human body is a bit of a mystery and we don't really have it figured out yet. Stay safe, stay inside, always with moderation."
2020-04-03,_IBM_,2020/05/25,Don't know why you're downvoted. I have no idea what this is trying to say either. Are we supposed to know who zac bird is?
2020-04-03,ca489,2020/05/25,"Yep! I haven’t quite figured out the best routine so after I wrap up my work day, I’m finding myself exhausted and not to the point where crocheting helps. Literally just making dinner, watching some tv, etc. I’m just giving myself a break and not worrying too much about being productive with my creative projects. I still want to enjoy them!"
2020-04-03,Upea_OSRS,2020/05/25,For 70 prayer on my UIM I killed Elvarg over and over at NMZ practice mode (free). I collected his bones and used at ecto.. the kills are very fast as you have prayer and special attack every single kill. It’s safe and consistent zero competition for kills and no pkers... idk if it’s as good on reg ironman but worked perfect on my ultimate iron..
2020-04-03,gabe012104,2020/05/25,What are the boost characters because I think it’s both extreme Bulma and sparking bulma and both demon king piccolos but I’m just making sure
2020-04-03,uninfinity,2020/05/25," 

**Market Poll:**

[https://docs.google.com/forms/d/e/1FAIpQLScFKKz2WMjJj6G5PuszzxU9SpAZrqr\_cHwsUQ28no-7OpAjkg/viewform?usp=sf\_link](https://docs.google.com/forms/d/e/1FAIpQLScFKKz2WMjJj6G5PuszzxU9SpAZrqr_cHwsUQ28no-7OpAjkg/viewform?usp=sf_link)

50% were bearish today, 13% were bullish

**Weekly stats so far:**

|Monday|Tuesday|Wednesday|Thursday|
|:-|:-|:-|:-|
|*Wrong*|*Wrong*|*Right*|*Wrong*|"
2020-04-03,orangenee,2020/05/25,"That's me in Japanese destroyers.

Especially area denial salvoes hoping for a lucky hit."
2020-04-03,BadrD3,2020/05/25,Cna u do this with the mobile version as well?
2020-04-03,stabbot,2020/05/25,"
I have stabilized the video for you: https://gfycat.com/DampDapperCrayfish

It took 63 seconds to process and 34 seconds to upload.
___
^^[&amp;nbsp;how&amp;nbsp;to&amp;nbsp;use](https://www.reddit.com/r/stabbot/comments/72irce/how_to_use_stabbot/)&amp;nbsp;|&amp;nbsp;[programmer](https://www.reddit.com/message/compose/?to=wotanii)&amp;nbsp;|&amp;nbsp;[source&amp;nbsp;code](https://gitlab.com/juergens/stabbot)&amp;nbsp;|&amp;nbsp;/r/ImageStabilization/&amp;nbsp;|&amp;nbsp;for&amp;nbsp;cropped&amp;nbsp;results,&amp;nbsp;use&amp;nbsp;\/u/stabbot_crop"
2020-04-03,GoldenCocaine,2020/05/25,Displaying irrational behavior is a major red flag in my book...
2020-04-03,ImmaculateUnicorn,2020/05/25,The image clearly show large wet areas in the 1980's and between ~2005 -2012. I remember snowmobiling over them in the 80's.
2020-04-03,ClarkDylan06,2020/05/25,Do rockets need to flip around when landing on Earth to land the right way up?
2020-04-03,JoFlo520,2020/05/25,Corner athletically and Center for the brains. The center knows just as much about the offense as the qb maybe more
2020-04-03,Rayan_K,2020/05/25,Can you view starlink with your telescope?
2020-04-03,bezrq,2020/05/25,"this hole... it was made for me

rrr rrr rrr"
2020-04-03,pichuscute,2020/05/25,"I know that was your point, but I don't think we have proof that that is still true. They got Paper Mario 15-20 years ago, but do those same people even still work there? And who was making all the awful choices in gameplay, design, etc. in the recent games? The Nintendo problem excuses some of it, but the problems with recent Paper Mario are so extreme and so deeply rooted that I struggle to not think there's a problem at IS to some degree too. 

Time might tell, but yeah, I'm skeptical to say the least."
2020-04-03,Why_must-,2020/05/25,Then you might have inputted something like a special character (ie. - or _) or had too many or too little characters.
2020-04-03,serenity-as-ice,2020/05/25,"*squints*

I'm no detective, but I have a suspicion that is your third account!"
2020-04-03,Tuck_and_Cover,2020/05/25,"Both Orbit V3s have been sold, and sticker potentially sold.  If you're still interested in the rest, let me know.  The cheapest shipping quote to a random Queensland address I can find is \~$48US - not going to be much of a deal after that shipping cost is added."
2020-04-03,AutoModerator,2020/05/25,"This post appears to be about career questions.  If so, please check out the FAQ and make sure it isn't answered there.  If it is, please pull this down so other posts can get up there.  Thanks for your help in keeping this corner of Reddit clean!  If you think this was made in error, please contact the mods.

*I am a bot, and this action was performed automatically. Please [contact the moderators of this subreddit](/message/compose/?to=/r/ChemicalEngineering) if you have any questions or concerns.*"
2020-04-03,bonthra,2020/05/25,"Does this apply to sourdough? Because /r/sourdough makes beautiful ""ears"" on their loaves."
2020-04-03,sunset_ll,2020/05/25,Black! And its been bad with excess of homework:(
2020-04-03,Roadhouse1337,2020/05/25,Some say its overvalued but others say cloud computing is the future and tons of people are buying PCs featuring AMD components to WFH. I say this autist is buying my puts that'll expire worthless.
