subreddit,author,date,post
2020-05-06,nice-scores,2020/05/25,"𝓷𝓲𝓬𝓮 ☜(ﾟヮﾟ☜)
#Nice Leaderboard
**1.** `u/RepliesNice` at **7050 nices**

**2.** `u/spiro29` at **5924 nices**

**3.** `u/GreenAppleCZ` at **5081 nices**

**...**

**270559.** `u/whati_like` at **1 nice**

---

^(I) ^(AM) ^(A) ^(BOT) ^(|) ^(REPLY) ^(**!IGNORE**) ^(AND) ^(I) ^(WILL) ^(STOP) ^(REPLYING) ^(TO) ^(YOUR) ^(COMMENTS)"
2020-05-06,turnupynot,2020/05/25,Haha I knew that.  Lol I meant in between uses?
2020-05-06,Jakeismaximus,2020/05/25,"Same. I only just arrived on the scene 7 months ago, but damn, I love this little area."
2020-05-06,klop201,2020/05/25,This got me...that’s so freaking awesome! I don’t think others can realize how much things like this mean.
2020-05-06,prince3101,2020/05/25,When a whole ass One Direction existed???
2020-05-06,stickdudeseven,2020/05/25,He meant Daisy Mae is selling turnips on his island for 91 bells
2020-05-06,ElefantPharts,2020/05/25,"No worries, I’m sure it was babble that doesn’t make much sense but makes her feel better in the moment."
2020-05-06,Lady_Cansrel,2020/05/25,The moissanite one is mine! Took a long long time to decide on that setting lol
2020-05-06,usafdorsey,2020/05/25,Every other day
2020-05-06,Wunderbar28,2020/05/25,Why is aftertaste in trash. It’s very good for boss fights and for just playing.
2020-05-06,jeylon,2020/05/25,"""fat pewdiepie"" 

*-anomaly*"
2020-05-06,Ready_Mouse,2020/05/25,only on days that end in y.
2020-05-06,PowerfulJuggernaut0,2020/05/25,Why would I ask for recommendations from this job?
2020-05-06,maybesaydie,2020/05/25,"Really, your nine day old account is disappointed?"
2020-05-06,unabashedlyabashed,2020/05/25,"Now I'm finding Joe Hill Easter Eggs in King's later books. Like in Doctor Sleep, Dick Hallorann's bad uncle threatened to call Mr. Manx to kidnap him to keep him quiet about the abuse."
2020-05-06,chayonnaise,2020/05/25,Damn shaggy can play like a pro!
2020-05-06,---Jay,2020/05/25,"I use ATH-M50x's

I'm probably gonna get a Yeti X this month or next month for my mic"
2020-05-06,themillennialwitch,2020/05/25,"Ok, gotta check the lunar cycle brb"
2020-05-06,jwt6577,2020/05/25,"Top 10 Stephen King Books:

1) The Shining...

2-10) That's it. He only had one good book and Kubrick still did it better."
2020-05-06,Many_Gs,2020/05/25,"Today is day 3, put 30 mile on it so far. Just finished a 18 mile ride and I'm loving it! Solid bike, very happy with it. I need to buy a computer/gps for it though. Well worth it, I highly suggest it. All of my miles have been on crushed limestone trails."
2020-05-06,Wewraw,2020/05/25,"You're not wrong that it’s hard to see, which is why I said it’s vague hints. That and it was likely before this storyline was made. 

It could end up being nothing but they planted seeds of something. I think that is what they were intending.

My *theory* is that they are hinting that maybe Felwinter interfaced with it and this is why they are bringing him up in the lore so much lately, even though he is supposedly dead.
Which could be wrong but him reforming a body from SIVA is a viable path for him to revive in lieu of a ghost."
2020-05-06,Trumpy675,2020/05/25,“Often” is they key word there. But you’re right.
2020-05-06,dockerbot_notbot,2020/05/25,"My bf now thinks he had COVID-19 in late January/early February. He works with a lot of students at an international uni. Symptoms: High fever, body aches, heaving dry to wet cough, difficulty breathing. Neither of us had flu shots this year.    

  Thing is, I took care of him during that time and I was fine after. No reported sicknesses stemming from me either. We practically shared a couch for a week, when I wasn’t walking the dog. Precautions: no skin contact and vigorous hand washing. I don’t like to entertain him or my illusions of incorruptibility."
2020-05-06,iluvpokemanz,2020/05/25,"Dang, no worries :) if you are looking for anything else for the flower wagon let me know!"
2020-05-06,0shadowstories,2020/05/25,"Honestly I expect the album to be longer then DR4L personally, also I'd imsgine all the songs from that Outsiders V1 leak will end up on the final album (just mixed a bit better obviously and stuff like Lonely Road could get an additional verse from Polo)"
2020-05-06,lynoodlemaster,2020/05/25,Thank you so much!! This was a lot of help :)
2020-05-06,Erodystar,2020/05/25,Now *thats* a good sneak attack.
2020-05-06,waynelao,2020/05/25,"Trade #2 completed with [**u/mytime55**](https://www.reddit.com/user/mytime55/)

Item Traded: $50 Amazon GC for PayPal"
2020-05-06,TheRealSnowball,2020/05/25,It really is a travesty.
2020-05-06,tomhalejr,2020/05/25,Which harness? There is no reverse/backup signal from the vehicle harness in a 92 Sierra.
2020-05-06,its_raining_jimbos,2020/05/25,True I guess not every race is a quarter mile! Haha
2020-05-06,k4ts0u,2020/05/25,I extracted already!
2020-05-06,nmfortune,2020/05/25,"Oh, I could do that"
2020-05-06,JaneDough53,2020/05/25,NTA- maybe they’ll think before they touch the car keys again
2020-05-06,HongRiki,2020/05/25,Yeah I was doing my daily apply for cs jobs then got it after i applied for ebay
2020-05-06,cellophane02,2020/05/25,"hey, i'm willing to chat"
2020-05-06,Squeak_Easy,2020/05/25,"If only she could do more...

""Hey Google! Fix my life mistakes"" 😭🤭"
2020-05-06,Smoke_Me_When_i_Die,2020/05/25,All the weed https://en.wikipedia.org/wiki/Chuy_Valley
2020-05-06,pig666eon,2020/05/25,"The deaths they are putting out is died with the virus, the died from numbers are much much lower"
2020-05-06,progrock_and_cats,2020/05/25,"I might be a bit biased as someone who plays the instrument, but totally the bass guitar. It’s what holds most music from after the 50’s together, and created some amazing players. I feel like it’s getting more appreciation nowadays, but as for mainstream musical instruments, it still doesn’t get much love outside of bassists like myself."
2020-05-06,beerdrinkerlifesaver,2020/05/25,Me too. Recently realized I need medication for it and started today after putting it off for a week. Not sure if it’s placebo effect but the acid reflux is much less today.
2020-05-06,HappyLilCheeks,2020/05/25,scary and very irritating about your mother! glad you and your 15mo are ok.
2020-05-06,_iam_that_iam_,2020/05/25,"What is this, a five-year old's take on being libertarian?"
2020-05-06,Zaktann,2020/05/25,"David Paulides is a bigfoot believer, this is obvious if you watch his documentary and it's known. He just doesn't promote this because victims families wouldn't do interviews with him anymore. You can believe what you like, be it portals, Bigfoot, aliens, or DUMBs."
2020-05-06,MissMyrtleSnow,2020/05/25,"Not me.  I’m over watching desperate, thirsty grandmothers🙂"
2020-05-06,SDSK05,2020/05/25,If u ever can't find a post just search Key words from it like 101 trade up set nbalm. 101 Irving Street PG. 101 Harden Street SG. That's all I remember.
2020-05-06,Yurtinx,2020/05/25,Polyphemus moth
2020-05-06,karolinekite,2020/05/25,"The incident may be real, and her reactions can be real with the incident. It is upsetting to see that behavior, and a victim should not be retraumatizing herself with the abuser. I'd be encouraging her to seek sexual assault therapy. Especially if she's done research on sexual assault, she should know that there are resources and she should talk to someone. She's being very self destructive and this will spiral"
2020-05-06,Goat_Peter,2020/05/25,"I love the low cost-of-living relative to other states. My friends in the coasts could NEVER own a house, but I do. I think Michigan’s food scene is excellent—especially around Detroit, Ann Arbor, and Dearborn. I like the history of Michigan and the city of Detroit. 

My wife and I love checking out museums and historic sites in Metro-Detroit and around the state. Going up north is your best bet for nature, but there are options in Metro-Detroit (I like Kensington a lot) We just do it mostly up north because we are teachers and have a ton of free time in the summer.

I hope you guys enjoy it here!"
2020-05-06,aaron-highlighter,2020/05/25,Ya but the cool stuff is usually rare and expensive so it puts u in a spot
2020-05-06,AC-Ambrose,2020/05/25,Hi! Would love to come visit. Will tip very nicely!
2020-05-06,cptn_plnt,2020/05/25,"Considering 0 breweries have been open since mid-March, yes...this was pre- Covid"
2020-05-06,LordCalem,2020/05/25,"Serperior, he looks cool as hell.
Honestly, I don't even know when I began to like him so much, it was sorta there."
2020-05-06,circuitburner,2020/05/25," I don't know why I'm suddenly a bad guy, and I actually do fine with women. Thanks for your worthless input I guess."
2020-05-06,w1n5t0nM1k3y,2020/05/25,Amazing. Great of you to document this historic time.
2020-05-06,Sendsomechips,2020/05/25,"Thanks for contributing to /r/BeautyGuruChatter.  Unfortunately your post has been removed because it violates Rule 1:

&gt;Follow r/BeautyGuruChatter rules, Reddit's Content policy and Reddiquette. 

please [send modmail](https://www.reddit.com/message/compose?to=/r/BeautyGuruChatter) for questions comments concerns!"
2020-05-06,ADrunkMexican,2020/05/25,"Not to mention, any crimes committed results in gun confiscation and getting a prohibition order against them."
2020-05-06,wastingtimewithtrees,2020/05/25,Sunflower Yellow!
2020-05-06,AZ1017,2020/05/25,"Still better than cocain Khan. Drunk, high and idiotic all the time."
2020-05-06,Kildozer666,2020/05/25,"Again, fantastic communication. This type of back and forth would benefit the community greatly if it was consistent, rather than when the community is just about to boil over.

The quality and quantity of the content in-between Destiny’s September releases has been suffering for some time now. Even as we all look back now at the forsaken annual pass in fond memories , let’s face it that back then it was a disappointment too. It just looks great now because of this year’s season pass being such garbage. Not that they weren’t better than now, and had a little meat to them. I preferred the expansion pass model of vanilla D1 and D2. Two little bits to consider when thinking of the old expansion pass model that , IMO , neutralizes the “bad” that people remember about the expansion passes. 

&amp;#x200B;

1. Curse of Osiris and Warmind. Were they really that bad, or was D2 in such a bad space that they were destined to fail due to Bungie refusing to address to core issues of Destiny 2?? Imagine if CoO and Warmind had never came out and instead of Season 9 and 10 we got them, except with all the improvements made to D2 since Forsaken and Shadowkeep. Random rolls, quests. etc. 

&amp;#x200B;

1. Every content drought the occurred with expansion passes was because Bungie and Activision were trying to release and Destiny title every two years. After The Taken King, Bungie was going to release Destiny 2. They threw Rise of Iron together because Destiny 2 was behind. Since Destiny 2’s release, they haven’t had a content drought or had an expansion pass with the game in a playable state ( post forsaken) 

So to Start, the ideal situation for me is to have the content that we used to get in expansions and spread them out over each season. I just missing getting a few challenging and fun PvE endgame activities (raid lairs or small raids, or raid like activities like Ep, PoE, and menagerie) , new PvP maps, New strikes, Story, and other core Destiny activities throughout the year. On that note, I will say that the story build up of this season pass has been good. I like it. But can we get a strike? Strikes are cool ways to flesh out stories in this game!! A new Pvp map? An endgame activity for me to use these crazy builds I’m being offered in the game. There’s a huge disconnection from the game’s essential activities and the current story narrative. 

I get the impression that the peoples at Bungie are getting this feeling too with Luke Smith’s latest DC. In the past expansions we would get the story theme that had new missions, crucible maps, strikes, and endgame activities. All of which tied the narrative of the season in them. Also, having that narrative spread all over the open world of Destiny. ie Taken anomalies, SIVA infested maps, wolves and Swords of Crota pubs, new playable spaces that were narrative themed like mercury, mars (with EP), SIVA infested Earth, Dreadnaught, etc. 

Now, we get a horde mode activity, level up something for a few weapons, bounties, bounties, &amp; more bounties, a very little story narrative, and it all goes away at the end of the season. 

Second, is the cost. The expansion passes used to cost about $35-$45 for the year and you’d get all of the content, armor sets, and weapons. With the season pass model, it’s about the same amount of money annually, but with less content, and all of the really cool items are behind the pay wall with is the eververse store. So, not only are we paying $30-$40 for the annual content, but then we are also paying anywhere from $20-$50 per season to purchase the new season’s armor sets, finishers, sparrows, ships, shaders, skins, etc. I mean, I started season 10 purchasing the new armor sets for the Hunter and the Warlock, and a few finishers. All items that look amazing, super desirable, and not available in game. Roughly about $50 in silver. The whole season is $10. So far, that’s 150% the cost of the previous expansion passes in Destiny’s history. Two armor sets, a few finishers, and the content of a Y3 season for $20 more than the cost of previous expansion passes that offered a whole year of content and a lot more content and items in them that is earn-able and not eververse. Basically, it seems to me that the game is receiving more revenue than it used to, but getting less content and more items put behind a pay wall. Obviously I have no issues funding the game. I spend a lot of funds on my hobbies. I want everyone at Bungie farting through silk and driving nice cars. I just want the game to reflect that extra cost in the quality of the game and put the eververse loot into the game for me to chase. 

Side note : I’m understanding to Bungie being a self publishing studio with Destiny now, and don’t have the man power of the past to produce the amounts of content that they used to. My opinions on this is 

A) Less content due to less man power to produce content shouldn’t cost more money than content drops of the past. 

B) With the insane prices in eververse and season passes, can we hire more employees to fill that hole left from leaving Activision ?

Price vs. cost breakdown in my first comment to this comment."
2020-05-06,Cappuccino_Crunch,2020/05/25,Ok I'll try that later. I think I waited too long on the putty because it wouldn't budge
2020-05-06,keehu,2020/05/25,fkin hilarious
2020-05-06,FarrisAT,2020/05/25,"We all know what ""independent"" really means when only the US allies are calling for it"
2020-05-06,ehyoutiger,2020/05/25,"~~Mermaids (1990)?~~ Sorry that's not right

Paradise (1991)?"
2020-05-06,bigcreepo,2020/05/25,"That’s nothing, get back to work."
2020-05-06,imrozhkov,2020/05/25,this is so cool
2020-05-06,Miguel2592,2020/05/25,"If you played in Real Madrid  for a decent number of years, were a constant starter and won plus scored in a champions league final then it's pretty safe to assume you are elite"
2020-05-06,WunHunDread,2020/05/25,"Welcome to /r/shittywarrobotsmemes, enjoy your  visit!"
2020-05-06,not_a_deserter,2020/05/25,I saw a libleft asking for a anfash flair today so you never know with them.
2020-05-06,TwoPhoneTone,2020/05/25,Those aren’t spirit fingers. THESE are spirit fingers
2020-05-06,StefaN9510,2020/05/25,Why sometimes when you KNOW you are dreaming RC are not working?I sometimes get crazy because I can't tell a difference what is dream and what is life.
2020-05-06,imcurtisdean,2020/05/25,"Jeez Diamond 2 nice, just got a tw octane off my very first trade up ever last night somehow"
2020-05-06,ItsTheFactMan,2020/05/25,I thinks its good
2020-05-06,DeathRobotOfDoom,2020/05/25,"Of course you're not here ""often"", your account is like 10 minutes old.

Why would we want some random mythological fantasy to be real? Particularly one that, despite being bullshit, is still used to oppress people.

I'd rather choose some other fairy tale that doesn't demand intellectual suicide."
2020-05-06,PelloJello,2020/05/25,The shining!
2020-05-06,Teavo1,2020/05/25,"From what I’ve heard, the lsat isn’t at all what law school is like despite the fact it’s supposed to show your capabilities to do well there. Just because you get a lower lsat score than you’d like doesn’t mean you can’t be a great law student and a fantastic lawyer one day! Don’t be too hard on yourself."
2020-05-06,replies-to-retards,2020/05/25,Simple rules I hope people follow
2020-05-06,FoxRaptix,2020/05/25,"&gt; it was already litigated in the last election.”

odd, isn't one of the accusers still litigating against Trump right now?

Trying to get his DNA so she can prove he raped her..."
2020-05-06,UnleadedAlpha,2020/05/25,"This right here, I don't understand why people want him banned, if he is good enough then age should not even matter"
2020-05-06,Cleverpseudonym4,2020/05/25,"I understand the sentiment, but I hated it when my mom kept finishing my sentences with ""for now"" as I was expressing my feelings of grief for my then-recently deceased husband. "" I feel like my life has no purpose"" ""for now"". "" I will never have someone who makes me this happy"" ""for now"". It made me shut down. It felt like she refused to acknowledge the emotion I was feeling at the time, belittled it by expressing how transient it was."
2020-05-06,chicagoliz,2020/05/25,"He kept saying it was ""temporary"" but I think part of the plan was to keep extending that temporary as long as Derick toed the line.  Derick had a real job at Walmart HQ and had a genuine college degree.   At that point, it wasn't going to be so easy to have financial control over him as it was and would be for everyone else.   If they were living in the tiny house, Derick could one day easily say, ""we can buy a nicer house than this on our own - I don't have to do what you want.""  But he wouldn't be able to do that for a long time, if ever, if he wanted to get a house that was bigger and nicer than that one.   

JB didn't know Derick was going to lose his mind, quit, and start wandering the Americas with no job."
2020-05-06,somniculosa,2020/05/25,"probably not because i fear he wouldnt have taken me back like i did him. he didnt really trust me in the beginning of the relationship, despite the fact ive never cheated on anyone and have alwys been very vocally anti infidelity. i suppose he was projecting."
2020-05-06,mombaplatz,2020/05/25,You are defending him by saying its ok to do a little sexual assault as long as the other guy has more. 1 assault *is* the same as 20+ morally. No rape is good. It's not hard to understand this position. Voting for the lesser of two evils my whole life because I've been told vote blue no matter who has brought me to the choice between a conservative rapist and a conservative rapist.
