subreddit,author,date,post
2020-03-08,SteelKline,2020/05/25,"Honestly in my opinion the Tonfa is the best weapon for utility, so many options that it makes other weapons seem so much simpler."
2020-03-08,Sirtopofhat,2020/05/25,"People wanna say winning hurts them and I kinda understand. BUT I will say this why not just keep these guys together boom I mean they look solid to begin with,"
2020-03-08,Kiwibaconator,2020/05/25,"Greg's probably going to slice open the Ardents and still win.

But he's going to be using more grip than me at the same time.  Because it takes more grip to keep a faster rider on the trail.

It's these slow riders who think they need ultimate grip who don't get it.  Slow riders never need more grip.   They're completely mistaken."
2020-03-08,Miloslolz,2020/05/25,"Not surprising, they're the most popular race. Give the people what they want I guess."
2020-03-08,thejohnstocktons,2020/05/25,"Brace yourself...... the farts are coming!

Seriously though, I wish my pup would live to see 13. Enjoy it!"
2020-03-08,loosetoe,2020/05/25,"Oh yeah, all the child rearing posts aside.... That paint job is totally sick.  I wouldn't have thought spray paint would come out so well with such sharp lines.  You just used painters tape and a stencil?"
2020-03-08,bassGST,2020/05/25,The only thing I can think of is placement matches or PlayStation plus
2020-03-08,bforo,2020/05/25,I just question his ignorance and the ignorance of the people following him xD
2020-03-08,Ghosty388,2020/05/25,Is it true that Disney + might do a Thrawn series ?
2020-03-08,lostinverona,2020/05/25,It feels so weird knowing we’re not getting a Eurovision featuring either Dotter or Erika. It feels unreal.
2020-03-08,Doomama,2020/05/25,It’s fun!
2020-03-08,HoustonPlayzYT_,2020/05/25,oh cool
2020-03-08,Hark_An_Adventure,2020/05/25,"Is familiarity with Star Trek canon essential? I recently started watching TOS, but aside from that, my only real experience is with scattered episodes of TNG."
2020-03-08,BarakudaB,2020/05/25,I don’t see other glaring flaws that would warrant it a RL.
2020-03-08,LordOfBirds,2020/05/25,High skill commuting
2020-03-08,Liquid_Hate_Train,2020/05/25,Ok. You win the Internet this year. It’s a little early but sometimes that’s just how it happens. Time to pack up! We’re done here.
2020-03-08,transcribot,2020/05/25,"getting out of

my dysphoric

hellhole with

hormones

getting out of

my dysphoric

hellhole with

hormones

side effects

I couldn't

live with



---

v0.6.0 | This message was posted by a bot. | [FAQ](https://www.reddit.com/r/TranscribersOfReddit/wiki/index) | [Source](https://github.com/GrafeasGroup/tor) | Questions? [Message the mods!](https://www.reddit.com/message/compose?to=%2Fr%2FTranscribersOfReddit&amp;subject=Bot%20Question&amp;message=)"
2020-03-08,demibiboo,2020/05/25,"Thank you! I had a lot of fun with it, just doing random emotes like the fake laughter and crocodile tears. No one knew who I was or what I was doing, but I had fun!"
2020-03-08,GayinVistaCa,2020/05/25,It's amazing sucking a cock to completion.  Feeling it grow and go from a semi chub  to a rock solid erection.   Tasting the precum as he is getting closer and closer.  Makikg eye contact as you take him fully into your mouth.  Stroking his cock as you suck it showing your greed for his cum. Feeling his strong hands on your shoulder or head.  Sensing him starting to lose control and knowing very soon his stiff cock will be unloading a hot warm load of sperm that he can not stop!
2020-03-08,Mike_Krzyzewski,2020/05/25,Fully understanding rules is not allowed here when it comes to Duke. You should know this.
2020-03-08,justnopethefuckout,2020/05/25,"I'd like to get one, but with IBS and IC, toilet paper is always needed. Being a female during that time too.

Is the cold water too bad? I'm sure it definitely makes you feel cleaner."
2020-03-08,yasssssplease,2020/05/25,Bologna meat (whatever that super processed deli meat is). I used to eat that in a sandwich with mayo every day. *shudders
2020-03-08,cihg,2020/05/25,"not as old, 2018."
2020-03-08,toenailslurper,2020/05/25,"21 miles isnt a lot. And there is slight curvature there, you've just put the line below it."
2020-03-08,Hardtail19,2020/05/25,"It would be normal to see pretty much no activity after only 5 mins. As long as it doubles after the next 12 hours or so, you're good."
2020-03-08,thepr1nce1pal1ty,2020/05/25,"People talking about how smart dolphins are. It's the most recycled fun fact people bring up, it's not even that interesting, and everyone who says it sounds like they believe the dolphins from the hitchhikers guide to the galaxy are real. ""There so smart because they kill themselves, and masturbate. They also feel emotions like people. I'm pretty sure they like communicate telepathicaly. There like the smartest mamal on the planet."" That's what they fucking sound like!"
2020-03-08,audrinnah01,2020/05/25,Great thank you!
2020-03-08,Wobbles42,2020/05/25,"&gt; they are heavily armed

Isn't everybody?"
2020-03-08,Ugarit,2020/05/25,"I don't see how PASOKification will not happen to Labour if they alternatively eschew ""socialist"" roots and try to bring back Blairism. The only exception to such fake left centrist free market fundamentalist leaning ""social democracies"" dying out in favor of right wing parties is the case of Macron in France and Denmark's Social Democrats. Macron is a special case, and I'm led to believe the SD Danes have uncharacteristically abandoned identity politics and middle class friendly globalism.

The problem I think is that fundamental contradictions in the Labour party (and world wide social democracy) are coming to a head and are no longer reconcilable. Traditional blue collar workers no longer trust SD parties to represent their interests and values over ""populist"" right wing parties. Especially on cases of immigration. The PMC types that dominate most SD parties refuse to abandon globalism and neoliberalism, and frankly mostly hate actual economic left wing politics. It's one or the other, and neither is potentially big enough to survive a split."
2020-03-08,The_True_Keanu,2020/05/25,Anything else hit apart from the painted target is just collateral damage
2020-03-08,9TyeDie1,2020/05/25,Does that include putting your head at the foot end? Sometimes that helps me.
2020-03-08,MrDuckRocks,2020/05/25,I got the same card and I DDU and installed the latest driver multiple times same problem
2020-03-08,TrueStory_Dude,2020/05/25,"&gt;Don't be a fool, wrap your tool."""
2020-03-08,SchoolCocoa,2020/05/25,"No, I don't think I will.."
2020-03-08,Amsheel,2020/05/25,"Yeah but David Lynch's Dune is not exactly a classic, is it?"
2020-03-08,headingtoabyss,2020/05/25,"So you spend time enabling shit after everytime you visit new website. How is that not inconvenience. You can use it and waste time if you want. Don't know what websites you are browsing, that you think its a must."
2020-03-08,fayescarlet,2020/05/25,"Yeah, they are. I just get a bit salty that it usually only happens to male skins."
2020-03-08,Conflict_NZ,2020/05/25,"Nope, fuck them. I try and support OCHO and Whittakers as much as I can."
2020-03-08,ifeellikeglitterx,2020/05/25,I'll wait for you just like this 😇
2020-03-08,theorangemamba4,2020/05/25,"My memory is kind of bad so I don't really remember everything from high school, but I just remember definitely being in the top percentage of height. And there were pretty much no girls taller than me, and I'm two inches shorter than you. Where did you go to HS?"
2020-03-08,Doctor_Batman_115,2020/05/25,I mean I understand the paranoia about injecting things into your body. Substituting  magic rocks for vaccines is where it gets insane.
2020-03-08,Watermelon_Soldier,2020/05/25,"In USA bystanders see you fight they call the police, cameras record, police reports can be filed, charges can be pressed

In Russia if you fight in street and lose you either lose family honor or lose your life. That’s why khabib took this so seriously"
2020-03-08,mister_swaggger,2020/05/25,"oh yeah yeah i see brotha, It is possible to change pods single handedly!"
2020-03-08,victorian_fire,2020/05/25,"Victor couldn't help but laugh. Once he regained his composure he tried to be a little serious. ""Ok well my favorite thing has got to be...."" he thought for a second. He didn't really have a favorite thing. ""Ya know maybe team ice cream shall live to see the day."" He said laughing"
2020-03-08,coffeeshopslut,2020/05/25,"Olean was famous for it - that's why all the ""healthy"" Lay's were taken off the market"
2020-03-08,NotTaylorMead,2020/05/25,"Criterion is 144 of 152, so about 94%"
2020-03-08,fiendishthingysaurus,2020/05/25,He has a fucking brain tumor?
2020-03-08,pharmecist,2020/05/25,"Also don’t forget, higher voltage means you can deliver same power with less current.  Less current means less resistive power loss.

If you are feeling cheap, I know someone that converted their 5-15 plug to a 6-15 plug so they could double their charge rate with just a simple breaker and outlet change for about 40 dollars CAD in supplies.  Since the number of amps drawn doesn’t change, there was no need to increase panel capacity."
2020-03-08,Aorkas,2020/05/25,what would be the point of it then?
2020-03-08,copswithguns,2020/05/25,"Certain property can be seized without a warrant. I can take your cell phone if I have reason to believe there is evidence on it. I can’t access it until I have a warrant. The moment I know there is no evidence on it or I lied to get the warrant, I’m screwed (rightfully so.)

Firearms are basic to a free society and the bar must be high."
2020-03-08,SirLlahsram,2020/05/25,Wholesome Keanu 100 says your breathtaking!
2020-03-08,galacticamy,2020/05/25,Does 180 cm tall is still petite?
2020-03-08,AutoModerator,2020/05/25,"
This submission was removed. Self posts must contain some content and cannot be a title alone. Please see the [good submission guide](http://www.reddit.com/r/nintendo/wiki/goodsubmission) for details on what type of post are accepted.


*I am a bot, and this action was performed automatically. Please [contact the moderators of this subreddit](/message/compose/?to=/r/nintendo) if you have any questions or concerns.*"
2020-03-08,Left_Star_of_Chaos,2020/05/25,Is she blasting a blow dryer up her dress?!
2020-03-08,thunkbunk,2020/05/25,"Yeah, you're probs right"
2020-03-08,Starshine63,2020/05/25,"“Suicidal worthy” 
Shut up. Just shut up."
2020-03-08,DimbagKillmeister,2020/05/25,This video is sponsored by ray cons
2020-03-08,Bad_wit_Usernames,2020/05/25,"The over-encumbrance is something I even deal with as a level 120something player.  So you'll never get away from that but you just have to try to keep it to a minimum.  One way would be to gather as much crap as you can then head straight to a merch and sell away.

Caps can be earned by so many different ways.  Completing reoccurring events, finding high value items and server hoping to collect and eventually sell.  One item I know I normally go after is straight jackets.  You can find those down in Fort Defiance.  I think I remember there being something like 15 jackets in there and they sell up to 48 caps each (if you have the right perk cards selected and eat some grape mentats)."
2020-03-08,b0mmie,2020/05/25,"Oh this is lit, my coL Redline AK is gonna have 3 different logos LUL"
2020-03-08,KCRillem,2020/05/25,Agreed. Legs or meatgrinders are far superior.
2020-03-08,BBBjetlag,2020/05/25,ASAP Rocky do be a pretty guy though
2020-03-08,squashieeater,2020/05/25,Bro I’m a fucking whole month late to this but that is genuinely the funniest thing I’ve ever read. Holy fuck outstanding
2020-03-08,hock87,2020/05/25,Tbh I just watched this movie with my kids and I didn’t even notice her say it. It was an awesome movie!
2020-03-08,theantwisperer,2020/05/25,I don’t know why you are getting that reading from the upstream o2. The fact that you have a p0420 code would suggest a bad catalytic converter. The downstream or second o2 sensor is supposed to stay steady at around .5 volts. If it fluctuates wildly it means that the cat is not doing it’s job.
2020-03-08,Claud6568,2020/05/25,My first thought!
2020-03-08,RobotKitten,2020/05/25,Why would anyone reolace their stock ko2s with those?
2020-03-08,chainsawx72,2020/05/25,"Full time 4 year usps employee here confirms... also I do not get holiday, vacation or sick pay yet."
2020-03-08,2BlackPeople,2020/05/25,Bleach
2020-03-08,orchlon,2020/05/25,"No I got the mount locally, Amazon doesn't work in my country so I had to have the TV manually rerouted to me which is pretty expensive so , so I got the mount locally, it was one of 2 I could find that swiveled."
2020-03-08,outsidehappiness,2020/05/25,"They’re upset now but they’ll get over it. You know how much more upset they’ll be if you had to put your foot down because they’re behind on rent payments? Or if you end up having to evict them?

Their current financial situation is unstable, and even more so when the baby arrives. No landlord would ever make such a gamble."
2020-03-08,cyberbooster,2020/05/25,That’s a monitor issue :)
2020-03-08,B10Cat,2020/05/25,"Apparently a Marian Apparition called Our Lady of Good Success (in the year 1633) predicted that this sort of thing would happen. She said that in the 20th century, secular education would form, modesty in women would be severely attacked, as well as innocence in children. But then she says that when all hope is gone for the Catholic Church; it will rise up again."
2020-03-08,CodytheGreat,2020/05/25,I've learned C so to some extent that knowledge will translate over to C++. I'm a lot more experienced in Python. Thanks this all sounds very encouraging.
2020-03-08,damastapowna,2020/05/25,The ONE time Takeuchi didn't do his magic and we end up missing this one out.
2020-03-08,cokebrowedder,2020/05/25,Are there not different worlds?
2020-03-08,Justallyxo,2020/05/25,Yeah can't say I'd be proud of how much ive spent.. but its not a ridiculous amount haha
2020-03-08,MyCatHomer,2020/05/25,"Let your doctor know about your side effects. I’ve quit and restarted mtx probably six times. Just recently had to quit again for the same reasons you’re describing, and my doctor is putting me on a biologic that works without mtx. 
As far as the weed, I’m usually high about 70% of the day. Every day. I figure a life high without being wrecked by pain and nausea is better than a life just plain wrecked by pain and nausea."
2020-03-08,tampa_bae_lightning,2020/05/25,Except that guy was clearly a fucking plant while these guys vote Republican. Are you dense?
2020-03-08,cigarettecarnival,2020/05/25,"Personally, I just really liked his design and thought he seemed interesting. It is hard to say I have a good answer to this, as you're right, I don't know a lot about him clearly. 

I would like to see more though and learn details beyond speculation. 

I drew him mostly to contribute to content that wasn't AS popular as a lot of the other characters."
2020-03-08,RandomBoltsFan,2020/05/25,Yeah my guide is messed up but I have the correct pictures. We're good to go
2020-03-08,AussieHxC,2020/05/25,"York, Durham, Newcastle

.. one of these is not like the other 😂😂"
2020-03-08,loud-kirin,2020/05/25,This is childish
