subreddit,author,date,post
2020-01-06,Gamblr21,2020/02/16,"Starting a new channel might be a good option. Don't give those toxic people an easy chance to find you again. Maybe reach out to some loyal people and tell them you're moving to a new name.

As for the streaming you learning it. Go for it! You may even find other people willing to learn that you may help or even find a viewer who can help you better your code!"
2020-01-06,jimibenjamin,2020/02/16,"Holy shit that’s crazy, sorry man."
2020-01-06,Zesty-Sasquatch,2020/02/16,Oh nice! Any threesomes or group experiences amongst (or before) that?
2020-01-06,Falsecaster,2020/02/16,Apparently Alaska gets it own color?
2020-01-06,WhitneysMiltankOP,2020/02/16,Same here in Germany and free (paid by taxes) university. The military has insane problems finding new recruits (and does now with Youtube-series stuff) with the mandatory service being paused as well for a few years now.
2020-01-06,Flashkitty10,2020/02/16,L.O.V.E by Michael Buble
2020-01-06,Bnell699x,2020/02/16,Thank you!
2020-01-06,cfrench9292,2020/02/16,Send me a dm or chat
2020-01-06,DJ-Fein,2020/02/16,Notice he slid and didn’t dive
2020-01-06,Nyk0n,2020/02/16,I posted and it showed username and pin to blocklist site so i removed that and re-saved it
2020-01-06,captainapoll0,2020/02/16,You thank!
2020-01-06,BidetMidget,2020/02/16,"That diaper wearing inbred has been shooting at civilians and hiding behind his own for decades,
he committed war crimes after war crimes, but hey, some people’s hate for their president and self hate are stronger than logic or dignity it seems, or maybe they are just ridiculously gullible.

Go ahead, go praise that piece of shit, bet it makes you all proud."
2020-01-06,frankrizzo219,2020/02/16,I have no gold to give but I can offer you an awful waffle???
2020-01-06,OhioMegi,2020/02/16,"If he’s not living there, how the hell do you expect anyone to do more than buy you dinner now and then?!"
2020-01-06,GeekBoyWonder,2020/02/16,Outstanding explanation
2020-01-06,MustangBR,2020/02/16,"The USA Military has plans for literally everything,from invading every country to zombie fucking apocalypse

Difference is,just cuz they have plans to do those stuff,they don't do them,you didn't see the USA invading Canada in the 1900s did you? Well guess what,they had plans for that

Now imagine learning a guy that *FUNDS TERRORIST GROUPS* (oh yeah you did not mention that part) is planning to blow up your shit (and when they plan something they *actually fucking do it*

But,ur rite,Orange man bad"
2020-01-06,WiseChoices,2020/02/16,"I, too,  have had amazing visitations. 

It is a wonderful moment."
2020-01-06,MissingNoh_,2020/02/16,"It's also probably the world's most unknown protest since no one's ever heard of it other than ""Karens""."
2020-01-06,Iamatheaternerd,2020/02/16,Learning another language
2020-01-06,talentlessclown,2020/02/16,How does today compare? Very smokey right now out near Smythesdale :(
2020-01-06,snapeismyfather,2020/02/16,"Oh dear, that is a predicament. Is there a way to anonymously inform the police in her country? A follow up question would be, does this country take pedophilia/sexual assault seriously?"
2020-01-06,Spankynewman,2020/02/16,First thing I thought of was Range Rover Evoque.
2020-01-06,Sybris,2020/02/16,"Brilliant is a stretch, he's just a good player."
2020-01-06,WarDog25,2020/02/16,"Meh, Tiny still has some amount of innocence if only because he's too stupid to see what he's doing is wrong. As far as he knows, squishing bandicoots makes his boss happy and by extension, comes off as him doing 'good', so he does just that. And he only ever does evil deeds because he's ordered to. Otherwise he just minds his own business by working out and (accidentally) breaking things.

This passiveness (but mostly his brute strength) is probably the main reason Aku Aku chose him for Bash."
2020-01-06,Alex0330,2020/02/16,"That one day a random woman could accuse me falsely of rape/abuse and my entire life would be ruined.

Edit: I know it's very very unlikely, but still I heard a few stories like this and I'm truly terrorized only by the thought."
2020-01-06,TuffMastermind22,2020/02/16,you are disgusting!
2020-01-06,CAce99,2020/02/16,"Thing is tho, he is playing normal and that's pretty wack"
2020-01-06,chipsiesalsa,2020/02/16,IIRC he went to school some (Christian school I think ) and he was also homeschooled some
2020-01-06,Seth_Walker,2020/02/16,"Lol, if only you knew. Btw, not our of arguments, especially since it's literally part of my job, to forsee what people actually want in media, I just don't care to continue a useless conversation with a dolt stuck in circular logic."
2020-01-06,crane953,2020/02/16,Is this the next heist?
2020-01-06,dangerously-amish,2020/02/16,Not making the playoffs is your daddy cowboys
2020-01-06,DiatomicBromine,2020/02/16,"if pc

Disable enhance pointer precision in mouse settings

Else if not PC

Yer fooked"
2020-01-06,raelDonaldTrump,2020/02/16,Morning *coughee*
2020-01-06,freeforming,2020/02/16,There's some lore elsewhere in the thread I've included that is about just this.
2020-01-06,khodor2012,2020/02/16,"People in the south are majority Shia so yes, they tend to support Hezbollah more. The thing to understand is that Hezbollah has been an integral asset to defending Lebanon in the past and liberating the Israeli occupied areas, they also help out a lot those who are militantly engaged and their families financially, so people who support them at the core do that either because of history/out of gratitude, or simply out of survival instinct. When it comes to your middle class lebanese average Joe, support is usually pragmatic. People argue that the Lebanese military is not enough to defend the country from Israel and that while they're not a good entity we should look past that to preserve Lebanese sovereignty.But this line of thinking is falling out of favour. It's obviously much more complex, we have about ten big parties each with their own views on Hezbollah."
2020-01-06,Pastirica,2020/02/16,"if you're right at the back, you're already in hell, munching on those bug bars"
2020-01-06,RedMoet,2020/02/16,Thats not my phone number.. thats the number that text me
2020-01-06,HairyFishFace,2020/02/16,"I guess - but why record a car in traffic? Why not just take a picture? The odds of videoing at this exact moment are so slim too... I’m not saying it’s impossible, just seems verrrry unlikely imo"
2020-01-06,sirchaks,2020/02/16,"So happy to be here apart of the community. Congrats on all the deserved success, and cheers to many more years to come!"
2020-01-06,Certavii,2020/02/16,"It’s because the one on the left is a curved monitor (both 27 inch) and I mainly work on the 4K monitor and use the MSI one for gaming. It works perfectly for what I do; however, the dual monitor arm / the MSI monitor can’t adjust the heights accordingly... so it’s basically fixed until I get a new arm stand / new monitor haha"
2020-01-06,FriendOfSeagull,2020/02/16,Now Doug with the gum
2020-01-06,Purple_oyster,2020/02/16,Trump cares and he is not happy at all about this loss.
2020-01-06,NEOne46T9,2020/02/16,Do u not know how to dm?
2020-01-06,Sigolirous,2020/02/16,"You don't really have to use machine learning to to it. Just create a dictionary where the index is the name of the character and the value is another dictionary with its characteristics. Then, with every row of characteristics that your bot don't guess, you ask the user to input the name of the character he was looking for."
2020-01-06,nocaptain11,2020/02/16,I play with a bunch of dudes who can read even the hardest shit on the gig. And they can’t do rehearsals because they’re busy playing other gigs. Because they’re so good. Haha
2020-01-06,Gmannn15,2020/02/16,It gives credibility
2020-01-06,chasey_dc,2020/02/16,And Nurk. And Skal. And any injured player.
2020-01-06,RoundTwoElectric,2020/02/16,"Early gen Z not millennial but I live in England. Have a very good friend who is Venezuelan; her family had to move here because of the state her country is in, she was lucky that her father was an airline pilot and could do so easily but other people apparently aren’t that lucky. She’s got some trauma going on from the whole experience

Enter Other Guy. Upper middle class, calls himself an anarcho-communist. He honestly got in an argument with my friend about how communism and the state it’s left Venezuela in isn’t really that bad because on one occasion/in one year their economy took a bit of an upwards turn. Refused to listen to her actual experience living there"
2020-01-06,-Avatar-Korra-,2020/02/16,"I think you should investigate the other effects of climate change, it is not just the average temperature dropping. This isn't promoting panic and you're being willfully ignorant of the facts surrounding our world right now."
2020-01-06,Free_TomBrady12,2020/02/16,"Jerry is still *nominally* your GM though!

**GOTCHA**"
2020-01-06,lettingpeopleknow,2020/02/16,"Which was hypocritical, because a few seasons earlier, Tyra tried to have the gap in a different girls teeth filled in.  The girl refused, and ended up winning.  Just so happened that having a gap tooth became a very trendy thing in fashion modeling, and Tyra wanted to keep up.."
2020-01-06,jenouto,2020/02/16,coffee + hot chocolate mix is pretty tasty
2020-01-06,Nintendog24,2020/02/16,Bet that bitch forgot the sunny D and tried to give you orange juice
2020-01-06,BCSinReverse,2020/02/16,In the head
2020-01-06,quibbii,2020/02/16,"It isn't. The federal conventions don't care at all about marriage but without government intervention gay marriage, interracial marriage and caste marriage would all be illegal today."
2020-01-06,ThinkingPenoy,2020/02/16,Fact: Fishballs are inflation-proof.
2020-01-06,newwark,2020/02/16,I'd do bad things to you in and out of those
2020-01-06,Jadentheman,2020/02/16,We're way behind schedule. Yang should have been around the high single digits around November and December and start to enter double digits right now. Staying stuck at 2-3% still at this point is NOT ok. Please Phonebank and Canvass.
2020-01-06,Novak121611,2020/02/16,Bro our oline is dangerously bad !!!
2020-01-06,Hobble_Cobbleweed,2020/02/16,There’s literally one good player on the eagles defense. Jfc learn how to tackle
2020-01-06,El_Quico,2020/02/16,"Taoism has interesting intersections, as do many indigenous spiritual practices. Other than that, I wouldn't fuck with it, but to each their own."
2020-01-06,Parlez1,2020/02/16,"No, this is Major compared to Tania. Anna is one of the worst cast members"
2020-01-06,knightofday87,2020/02/16,Kerry is one person in a large network of people working for Iran in the US
2020-01-06,mr_killmeh,2020/02/16,ive completed 1% of the year
2020-01-06,jasonmodisett,2020/02/16,"In that code you are creating a new window and setting the root view controller of that. What you need to do is change the root view controller of the application’s main window. 


        UIApplication.shared.windows.first?.rootViewController = mainVC
            UIApplication.shared.windows.first?.makeKeyAndVisible()"
2020-01-06,iCorpsEYT,2020/02/16,"I had a chicken tortue dungeon that hovered over lava. As a chicken was flapping to fall slower, my fox jumped over the fence to kill it, and did kill it! Right before jumping in lava. That fox was my favorite pet at the time."
2020-01-06,Speedyleaf,2020/02/16,"oh but you see, Free heating comes in the package for such a luxurious condo"
2020-01-06,nsmacc,2020/02/16,"Definitely agree, have nearly the same music taste as you and Caroline Polachek would be right up your ally"
2020-01-06,rustang2,2020/02/16,"All about the comma, forgets the period."
2020-01-06,Genocid-e,2020/02/16,"He’s neither, but in all honesty if you guys were competing what would you do? I get both sides of the argument Clay at this point doesn’t care because he has teammates that are good at it, and these developers have not addressed the situation at all showing 0 care for it, and if it continues to be like this they’ll eventually NEED to use this in the league because MW dev have not mentioned still. I just don’t see a solution unless movement is nerfed, but at this rate with the league soon that doesn’t seem like it’ll happen"
2020-01-06,Ol_Rando,2020/02/16,There’s some things in life you wish to be true so badly that you will it into existence. I’m going to assume this is one of those moments.
2020-01-06,BreezyWrigley,2020/02/16,full circle... watch some guy bang his step-sister while i share my pornhub with my mom
2020-01-06,pola87,2020/02/16,This is pretty well done good job bruv
2020-01-06,mily_wiedzma,2020/02/16,The Netflix show do not retell the book series frame by frame. This is a different story and timeline
2020-01-06,CaseFace5,2020/02/16,Regardless if it’s staged or not this shit happens. So it’s not out of the realm of possibility.
2020-01-06,RLCD-Bot,2020/02/16,"Team: Blue

Primary Color: E10

Primary Paint Finish: Trigon

Accent Color: A1

Accent Paint Finish: Trigon

Design Submitted By: u/Tubbie0204

Form Link: https://git.io/Jej3t"
2020-01-06,Turtle_Sensei,2020/02/16,Lol I couldn't resist.
2020-01-06,hennedy,2020/02/16,I was waiting for Cam Jordan to say his usual dumb shit. Did not disappoint.
2020-01-06,Luft30,2020/02/16,"probably end screen, you can see what the range of the longest shot made there."
2020-01-06,coolmandan03,2020/02/16,"No, I have a realistic approach to environmental protection (I work on environmental assessment documents for work). People that think they can put a couple of solar panals on their roof and live an unsustainable lifestyle are making the movement look bad. It's like the idea reddit keeps brining up with powering the entire US with a giant array in Arizona - people who have no concept of how the power grid works.  Banning plastic straws is also not a solution to the plastic pollution problem either, yet many are eager to jump on that band wagon.

Did you find any other nest things in my post history, stalker?"
2020-01-06,SlowdanceOnThelnside,2020/02/16,Everything’s fine in moderation. Try and consume it just before or after a workout so your body will use more of the carbs towards that energy demand rather than try to store it as fat for later.
2020-01-06,UF8FF,2020/02/16,"That makes a bit more sense. He’s constantly immersed in the US. It would be weirder if going back to the UK, he never shook the US accent"
2020-01-06,Jambo_r_12,2020/02/16,"Burn it to the ground, it was born from criminals."
