subreddit,author,date,post
2020-01-10,thr0wfaraway,2020/02/16,"You should start screening people before dating and definately before fucking them, go check out the screening starter kid.

You are giving up all the tons of benefits of having a CF partner, and that's a massive sacrifice, and you don't get those chances back. If you want a longer term partnership, having a series of short term fuckbuddies isn't going to get you where you want to go.

And yes, he's a fuckbuddy. You are not in a ""relationship"" unless you have a shared vision of the future that you are working on building together as a partnership. And kids/not is the biggest decision in a relationship. So no matter what, you can never be more than fuckbuddies with this guy. And he'll find his babymomma soon enough.

Time to raise your standards and move on. :)"
2020-01-10,designstudiomodern,2020/02/16,Nah. People need to do some research. Not every day is Stupid Question Sunday.
2020-01-10,Vampyrix25,2020/02/16,that kid is a fucking NEERRRRRRRRD^^^^^^^^^/s
2020-01-10,CommandoDude,2020/02/16,Oh my god that just makes it so much worse...
2020-01-10,sisyphus-toils,2020/02/16,"The guy (presumably) is asking to be educated on a potential ignorance/stereotype and gets downvoted? Way to move the needle, Reddit."
2020-01-10,Conzy97,2020/02/16,We do not speak of 2013 lol
2020-01-10,grumpymom247,2020/02/16,Oh my gosh they are DELICIOUS
2020-01-10,Ochadesu,2020/02/16,"r/expectedthanos
r/expectedthanos
r/expectedthanos

#Your plans clash with my own. I will not let this pass. &gt;:("
2020-01-10,Nyjets2828,2020/02/16,I did a similar thing where t-w-t I spent an hour after work each day studying then a full PT every Sunday - I used khan academy cause they lay out the drills and do it based on what you need to work on then a PT once you do enough drills/full sections - worked for me!
2020-01-10,Domebeers,2020/02/16,Gosling is a fucking cuck in blue valentine just sayin
2020-01-10,snatch3rtek,2020/02/16,And they’re the zebras my unattainable fave :)
2020-01-10,decisiveAlpaca,2020/02/16,Surprised Khabib is so high on that list. Until he contends and wins at other weight classes he shouldn't be in the top 5 p4p ranking.
2020-01-10,PartyRooster,2020/02/16,Hell Yea man! I am gonna hold you too that. I want you to DM me your donut. Any progress you make even if you just make a circle. You got this broski.
2020-01-10,LeChovenz,2020/02/16,Which version of stardew valley is it? I'm not sure about those two as well.
2020-01-10,gansgstabub,2020/02/16,"Keanu Reeves: YOU'RE BREATHTAKING
Nobody:
Wholesome 100
Breathtaking 100
Nobody:
Thanos:snaps and does fortnite emote (YUCK)
Nobody:
Instagram:Kills Minecraft and uses emojis
Everyone disliked that
Nobody:
Shit: 100
Reddit:Kills Instagram NORMIES with le dankmemes
Holy shit dude you fucking killed him!
Nobody:
Pewdiepie:Revives minecraft and kills fortnite(GOOD)
Everyone liked that
Nobody:
Destruction 100
Sneak 100
Keanu Reeves dog:Dies from thanos snap
Nobody:
Not even a single soul:
Keanu Reeves:Kills thanos with diamond sword
Nobody:
Dank 100
Keanu 100
Nobody:
Pewdiepie:Gets married and does le frick(EPIC)
Nobody:
Sex 100
Marzia 100
Keanu Reeves:Helps delete non-gamers with Elon Musk (LMAO)
DANK 100
SNEAK 100
DESTRUCTION 100
Fine I'll do it myself (HAHA LE FUNNI THANOS QUOTE)
Everyone liked that
Pewdiepie:Let's get Keanus dog back!!! (LMAO)
Keanu:No,no I dont think I will
What????? 100
Poop 100
Pewdiepie:Say sike right now
Keanu :Jk jk YOU'RE BREATHTAKING (PHEW)
PEWDIEPIE AND KEANU GET HELP FROM LE FUNNI DANKMEMES SUBREDDIT AND GET LE DOGGO BACK!!!!!(EPIC)
BITCH LASAGNA
Wholesome 100
BREATHTAKING 100
Dank 100
Everyone liked that"
2020-01-10,AutoModerator,2020/02/16,"Welcome to /r/dating_advice!

Please keep the [rules](https://www.reddit.com/r/dating_advice/about/rules/) of /r/dating_advice in mind while participating here. Try your best to be kind.

Report any rule-breaking behavior to the moderators using the report button. If it's urgent, [send us a message.](https://www.reddit.com/message/compose?to=%2Fr%2Fdating_advice) We rely on user reports to find rule-breaking behavior quickly.

Thanks!


*I am a bot, and this action was performed automatically. Please [contact the moderators of this subreddit](/message/compose/?to=/r/dating_advice) if you have any questions or concerns.*"
2020-01-10,DesoTheDegenerate,2020/02/16,"Aww thanks. We hope so too. We have this long term plan to buy a house in The Seattle area after I finish school in Florida. Both of us said that we plan to propose to the other once we are in the PNW, after a long day hike to the top of a mountain and a nice picnic. 

We both came up with this idea individually when we talked about what the most perfect proposal you could think of is. Now I guess it’s a race to see who pops the question first once we are out there(or maybe even before then)"
2020-01-10,Blazing_Buizel_7,2020/02/16,Didn’t this thread start with you hating someone for playing basketball?
2020-01-10,Tressk,2020/02/16,"She's okay, but Orange-chan has it where it counts"
2020-01-10,FuckMississippi,2020/02/16,Champed and boosted devil is a BEAST
2020-01-10,Fireboyrules,2020/02/16,Do you want to explode
2020-01-10,paxsnacks,2020/02/16,That is Under by Snohetta
2020-01-10,Kustwacht,2020/02/16,That photo though...
2020-01-10,Jawaka99,2020/02/16,They sell whatever shovelware publishers can't sell anywhere else.
2020-01-10,thisistrashy28919,2020/02/16,"Even so, a voice that tells her thoughts could work, especially a VA with a pleasant voice similar to how everyone else thinks of Komi"
2020-01-10,moonlightavenger,2020/02/16,Yeah. Exactly. It's never good to put people on the spotlight like that. I'm glad she liked it though.
2020-01-10,BMM490M,2020/02/16,"Sorry, I tried to make too absurd and didn't think I need to specify rj/. But fixed anyway"
2020-01-10,mdkb,2020/02/16,"bru, for the threesomes i get , i promise you i am not lying when i say its soooooo worth it. you have no idea."
2020-01-10,miballenaestadormida,2020/02/16,Yes... Welcome to my life.
2020-01-10,Pyrizzo,2020/02/16,Still waiting
2020-01-10,AngC1998,2020/02/16,I believe this is a squirrel.
2020-01-10,highAF94,2020/02/16,"I abused weed around 2 years in my depression times. It gave me both apathy and anhedonia. Apathy is gone but anhedonia sadly stays. I'm definitely not depressed at all. It's fully treated and gone.


Weed is grass. And grass is grass. Weed only makes me feel dumb and anxious. Can't get old highes(watching funny stuff laughing and munchies all gone)"
2020-01-10,Saltybuddha,2020/02/16,Fantastic. Yours?
2020-01-10,Zenbie333,2020/02/16,Thanks!
2020-01-10,AutoModerator,2020/02/16,"**Your post has been removed due to insufficient demographic information. We require that you provide **AT MINIMUM** your age, approximate height &amp; weight, gender, medications you take, smoking status, previous and current medical issues, duration and location of complaint, and a photo (if it's a skin issue). Please include as many additional details about yourself as you can, so that the users of /r/AskDocs can best assist you.

**The most common reason for removal is formatting age and gender wrong! Some ways to get the AutoModerator to accept your post is to include ""male"" or ""female"" or write the two combined as [year][letter], e.g. 22F.**

**DO NOT EDIT THIS POST TO FIX IT!** Please [submit a new post](https://www.reddit.com/r/AskDocs/submit?selftext=true&amp;text=Age%0A%0ASex%0A%0AHeight%0A%0AWeight%0A%0ARace%0A%0ADuration%20of%20complaint%0A%0ALocation%0A%0AAny%20existing%20relevant%20medical%20issues%0A%0ACurrent%20medications%0A%0AInclude%20a%20photo%20if%20relevant) with the required information. This post has been removed and your edits will not be seen.

**IF YOUR POST WAS REMOVED IN ERROR,** please post again using the [provided link](https://www.reddit.com/r/AskDocs/submit?selftext=true&amp;text=Age%0A%0ASex%0A%0AHeight%0A%0AWeight%0A%0ARace%0A%0ADuration%20of%20complaint%0A%0ALocation%0A%0AAny%20existing%20relevant%20medical%20issues%0A%0ACurrent%20medications%0A%0AInclude%20a%20photo%20if%20relevant). **DO NOT MESSAGE THE MODS ASKING FOR YOUR POST TO BE FIXED.**

**IF YOUR QUESTION IS A DISCUSSION QUESTION AND DOES NOT REQUIRE DEMOGRAPHIC INFORMATION,** please post to our Weekly Discussion/General Questions Thread (2nd sticked post on the front page).

*For any further questions, refer to [this recent sticky.](https://www.reddit.com/r/AskDocs/comments/99uupb/required_information_so_your_post_doesnt_get/)*

*I am a bot, and this action was performed automatically. Please [contact the moderators of this subreddit](/message/compose/?to=/r/AskDocs) if you have any questions or concerns.*"
2020-01-10,CluckenDip,2020/02/16,What about a union strike? What happened?
2020-01-10,imjunsul,2020/02/16,Of course. Anyone not biased or racist would know that would be one of his goals.. he doesnt seem the kind to attack Republicans and would listen to all ideas.
2020-01-10,thelochok,2020/02/16,"If you're in a mood for some more humorous CYOA books, I can highly recommend Ryan North's 'To Be Or Not To Be' and 'Romeo and/or Juliet'. Both very funny takes on Shakespeare.

The former at least is available as an app on Android too."
2020-01-10,keepitcivilized,2020/02/16,theres no way they didnt know
2020-01-10,thatcoolguy27,2020/02/16,"He probably noticed them too late,  that's why he was trying to stop."
2020-01-10,thefreshpope,2020/02/16,"bruh, he didn't play the hammer on section which is the best part of the entire riff. still ridiculous how nice a tune it is live though"
2020-01-10,weedpornography,2020/02/16,"I should probably clarify that they're all accessories. Mostly necklaces, rings, etc."
2020-01-10,frostye84,2020/02/16,"I’m hoping for the same thing, cute tush too, many blessings to you 😉😘"
2020-01-10,Dirty-Dan11,2020/02/16,Shanxi can turn into Guominjin which can unite China I believe
2020-01-10,sommarnejlika,2020/02/16,I’m the penis
2020-01-10,The_pun_fart,2020/02/16,Very true. But look 20-30 years from now. Those books will be nightmare tales of a bloated wannabe dictator.
2020-01-10,SometimesIpaintstuff,2020/02/16,"Thank you for posting the HD version, this is one of my favorite pieces of art in the whole set and my very favorite 2 characters in all of MTG!"
2020-01-10,tangoloose,2020/02/16,Zebra midges and rs2’s are the ticket right now.  Solid work!
2020-01-10,LilGasPipe,2020/02/16,"Jesus, are you fucking me?!"
2020-01-10,helemikro,2020/02/16,Can I get a link. I wonder if im a psychopath
2020-01-10,imdad_bot,2020/02/16,"Hi not convinced this will quell Islam, unless the idea is to continue the repression forever, I'm Dad👨"
2020-01-10,Bluebucketandspade35,2020/02/16,"Try to stick with her plan if you can.

I'll be honest I'm struggling and totally burnt out right now. But there really is method to her madness, as they say.

Do clothes first, then books, then papers. Then start on the komono, which is everything else. There's a reason she's put it in that order.

The lesson I've learned is for komono, to have lots and lots of very small categories in komono. I burned myself out by trying to do too much at once. So instead of doing 'bathroom' you could try to do 'hair care', 'skin care', 'towels', and so on break it down into small chunks.

I'm going to take a break then try again with my small categories. I wish you good luck with it all. It's easy to feel overwhelmed, and you are not alone."
2020-01-10,ebooksclub,2020/02/16,I have it Pmed
2020-01-10,bluewafflestomping,2020/02/16,Agreed. I poked my head in to HT the other day only to find that it's entirely dedicated to pop culture fandom's now. Disappointing.
2020-01-10,kinyutaka,2020/02/16,"1. To get rid of transgender issues in using the bathroom. A trans-girl can feel safe she won't be raped in the boy's room, and the girls don't have to worry about sharing the girl's room with someone with a penis.

2. In retrofitted or small offices and schools, the gender-neutral bathroom is also a handicapped-accessible bathroom, so boys and girls with disabilities can use the facilities."
2020-01-10,PlasmaGruntWill,2020/02/16,seeing as Tundra is more exploration than battles i could see Armor being lvl 70-100 and Tundra being just 70-80+
2020-01-10,TemHasReddit,2020/02/16,"I can see his teeny tittle eye 😢 omg i have a 1 year old brother this genuinely makes me feel so lucky, yet i feel horrible for these people."
2020-01-10,_AquaFractalyne_,2020/02/16,Oh that's helpful! I need to look up a walkthrough and see where it goes. I'll try the walk through walls cheat and see if I can continue the game :)
2020-01-10,BRSM24,2020/02/16,The splitter change in 17 hurt also. Jimmie hasn't won since.
2020-01-10,relaxguy1,2020/02/16,"That's a nice clean well kept fresh looking cock , I'll give it a 10"
2020-01-10,p22spidey,2020/02/16,my first wonder woman 1984 meme cool
2020-01-10,classic_ams,2020/02/16,"You're on the right track. It's very respectable that you realize you dominate conversations and want to make a change. Being a big talker is a fantastic trait, but dominating conversations isn't. Since you are experimenting with not talking as much, you will definitely learn social cues to speak up. It's only day 9 of 2020. 

It also sounds like your job (even though you sound great at it) might be understimulating. If I'm not talking, working, writing, or reading, I go mad and end up talking the ear off anyone I come into contact with. Does your company have an employee newsletter/email that you can work on in your downtime? Can you reply to and monitor company reviews? I mean, hell, even some data entry during your downtime will keep your mind stimulated. You should ask!"
2020-01-10,LeMasterofSwords,2020/02/16,Honestly part 6 has amazing covers.
2020-01-10,kungfruit,2020/02/16,"He is ranked #3 S rank in the anime, what more can u expect."
2020-01-10,AutoModerator,2020/02/16,"READ THIS MESSAGE! Your post was removed because we require a minimum ***account-age and karma*** that you do not meet.  In an effort to prevent spammers/bots from circumventing this filter,***the minimums are not disclosed***.  No exceptions will be made.  Messaging mods for the minimums will result in a 30-day ban.

*I am a bot, and this action was performed automatically. Please [contact the moderators of this subreddit](/message/compose/?to=/r/NSFW_GIF) if you have any questions or concerns.*"
2020-01-10,Formaggio_svizzero,2020/02/16,&gt;man being content with being alone too seen eating ice cream alone!!11!!
2020-01-10,CarrierSky1,2020/02/16,"Hey friend! You might want to check out r/indiemusicfeedback. It has a 3 comment requirement before posting, so you will be much more likely to get feedback there!! Don't let the name deceive you; the ""indie"" stands for the artist independent of labels. It's a community for all artists, all genres. We hope to see you there!! :D"
2020-01-10,ignoble_ignoramus,2020/02/16,"6-8 hours is a long time, but workshops go faster than you'd think. 

I'd recommend building some application (like the blog you mention) throughout the course of the workshop. I wouldn't save building it until the last 2 hours, nobody wants to sit through 4-6 hours of straight lecture. I would introduce some topic and then weave it into something practical."
2020-01-10,Josie13209,2020/02/16,Do you mean antisocial as in the actual definition of antisocial as in anti-society and sociopathic or do you mean asocial?
2020-01-10,WhatIsThisBot,2020/02/16,"You have been given one point for this answer.  
  Thanks for contributing!  

  ^^^sunshinecharlotte2 ^^^awarded ^^^to ^^^EvilDog77 ^^^\(3\)"
2020-01-10,Gillzathrillza,2020/02/16,"Also live here, can also confirm - stunning."
2020-01-10,BenJamin3two3one,2020/02/16,Will be calling them thank you.
2020-01-10,epiccheeseburgermama,2020/02/16,"He is very old, 14years. So, he is blinking and blind.

&amp;#x200B;

He's an 100/10 good pupper"
2020-01-10,weaslebubble,2020/02/16,"The police are legal enforcers and acting in that capacity. The assassination and threats put forth by Trump were illegal actions by a bully. It's more akin to a drug lord threatening a drug dealer and him shooting his friend.

If Trumps actions hadn't been ill thought out and illegal then yes it wouldn't be his fault. But then the plane wouldn't have been shot down so its moot."
2020-01-10,Axolotl_lobster,2020/02/16,Who actually is that?
2020-01-10,ImBettyBlackwell,2020/02/16,"Try manufactured hipster hype.. might be all one word, lower case"
2020-01-10,NickrasBickras,2020/02/16,"Imma let you finish, but let me just say that while MJ was definitely weird with kids, there was never any documented sexual assault."
2020-01-10,Scorch062,2020/02/16,Go to the ultimate team sub
2020-01-10,spyingwind,2020/02/16,"This depends on the version of VMWare you have installed.

v5: https://pubs.vmware.com/vsphere-50/index.jsp?topic=%2Fcom.vmware.vsphere.vm_admin.doc_50%2FGUID-C6F24FB3-CC9D-4B5B-8469-24D84FB17B99.html

6.7: https://docs.vmware.com/en/VMware-vSphere/6.7/com.vmware.vsphere.update_manager.doc/GUID-AA1EAFA8-E386-48D6-9F7B-D06399742AAA.html

Or run something like [this](https://github.com/quonic/weakshell/blob/master/Powershell/PowerCLI/Upgrade-VMwareTools.ps1) when ever you want to force updates.

N-Central shouldn't be needed to do this other than maybe force reboots once a month."
2020-01-10,Anti_Fortniter,2020/02/16,Good that we could cone to an agreement
2020-01-10,SunshineBS,2020/02/16,"I've been where you are. I'm going to gently nudge you to double check your health. Doom and gloom is normal for a while but not long time. Helpful options can be found to improve it.
Also, the program ""you need a budget"" helped me a lot to calm the anxiety. Watch the videos free. 
Volunteer at the food bank to meet people who know how to be happy in tough circumstances!
Good luck."
2020-01-10,NFCAAOfficialRefBot,2020/02/16,"Memphis has submitted their number. UMass you're up. You have until [01/10 07:00 PM EST](https://www.timeanddate.com/countdown/afootball?p0=0&amp;msg=Playclock&amp;iso=20200111T000001).

It's 1st and 10 on the Memphis 42. 4:31 left in the 1st.

/u/ssb_hopeless and /u/rhino1124 reply with **run** or **pass** and your number. [Play list](https://www.reddit.com/r/FakeCollegeFootball/wiki/refbot) [](#datatag{""action"":%20{""__enum__"":%20""Action.PLAY""},%20""thread"":%20""elw8qs""})"
2020-01-10,secret3332,2020/02/16,"Yeah it definitely is. You think you do, but you dont. There is very little advantageous about knowing who is in a party, but there were a lot of issues with people gging in the first minute because they saw a stack on the loading screen."
2020-01-10,K0987654321234567890,2020/02/16,"I do the exact same thing. And it’s so frustrating because it’s in our nature as 2s to not walk away, to not stop loving and caring for them.
I think the best thing we can do is remind ourselves that by staying around someone that hurts us, we’re betraying ourselves and our needs. It’s only just going to keep causing us more pain.
But I’m really unsure how to get to that point of being able to once and for all let go."
2020-01-10,ripnetuk,2020/02/16,"Thank you. I already run my lab on docker so a lot of that I already knew, but good tips about combining package update with install to play the caching engine :)"
2020-01-10,Wirthy_Aus_138,2020/02/16,I thought it might be a Rolling Stones reference but I was wrong by the comment section
2020-01-10,Toomanyplantfriends,2020/02/16,"We’re pretty set on Florence for baby girl. We don’t love the nickname Flo, but we love Flora, Floss, and Florrie. Middle name will be Leona after my grandma!"
2020-01-10,BathToasster,2020/02/16,"Galar WAS completed. They are releasing Pokémon that weren't added in yet for free, and the other areas are extra things, or new content. They state in the direct that no Pokémon are going to be behind a paywall, did you even watch it?"
2020-01-10,PureCr0ss,2020/02/16,She*
2020-01-10,hewesw03,2020/02/16,Mine are somehow both
