subreddit,author,date,post
2020-04-29,acruelwrld,2020/05/25,"Website will be updated over the coming weeks, moreso operating as a landing page for the interest check at this point."
2020-04-29,anonlymouse88,2020/05/25,"You're only a freshman?? Taking precalculus is definitely a start to improving your math score. As for reading, I found that studying SAT English sections helped me with the ACT reading section. Unless this is for a program, you should wait until at least sophomore year to really study. Good luck and stay safe!!"
2020-04-29,VelocityR3D,2020/05/25,What everyone’s survival inspires to be.
2020-04-29,Delta286,2020/05/25,It's all fun!
2020-04-29,FGYFrancis,2020/05/25,"Yeah, there are. I will mention that to him. I don’t think he cares if I use it (which I forgot to mention that I still have it on my phone but I actually only log on to view his profile lmao)."
2020-04-29,LegoLinkBot,2020/05/25,"[6981-1: Aerial Intruder](https://brickset.com/sets/6981-1) [[Photo]](https://images.brickset.com/sets/images/6981-1.jpg)

[6887-1: Allied Avenger](https://brickset.com/sets/6887-1) [[Photo]](https://images.brickset.com/sets/images/6887-1.jpg)

[6988-1: Alpha Centauri Outpost](https://brickset.com/sets/6988-1) [[Photo]](https://images.brickset.com/sets/images/6988-1.jpg)"
2020-04-29,olygimp,2020/05/25,"Great list, thanks!"
2020-04-29,Iron_Gland,2020/05/25,[Yeah but my freedom is the true freedom](#azusalaugh)
2020-04-29,preencesskiki,2020/05/25,Hahaha thank god you were the big spoon!!
2020-04-29,Frisby17,2020/05/25,Wow how do yall get this?
2020-04-29,porpoisefulporpoise,2020/05/25,It might be The Kiss Bet!
2020-04-29,PyroBodhi,2020/05/25,They go from 18kg to 152kg
2020-04-29,Smooshsmush,2020/05/25,I don’t see this NOT posing a threat until a vaccine is introduced which will take 18 months AT BEST.
2020-04-29,Storm5112,2020/05/25,That progress bar seems a little eek.
2020-04-29,Mefistofeles1,2020/05/25,"I am a God fearing woman and I will enter HIS realm, and so would you if you dropped your addiction and picked up a bible.

GOD BLESS."
2020-04-29,cun398380,2020/05/25,"Just a PSA.. it's only the Size/Longevity stats that are passed down, the other two are more or less random. So, zero percent fertility still can and do produce offspring!!"
2020-04-29,scoopeded,2020/05/25,Do you know if it can come with x2 shots like other guns?
2020-04-29,faroutoutdoors,2020/05/25,On that woven rattan placemat? How’s that thing getting cleaned to code?
2020-04-29,cauzemythical17,2020/05/25,Where should I put my sign
2020-04-29,IanCraner35,2020/05/25,"Most of them are relatively easy.
Most
Unlike this shit"
2020-04-29,spartanmom09,2020/05/25,I saw that rant from Dr Shiva about Bobby Kennedy and Dr Buttar. Smh and trying to figure it out.
2020-04-29,AubadieDL,2020/05/25,Precious was a great film but it just left me feeling absolutely wretched.
2020-04-29,nicdog71,2020/05/25,Definitely need a treat for that..!
2020-04-29,bubuloo1234,2020/05/25,"You could suggest to your husband that he can have the camper and share it and you can have his man cave seeing as it's loud when he's in there and isn't really his own space. See how that goes down

Nta"
2020-04-29,texanapocalypse33,2020/05/25,Man I miss that skinny dude.
2020-04-29,catstroker69,2020/05/25,In about 10 hours from now.
2020-04-29,gronos1,2020/05/25,Im just saying MAYBE he was inspired by Mark Fishers Capitalist Realism... hmm...
2020-04-29,AutoModerator,2020/05/25,"Thanks for posting, /u/XxXJADEXxX69! Your submission has been automatically removed because the title does not include one of the subreddit's required tags. All of our requirements for listings can be found [here](/r/Sexsells/wiki/listings).

*I am a bot, and this action was performed automatically. Please [contact the moderators of this subreddit](/message/compose/?to=/r/Sexsells) if you have any questions or concerns.*"
2020-04-29,SailboatProductions,2020/05/25,A video of a pig’s head being cut off by a chainsaw that I had the misfortune of seeing once when I was about 12.
2020-04-29,okaymyemye,2020/05/25,"thank you, i love and am proud of each one."
2020-04-29,jmz_199,2020/05/25,"Lmao your getting absolutely pummeled in this thread... Try making a reasonable argument next time? Also, 

&gt;I agree it does no (immediate) harm to label everything.

Ok, then what's the future harm? I'll wait, but I think you've made it clear already you don't have anything substantial to say."
2020-04-29,Davethebb,2020/05/25,Fucking hot. I wish she liked it though
2020-04-29,Illusory_,2020/05/25,I should of bought the voltron when you could of preordered it 😭
2020-04-29,CelestialLaw,2020/05/25,"I agree with everyone here - if you're going to transfer to GWU or Wash U (no LoRs needed), then I wouldn't wait - but with only Fall Semester grades in hand, I'd get a few LoRs.  What was your UGPA?"
2020-04-29,FlashFlood_29,2020/05/25,Found IceFrog's more creative brother.
2020-04-29,Lupi_X,2020/05/25,"Great! If you need any help beta testing, I’m willing to help, whether it’s this tweak or something else."
2020-04-29,Luciferwalks,2020/05/25,Target has surprisingly good steaks. Love their petite sirloins
2020-04-29,rachelsuzannet,2020/05/25,Very interesting. Thank you!
2020-04-29,xSpektre,2020/05/25,"In what ways? Only reason I go back to BF2005 for (not skin/planet preference -wise) is Galactic Conquest. 2017 does everything else better, most importantly the core gameplay."
2020-04-29,icyfail05gzh,2020/05/25,Itll look even better with me gripping your [ass](http://newsjogger.com/collections/male-masturbators/products/sex-doll-male-masturbator-with-vagina-and-anal) from behind ;)
2020-04-29,rosegirl06,2020/05/25,"So so SO many good ones. Honestly, just browse through the Lucifer section on AO3. I swear I add more to my list every day just doing that. I will recommend my current favorite though, just to get you started:
[Living With Satan: A Beginner's Guide](https://archiveofourown.org/works/21313252/chapters/50755033)"
2020-04-29,Anthem4ANewTomorrow,2020/05/25,"Totally, but i was still a little surprised by the numbers fully knowing Twitter wasn't the whole world."
2020-04-29,AutoModerator,2020/05/25,"**/u/rileykoenig, Your submission title isn't right for listentothis!** We have to remove it.

Artist Name -- Song Name [genre genre] (year) 

For example: Three Trapped Tigers -- Reset [math rock] (2012) 

The ' -- ' spaces around the dash and the [brackets around the genres] must be included.

Click on the 'delete' option above to remove this before submitting again.

The submission guidelines are summarized on the submit page for quick reference.

The reasons for these community guidelines are explained in the [subreddit introduction.](/r/listentothis/wiki/reddiquette)

If reddit displays a message telling you to wait a little while before submitting again, moderators are NOT able to assist with this. This is a site-wide feature, and the message will not appear once your account age and total karma exceed required thresholds. [Verifying your email address](http://reddit.com/verify) can help resolve this issue.

[permalink](https://www.reddit.com/r/listentothis/comments/g9ys63/top_10_music_2003_billboard_hot_10/)

*I am a bot, and this action was performed automatically. Please [contact the moderators of this subreddit](/message/compose/?to=/r/listentothis) if you have any questions or concerns.*"
2020-04-29,TheCloudKnight,2020/05/25,Oh I bet there is weirder out there you might find one in here mabey r/femaledatingstrategy 😂
2020-04-29,WholesomeDM,2020/05/25,"Yep. My gnome was a renowned tailor before losing everything in the fall of gnomeregan. And so, to save his people, he turned to dark powers..."
2020-04-29,vilimus-,2020/05/25,"Context: [""Can One Hear the Shape of a Drum?""](https://www.maa.org/programs/maa-awards/writing-awards/can-one-hear-the-shape-of-a-drum) is a well-known mathematical problem posed by Kac (1967) about inferring the shape of a drumhead based on its vibrating frequencies.

Technically speaking the ""sound"" of a drum (manifold) is determined by its spectrum, and the question is whether a given spectrum uniquely determines a manifold. Milnor had already constructed two high-dimensional manifolds which share a spectrum in 1964 (hence they cannot be heard) but the first example 2-dimensions was not until Gordon, Webb, and Wolpert (1992).

The authors of this work have shown that a certain class of ellipses are uniquely determined by their spectra, hence they can be heard."
2020-04-29,Ttv_Shirtylemon,2020/05/25,U know nothing about him. Lol. He agrees with me too btw
2020-04-29,A-2-Z56X,2020/05/25,That is actually interesting 🧐
2020-04-29,Surgam-identidem-,2020/05/25,"I asked someone to help type me to be sure. Then after 3 years of thinking that I was XNTX, lo and behold, I am INFJ"
2020-04-29,educatedvegetable,2020/05/25,NTA my god OP this is horrible! I am so sorry your privacy was violated in such a manner! If I saw on of my kids getting sexy with their partner I think I would pour a gallon of bleach in my eyes. This is very controlling behavior and glad to hear you're going no contact
2020-04-29,metaldoesntsuck,2020/05/25,What that
2020-04-29,vanchoked,2020/05/25,"can’t seem to gain weight at all
-
i’m trying to gain weight and build a bit of muscle and just tone my body a bit. but, it seems like food doesn’t do anything. i’ve been at 148 for almost three months now? i would say my eating habits are, normal. i’m 16, 5’9. don’t do much exercise tbh (trying to get into it more), but i do walk around a lot at work every day."
2020-04-29,twist-17,2020/05/25,"You don’t have to be trash to be caught in a bad situation at the wrong time. Grow the fuck up, you have the mentality of a privileged 14 year old."
2020-04-29,dwarsocki,2020/05/25,What. The. Fuck.
2020-04-29,yoyoyoisthis4real,2020/05/25,Thank you so much. I do. This is just very hard.
2020-04-29,DeKileCH,2020/05/25,"I prefer yours tho, just because of how 3 dimensional it is. By the size of the blocks you can kinda guess how it looks from the side and i like that."
2020-04-29,chartreuse6,2020/05/25,Long and narrow
2020-04-29,SymphonyForTheDevil,2020/05/25,With what vaccine exactly?
2020-04-29,HomephoneProductions,2020/05/25,People don’t become right wing as they get older. The more accurate way to put it is they become conservative as the world changes around them. They resist change.
2020-04-29,Paradoxahoy,2020/05/25,What an absolute Madlad
2020-04-29,iPhoneOrAndroid,2020/05/25,wouldn't care less*
2020-04-29,ScalierLemon2,2020/05/25,I’ve tried to get the account back through the EA help site but nothing was helpful.
2020-04-29,russilwvong,2020/05/25,"&gt; Other things, like moving forward with something not fleshed out and having rehearsals without the director are not realistic.

Thanks! As a non-actor, I have to confess that I find the acting side of the show more interesting than I would have expected.

What do you think of Gene's principle that ""acting is truth"" rather than pretense, that there always has to be a core of emotional truth?"
2020-04-29,Resting_Bork_Face,2020/05/25,Can someone please edit this into an opening credits montage from and 80s or 90s sitcom? Step by step maybe? Please?
2020-04-29,LaylaLegion,2020/05/25,Misha Collins should be Azrael.
2020-04-29,humanperson44,2020/05/25,I dont need help to cum in a millisecond
2020-04-29,Cursethewind,2020/05/25,"Some puppies are made over excited by this. It doesn't work for mine because they're a bit sadistic. 

If this is the case, redirect to an appropriate object. If it continues, stop play and leave every time."
2020-04-29,b52-qc,2020/05/25,Where's did you get that ashtray? Looks like exactly what I'm looking for. Please provide a link if you have one. Thanks and christos anesti
2020-04-29,aznvjj,2020/05/25,This was NOT my intention.
2020-04-29,Sooki99,2020/05/25,"Yep, there is a dial pad available while in the call."
2020-04-29,Fourest97,2020/05/25,Get behind the camera. I don’t want these news casters.
2020-04-29,Flyingpressure,2020/05/25,"25 years on this planet. 0 real, actual friends. I had 2 people in high school I talked to but obviously I don't claim that anymore. 0 girlfriends, ever. 

I've been ready to sleep"
2020-04-29,Mwxh,2020/05/25,I grew up on long island and currently live in southern fl
2020-04-29,calm2850,2020/05/25,"It's the exact same poster, it's even got the student union at UWE logo in the bottom right. I've seen this poster around campus loads. fairs like."
2020-04-29,AyaPapayafruit,2020/05/25,"NTA!! Guys what the fuck. The drunk guy knew the girl was in a relationship but hit on her anyways (and being drunk is not an excuse, he knew what he was doing). He doesn't have any respect for the relationship she's in. Why should OP be okay with her being all friendly with him?"
2020-04-29,Arganancer,2020/05/25,"Mine is ""Not Connected"". Jokes on me every time I'm having connectivity issues with a device and I check the network status though..."
2020-04-29,kaitie_cakes,2020/05/25,"I worked with a protected population for my capstone when I was a student. While it's feasible, you also have way more hoops to jump through for IRB approval, what you can ask/ do for your project, as well as getting parent permission. Have you thought about where you are getting your participants from? How big your sample size is going to be? 
Not to discourage you from the route you are wanting to take, but you will definitely save yourself a ton of time, energy and effort if you switched along the lines of sending surveys/ questionnaires to the parents to fill out regarding their child. It could even include questions like a mini cog screen. You will most likely get more results and information and have a much easier time with the approval board."
2020-04-29,Xremlin,2020/05/25,But if youre on phone then who was pictar?
2020-04-29,iamjacksragingupvote,2020/05/25,She does like to pilaf her clothes
