subreddit,author,date,post
2020-04-23,geekwalrus,2020/05/25,"There's 31 comments, what a horrible idea. Also you have typos in your text"
2020-04-23,ChuckMauriceFacts,2020/05/25,Yup. I made the cut but I don't know who was left out.
2020-04-23,purpnipplepeabody11,2020/05/25,:( that makes me feel sad
2020-04-23,hardfeeellingsoflove,2020/05/25,This is a great post. The more I read about the ransom note the more bizarre it gets. So many coincidences...
2020-04-23,AutoModerator,2020/05/25,"Thank you for your picture post to /r/castiron.  We want to remind everyone of Rule #3.  All image posts should be accompanied by something to foster discussion.  A comment, a question, etc is required.

If you've posted a picture of food, please explain why in a comment so people can have some sort of conversation. Simply dropping a picture of food in the sub isn't really fostering any discussion which is what we're all aiming for.  

Posts that are a picture with no discussion can and will be removed by the mods.  

Thank you!


*I am a bot, and this action was performed automatically. Please [contact the moderators of this subreddit](/message/compose/?to=/r/castiron) if you have any questions or concerns.*"
2020-04-23,licoricesix,2020/05/25,Thanks peeps! Although I’m sad I guess I understand. I was just hoping to build a little stack damage without breaking anything.
2020-04-23,DeezKneezOR69,2020/05/25,I have sympathy for the brainwashed working class wage slaves that fight on behalf of their oppressors against those of us who want to see them liberated. Hopefully it doesn't sound patronizing but they've been the victims of the world's most hellacious propaganda campaign and it's convinced a lot of them that leftism is their enemy. It makes me sad to see these people happily spout Capitalist bullshit about hUmAn NaTuRe and income inequality apologia.
2020-04-23,talentedtimetraveler,2020/05/25,I’m literally eating cereal rn at 2 am
2020-04-23,siegre,2020/05/25,Just as hilarious as the play... That’s how god this show is!
2020-04-23,MyrddinSidhe,2020/05/25,"Xbox1.  I found some action on Tattooine maps, but no Death Star or Bespin maps."
2020-04-23,DrVladimir,2020/05/25,It's one fucking days difference
2020-04-23,2D-Thighs,2020/05/25,Which scene was that again? Sorry it’s been forever since I’ve read it lol
2020-04-23,duffil,2020/05/25,"That's a fuel filter, bruh"
2020-04-23,plusultra420,2020/05/25,"I know right, lots of good info here. Another bit of advice is to throw your pick away and start slapping that bass. What did you get for a bass anyway? I didnt see you mention it anywhere."
2020-04-23,WrK_OG_PRIEST,2020/05/25,"right so you can choose to bid higher if you want to keep going and take his word that's he actually wants out but as of now he's got the highest bid at 10.5k based on the timestamps.

if he chooses not to follow through once the auction ends, he'll end up with a ban. assuming that happens, OP can ask you to honor your 10.5k bid since you were next highest in which case you can make the trade or he is free to keep the wheel or repost the auction or whatever he wants.

/u/TygoSK033 tagging since i answered your question here instead of copy/pasting. he willingly bid the 10.5k, he can't just take it back because he got outgunned on the first bid by 7 seconds."
2020-04-23,Str4nger_,2020/05/25,It’s a warrior’s wolf tail!
2020-04-23,ChroniCroissant,2020/05/25,who cares
2020-04-23,BEERnHOES,2020/05/25,I do this err day I love to annoy my wife
2020-04-23,KimMemes,2020/05/25,"Thank you for making this post way better. I mean, I would have totally missed the joke without you noticing it."
2020-04-23,ailurophile_foxglove,2020/05/25,"What let’s me feel free to tell them anything is the fact that if they leave me or make me feel bad over anything like this, they aren’t worth my time. I know my boyfriend would never act this way and I trust him, but if he ever did oh boy he’d be in trouble."
2020-04-23,KickItOpen_Bot,2020/05/25,"You used the item 'Gentleman’s Club' and did 2 extra Order damage.  Your item broke! 


| Damage | XP | Gold | 
|--------------------|-----------|-------------| 
| 4 **(RESIST!)** | 3 | 84 |


&gt; You are currently level 66 (187/279).

 &gt; The boss has **1525** health remaining!

 &gt; Your Gentleman’s Club has 0 uses remaining.

 &gt; You are currently **Rank SS**! ^(25721 pts)

---

^(Happy Late Easter! Check your Inventory! https://discord.gg/MDK2AEw)"
2020-04-23,PCMRBot,2020/05/25,"Hello, /u/A__Hamster!

Your post was automatically removed because there are emojis or emoticons in the title! Our current rules don't allow it.

Please repost without the emojis/emoticons!

Thank you for being part of the PCMR!"
2020-04-23,Apple-Trump,2020/05/25,Came here because of you
2020-04-23,BigBobbyDoop,2020/05/25,"Why no coke if I may ask I only thought of it cos it calms my mind and I quite often have a rough time on the come up with psychedelics which can go on to ruin the rest of my trip
If I shouldn't use any drugs to calms my mind on the come up have u got any tips on how to handle the come up better?"
2020-04-23,manachar,2020/05/25,"I seriously doubt there's been any studies into health benefits of adding trace amounts of capsaicin to coffee, especially since there's few studies on the health benefits of capsaicin on its own.

Indeed anyone who claims that X food is definitely absolutely healthy and you should add it to your daily consumption is probably trying to separate you from your money more than helping you be healthy. (I'm looking at you turmeric!)

Looking at food as medicine has done nothing but make people less healthy (in general).

Now, on to spice in coffee, it's a great mix! Chile peppers are a favorite - especially when mixed with cocoa."
2020-04-23,KingSniper2010,2020/05/25,Tons of new coverage added.
2020-04-23,chmsax,2020/05/25,Thanks!!!!
2020-04-23,Genghis_rides_again,2020/05/25,"Meanwhile Ken Jeong is writing the first paragraph of his Op-Ed at this very moment:

“To my fellow Asian Americans in this difficult time, let me remind you that to survive this ordeal, we must remind other Americans that we are nothing more than inferior Ching Chongs with small willies! This only way to be accepted is to completely discard our dignity through “humor”. Let explain how below...”"
2020-04-23,confused_coqui,2020/05/25,"I find it funny how this series is glorifying the FBI and making them look like the unsung heroes, and the ATF as the trigger happy bullies. Either you support the goverment's actions or you don't, can't be both."
2020-04-23,AutoModerator,2020/05/25,"Your submission has been removed as your account does not meet our account age and/or comment karma requirements. If you wish to be able to post on /r/natureismetal, please comment on other posts to increase your comment karma, and/or wait until your account is older.  

##**Note: This information is not disclosed for a specific reason, so messaging us to request that we approve your post, or to ask about what the requirements are may result in you being banned or blacklisted from posting and commenting. Just keep interacting and try again in a week or two. **


*I am a bot, and this action was performed automatically. Please [contact the moderators of this subreddit](/message/compose/?to=/r/natureismetal) if you have any questions or concerns.*"
2020-04-23,JanitorOfSanDiego,2020/05/25,"&gt;The Idaho Freedom Foundation said it was part of a planned protest. They have an ongoing list of places that will hold protests against the stay at home order.

from the article"
2020-04-23,ironmill29,2020/05/25,"YOU JUST SAID THEY SHOULD BE ARRESTED FOR PROTESTING how is that not taking their right to assemble? You make zero sense, and you are the one being a child, bitching about someone exercising their rights because you don't agree with them. Too bad."
2020-04-23,LovelyPotat,2020/05/25,"Since you asked. 

Your suffering does not invalidate other people's suffering. 

It's true that you've been waiting longer but you laughed at other people who have been waiting but just not long as you. We're all suffering here and you're creating division. You're being condescending."
2020-04-23,ecstaticandinsatiate,2020/05/25,"Hi u/UnderlordZ, this submission has been removed.

**Choosing Prompts Externally**: Prompts should not ask users to base responses off titles or content they have to seek out in another subreddit or on an external website. 

* *From Rule 6: [Prompt users in the title, but don't play writing games or commission stories](https://www.reddit.com/r/WritingPrompts/wiki/rules#wiki_rule_6.3A_prompt_users_in_the_title.2C_but_don.27t_play_writing_games_or_commission_stories)*

---

Additionally, the prompt must go in the title.

---



---

[Modmail](https://www.reddit.com/message/compose?to=%2Fr%2FWritingPrompts&amp;subject=Removed%20post&amp;message=https://www.reddit.com/r/WritingPrompts/comments/g6cdm9/-/%0A%0A) us if you have any questions or concerns.  In the future, please refer to the [sidebar](https://www.reddit.com/r/WritingPrompts/wiki/config/sidebar) before posting. 

*This action was not automated and this moderator is human. Time to go do human things.*"
2020-04-23,jason14331,2020/05/25,Funny enough this whole thing has become its own self fulfilling prophecy.
2020-04-23,King_Louis_X,2020/05/25,visit Titan_Unlimited on Twitch!!
2020-04-23,violettavix,2020/05/25,"Definitely the magic wand, it’s so versatile and powerful. 🙈🙈🙈🙈🙈"
2020-04-23,HerewardTheWoke,2020/05/25,"This. And on top of that, a lot of people didn't have a clear picture of what the Snap would be like. For example, my brother thought he was going to literally destroy half the universe."
2020-04-23,no__wa,2020/05/25,60 with EMS (gonna take a few weeks to come) and 73 DHL (a week to come)
2020-04-23,lilyvess,2020/05/25,"Oh Shit, the ~~Feds~~ Gapo!

[](#abandonthread)"
2020-04-23,Gygax_the_Goat,2020/05/25,Permit only lol
2020-04-23,veganpatrol,2020/05/25,"Im a first year student so I was wondering about CHEM 123 and PHYS 101.

And I’m aware that grades are often scaled up, but since there will likely be higher averages this term (due to 5/30% finals) I guess I was curious if courses would try to lower their averages."
2020-04-23,xeqtioner0,2020/05/25,New shit when
2020-04-23,Smoothie17,2020/05/25,"I know nothing of bank ETFs, and  I wanted 1 bank stock in my port, so that was the choice as per personal preference."
2020-04-23,smellynorman,2020/05/25,"Thats not the point. The phone is just a cutout of what is on the screen ie.. it is already on the screen. It would be great to have the phone mirror, and be able to turn off the display mirror. But I dont think you can do that."
2020-04-23,bloodshack,2020/05/25,"I'm 5'10"" 120 and a boys' L works pretty good for me. or a 12-14, 10-12 sometimes.

edit: the main thing is kids's stuff has like no shape, works for me but most other women I see appear to have like, hips and a waist and such"
2020-04-23,drsoccer7213,2020/05/25,Reenter trade code forgot to put second fossil on
2020-04-23,maharbamt,2020/05/25,I hiked the one on the left last summer. Middle Teton.
2020-04-23,WeedIsTheWeed,2020/05/25,also a good protip just stay anonymous for anything you post
2020-04-23,red_ones_go_faster,2020/05/25,"I actually find Cylostra to have a pretty easy start, as long as you don't try to hang on to the starting province but go down to Skeggi instead. Her ghost bro and her amazing summons can really carry the early game. I think Luthor is in a harder spot, without her early game advantages."
2020-04-23,Siege_22,2020/05/25,Sure let’s start by removing all your clothes tho
2020-04-23,Conmanthegreat,2020/05/25,"So you didnt play for a while and the ""community is not toxic anymore"" then you play one game and  "" the community as a s toxic as ever"" get a grip and stop crying about a game on the internet."
2020-04-23,Greenthumb1441,2020/05/25,Well I've made friends with an alpha tribe that wants to wipe dickhead dumb tribe.  I just told him I will knock out and cage a couple of them before they even start.  I'll fly them back to their base to watch.
2020-04-23,designerfx,2020/05/25,"Ex car salesman here, from long ago. People sell cars at higher prices because people are dumb enough to rationalize it."
2020-04-23,Naos210,2020/05/25,"Making shit up, are we?"
2020-04-23,myvoiceismyown,2020/05/25,I did the same my advice is skip water cooling and buy the best CPU and G Card around.  Look at RTX Cards and i9 processors
2020-04-23,greenoyster,2020/05/25,Isn’t gender dysphoria still in the DSM-V? Or did something else change
2020-04-23,tameimpasta,2020/05/25,My prediction is somebody other than Jeremy/Tony gets out. The reason why is that those are my two favorite players lol
2020-04-23,MerlinGrandCaster,2020/05/25,&gt;!She breathes too much!&lt;
2020-04-23,Sulissthea,2020/05/25,i hope its her outfit from the first game
2020-04-23,heartercard,2020/05/25,Scared as usual for everyone! Hopefully they shed light on last night's tribal!
2020-04-23,FreeNoCopyrightMusic,2020/05/25,i will definitely check it out man! thanks for the feedback!
2020-04-23,ShallowBasketcase,2020/05/25,"He's gonna toss a Millenial using an iPhone in there next.

\*laugh track*"
2020-04-23,ViolentCaterpillar,2020/05/25,"It's been updated and the cinematography doesn't have the same glowy brightness, but it's certainly worth watching if you love the other two! When I first saw the movie I couldn't get enough of that vibe, but watching the miniseries helped satisfy my craving."
2020-04-23,lisakaela,2020/05/25,Thank you so much!
2020-04-23,MonsterX_Gaming,2020/05/25,"Hey, thanks for subscribing. Text me back and we can exchange more support to each others, Views, Likes and Comments! Thanks!!"
2020-04-23,oneupme,2020/05/25,"I have T-Rex arms, so shortest for me, seems to be comfortable."
2020-04-23,maroonmonday,2020/05/25,"Ouch that is horribly inaccurate on so many levels.  For simplicity sake let's say it is a /24 subnet, the .0 ending is the network ID, .255 is the broadcast.  Depending on your subnet it is entirely possible to have a computer IP ending in .0, and of course a /16 doesn't mean they divided a subnet into 16 chunks."
2020-04-23,Spanish15,2020/05/25,Very hot
2020-04-23,AutoModerator,2020/05/25,"^(**This is an automatic reminder that is posted on every submission.**)

[RULE 2 REMINDER: **This is a SUPPORT COMMUNITY**](https://www.reddit.com/r/creepypms/wiki/rules#wiki_rule_two.3A_be_civil_and_supportive) As such, we do not tolerate trolling, defending the creep, judgment of OP, or any other jerkish behavior. Creeping in the comments is not allowed—**yes, this *includes* flirting!**

Comments derailing the conversation in any way will be removed. Please stay on-topic.

**`No Advice Wanted` flairs are now available to add to your posts! This means that comments giving advice will be removed.** [Read about more user-enabled flairs here](https://www.reddit.com/r/creepyPMs/wiki/flairs#wiki_user-enabled_flairs.3A)

***

Please report any and all behavior violating the Rules (reports go to us mods); don't report things just because you don't like them. 

Comment removals and bans are at the judgment of the mods, so please take the time to read and understand [our Rules](https://www.reddit.com/r/creepyPMs/wiki/rules).

*I am a bot, and this action was performed automatically. Please [contact the moderators of this subreddit](/message/compose/?to=/r/creepyPMs) if you have any questions or concerns.*"
2020-04-23,Xurxx,2020/05/25,"Hello!

Thanks once again for your help so far.

I really like the build you have linked, and I plan to go ahead with that one. I just had one question.

Would the motherboard be compatible with MSI Mystic Light?

Would it be possible to use MSI Mystic Light anyways, somehow?

Thanks once again for the help, I really appreciate it."
2020-04-23,Fredfredbug4,2020/05/25,"According to legend, he broke the spine of a Bloodthirster and single-handedly held the Eternity Gate from the entire army of chaos. 

How true this is, we will see in the upcoming HH books...eventually..."
2020-04-23,Kavorca97,2020/05/25,You can't make a better video! Encore!
2020-04-23,David230401,2020/05/25,"This video explains what will happen to the next Avatar after Korra, and is based on this Chronicles

https://youtu.be/euWjlkLatog"
2020-04-23,Go_For_Gin,2020/05/25,Absolutely not! There isn’t a checklist of things to do to be worthy of happiness.
2020-04-23,XeonDynasty,2020/05/25,It is so u here his voice and it’s a members only concert
2020-04-23,BearCatsHawaii,2020/05/25,Thank you. This was incredibly helpful! I am relocating to teach and will steer clear.
2020-04-23,nyx_07,2020/05/25,"This is so exciting! Congrats on your progress, the results are already crazy good!"
2020-04-23,Mono_Antelope87,2020/05/25,"Oh,got it"
2020-04-23,zzmorg82,2020/05/25,"You can apply that to any track in the game; you even said that yourself in the competitive server.

( ͡° ͜ʖ ͡°)"
2020-04-23,ccpkben,2020/05/25,Totally take time away from games. But one thing that helped me is I took a Sunday morning to categories all my games. I even have a folder for disliked games so it takes them out the way. This has helped picking.
2020-04-23,kenneththeswan,2020/05/25,Rewatching Vicar of Dibley. What a show
2020-04-23,haydenjdm,2020/05/25,"Tell him it's time to grow up and act like an adult, and treat you with respect or your gone. Simple. He doesnt love you if he cant show you in his actions that he does"
2020-04-23,giam86,2020/05/25,I'd say Morphe is at the bottom of the list here in terms of overcharging. A lot of other brands come to mind for some shitty products at top dollar prices.
2020-04-23,rickrock3210,2020/05/25,They might be victims too. The guy is a sweaty cancer.
