subreddit,author,date,post
2020-04-25,AutoModerator,2020/05/25,"It looks like you've posted a thought about or related to Reddit. As such, your submission has been removed.

------

&amp;nbsp;

**STOP. Do not message the moderators.**      
--

1. Please read [the rules](https://www.reddit.com/r/Showerthoughts/wiki/rules) and [the FAQ](https://www.reddit.com/r/Showerthoughts/wiki/faq) ***in their entirety***.

2. [Use this link to determine if your post was incorrectly removed](https://www.reddit.com/r/Showerthoughts/wiki/t0q).

**Users who do not follow the above instructions will not receive a response.**

&amp;nbsp;

------

&amp;nbsp;

&amp;nbsp;

&amp;nbsp;


*I am a bot, and this action was performed automatically. Please [contact the moderators of this subreddit](/message/compose/?to=/r/Showerthoughts) if you have any questions or concerns.*"
2020-04-25,DungDefender1115,2020/05/25,im on my second switch and ive never had a scratch on either screen... just be cautious i think its unnecessary
2020-04-25,nice-scores,2020/05/25,"𝓷𝓲𝓬𝓮 ☜(ﾟヮﾟ☜)
#Nice Leaderboard
**1.** `u/RepliesNice` at **6310 nices**

**2.** `u/Squidtoon99` at **5441 nices**

**3.** `u/spiro29` at **4916 nices**

**...**

**279566.** `u/EZ-GOAT` at **1 nice**

---

^(I) ^(AM) ^(A) ^(BOT) ^(|) ^(REPLY) ^(**!IGNORE**) ^(AND) ^(I) ^(WILL) ^(STOP) ^(REPLYING) ^(TO) ^(YOUR) ^(COMMENTS)"
2020-04-25,jainamis,2020/05/25,"
Okay.. Finally.. It makes sense.. Thank you for the info.. I have been pestering everyone I know with this.. Thank you so much.."
2020-04-25,StarvedOfJustice,2020/05/25,"Smearing sexual assault victims is not a good look.

Just say it should be investigated and let it go."
2020-04-25,EdgesLaid,2020/05/25,I like him too! His outfits somehow make his videos even better lol
2020-04-25,ClassicShrooms,2020/05/25,So far played 2 games and had to go to work so I'd be Cav or Finka
2020-04-25,wsurower,2020/05/25,"Are you referring to the ""I'll move my power pedals off the trainer to my race bike when I'm good and ready, and not a minute sooner!"" mindset?"
2020-04-25,Expresstron,2020/05/25,"**Trader**|**+Karma**|**Cake Day**|**Upvotes**
:-----:|:-----:|:-----:|:-----:
u/Jenri_X|**251**|12/01/2018  *–  17 months ago*|Posts: 484
[XB1] IGN: Its Jenri X||  |Comments: 442

[^(About Box)](https://www.reddit.com/r/Market76/comments/bj7uzm/43019_big_subreddit_changes/) [^(**|** Set **IGN**)](https://www.reddit.com/r/Market76/comments/fqcg4w/ign_megathread/) [^(**|** Wiki)](https://www.reddit.com/r/Market76/wiki/index) [^(**|** **Discord**)](https://discord.gg/BzUnwjt) [^(**|** **Blacklist**)](https://falloutmarket76.com/blacklist/) [^(**|** **Msg Mods**)](https://reddit.com/message/compose?to=%2Fr%2FMarket76)"
2020-04-25,Scourge013,2020/05/25,"Hahaha. I completely hated all of that. Research tree has no place in a TA successor game you should be able to build whatever you want in these games as long as you can afford it...the game has two land or air units per faction not counting their handful of experimentals. I guess it is easy to choose what to use when you have no choices. Original game had a role and tactical situation for each unit. I found the campaign to walk back the lore of all three factions and had no real likable characters.

That said if they just had the same storylines and gameplay within a new universe and new factions all these things could be forgiven. It would have had no baggage as a TA successor for tactical complexity or lore for a SupCom sequel and I could have accepted it for what it was. But naw. It is a smoldering crater of what could have been a regular series. Let’s not mention how many of their choices were driven by a need to bastardize it for the CrapBox 360. Ugh. I need to play Forged Alliance to get these memories buried."
2020-04-25,Mysterious_Potential,2020/05/25,"[Here](https://www.reddit.com/r/thesims/comments/g790z5/every_time_i_try_to_install_the_sims_2_ultimate/fofor1m?utm_medium=android_app&amp;utm_source=share) is a link to a comment where I directly linked it, the drive link will say the file is too big to scan for viruses as it's over 10GB but it is a legit file, promise! And if you have a read through that comment thread, you'll see that the person I was talking too got the game up and running not too long after. :)

Also, not sure if you're aware but there's a bunch of fixes to be applied to the sims 2 on modern hardware/OSes so if you have any graphical glitches, directX errors, or crashing feel free to come back here and ask me/reddit about it - it's nothing to do with where you get the game from either, it's just because the game is old!"
2020-04-25,DapDaGenius,2020/05/25,I had a feeling he'd be a Colt when I first came across his channel. Hopefully we get some good content added to it
2020-04-25,bassaliens22,2020/05/25,I've done that several times. Still doesn't work. At this point it might be better to just emulate the PS2 version and start from scratch...
2020-04-25,gmaze12,2020/05/25,I believe it’s pronounced Mulk
2020-04-25,1869er,2020/05/25,"If Mack is truly gone, it’s a good spot. Same with Kerryon with Detroit. Seems like a lot of new committees are forming though"
2020-04-25,TheGursh,2020/05/25,"Yes, basically. I imagine there is some crony in charge there like every institution under Trump"
2020-04-25,Chicken_Nuggies123,2020/05/25,I don't even wanna know what a mouth bath is
2020-04-25,Gardnivore,2020/05/25,"Some big mistakes here - ""like"" potting soil ain't good enough. The soil has to have water holding capacity and good drainage. Make sure it is potting soil (normally has little white balls called perlite)

Second, bonsai is put into the shallow container when it is finished growing. Putting one in a shallow dish early on is a death sentence. Head on over to r/bonsai and read the side bar - should really help you out. 

Ultimately these are trees, they need to be outdoors and have plenty of room for their roots to grow. If they won't survive your winter you can bring them inside - otherwise they'll do best outdoors in a large pot or in the ground."
2020-04-25,Sakanasenshi,2020/05/25,I’ve never tried that approach before. Maybe I’ll mix things up this week!
2020-04-25,Love_Reddits7351,2020/05/25,"That skin not tarvis but that other, has olid map on his head and chapter 2 map"
2020-04-25,cjg15,2020/05/25,Took us way longer than 5 seconds unfortunately 🤦‍♂️
2020-04-25,nonailsnodrag,2020/05/25,"I think you should just wear LO in a snugli and not have anyone babysit. LO is still very  much a newborn and you are not supposed to be mixing households. Or put LO in a baby swing and pack. If LO cries, she cries. She will survive."
2020-04-25,nebraskajone,2020/05/25,"Well God wouldn't need a brain if you think about it.

The purpose of the brain is to gather information to make decisions  based on new information.

A God would be a creature that knows everything to begin with so it wouldnt need a brain, every decision from beginning of time to the end of time would have already been made."
2020-04-25,digimortal13,2020/05/25,What's the diameter?
2020-04-25,Storytimesimone,2020/05/25,I didn't know we were meant to give up cigarettes for Ramadan. Thank you for this post. Is it too late to do this?
2020-04-25,DropC,2020/05/25,I don't trust the browns or Tampa bay... it feels like last night
2020-04-25,Vinzembob,2020/05/25,Dugger isn't a bad prospect come on guys Google him  before you assume this is a reach...
2020-04-25,Coop1357,2020/05/25,"I want to rail both of them with you, and take turns with both of them"
2020-04-25,BolshevikMilitant,2020/05/25,[COME OUT YE BLACK AND TANS](https://youtu.be/lovVVIodx_A)
2020-04-25,OK6669,2020/05/25,what really is the point of being able to play red XIII who's in the game for the last 40 minutes of the game? how would they balance him?
2020-04-25,motomeru2526,2020/05/25,You need that receipt it's really important
2020-04-25,Haruzan98,2020/05/25,thank you I'll consider it in the near future
2020-04-25,Bartman383,2020/05/25,Hello all you Covid Cats and Kittens.
2020-04-25,Mystletoe,2020/05/25,"I think for some people an issue comes in when in profiles or discussion someone says “I’m looking for someone nice.”

Which case like it says that’s the bare minimum and says a bit more about that persons life experiences.  It doesn’t mean you have easy access because you’re default(nice)."
2020-04-25,frenchpan,2020/05/25,"For normal use, it’s probably not very useful. But I can imagine scenarios in podcasting or the video call shows that are happening a lot right now where it would be beneficial. Lot of people on the late night shows or even stuff like the NFL draft would be on air with a very suboptimal audio setup. Production having the option to turn on something like RTX voice to clean it up might be useful."
2020-04-25,jmb-412,2020/05/25,And 13 of those deaths were JKap
2020-04-25,DGwear69,2020/05/25,Youre a legend man!
2020-04-25,AvocadoLion,2020/05/25,There’s three of you
2020-04-25,rulesforrebels,2020/05/25,Home prices may be inflated due to cheap money but a house is worth what someone is willing to pay. If we didnt have mortgages period and it was cash only homes would be cheaper
2020-04-25,hopstar,2020/05/25,"Do you see me demanding a boycott? I posted something that I find abhorrent and won't spend my money on their product, but other people are free to do whatever the fuck they want. There's plenty of other breweries that are doing right by their staff that I won't miss out by not having anything from 1188."
2020-04-25,ThickBigChungus,2020/05/25,SOMEONE TELL ME HOW TO FEEL. I know nothing about this prospect even after reading and watching.
2020-04-25,ArcherDuchess,2020/05/25,TIL apparently all these pro athlete prospects had to use the fucking soul stone and sacrifice a family member or friend for their talent.
2020-04-25,franlobato,2020/05/25," I wish I could learn German, such a cool language, but I don't know what resources I can use to do it."
2020-04-25,Tahedoz,2020/05/25,"I feel you ^^ Workout is only like 1-2h a day, hitting amcros is basically a job that lasts the whole day 

I just tried to use an app to do a rough estimate of how many calories I had today and it looks like it's probably around 2500. So yeah I guess I can safely push it a bit further still :)"
2020-04-25,suckmytriscuit,2020/05/25,"“I play other video games so I am above having to play 20 matches before I can do comp”

What game allows you to immediately go into ranked before playing a certain amount."
2020-04-25,friedtwinkie,2020/05/25,Hey Kmet said it would be a dream come true to be a bear. That’s fucking good enough for me. Go Bears!!
2020-04-25,Toxicity-F3,2020/05/25,Then it's false advertising.
2020-04-25,AutoModerator,2020/05/25,"Please note that all recruiting and new hire inquiries should be posted in the appropriate stickied threads at the top of this subreddit.
The following is a non-exhaustive list of topics that should be submitted to the recruiting or new hire stickies: 

 - how to break into consulting or questions about the recruitment process  
 - seeking information, opinions, or comparisons regarding firms 
 - resume or cover letter or document reviews  
 - networking advice  
 - fit or case interview advice  
 - comparing offers
 - tips on starting a new job

If your post is a recruiting or new hire related inquiry, please delete it and repost in the sticky. Failure to do so in a timely manner may result in a temporary ban.  You may also want to [visit the wiki](https://www.reddit.com/r/consulting/wiki/index) for answers to many frequently asked questions.  If you have received this post in error, then please ignore this message.


*I am a bot, and this action was performed automatically. Please [contact the moderators of this subreddit](/message/compose/?to=/r/consulting) if you have any questions or concerns.*"
2020-04-25,one-shotti,2020/05/25,he would  have dropped it already then
2020-04-25,crock7887,2020/05/25,Who the fuck is chopping onions in here?!
2020-04-25,Dawnstealer,2020/05/25,"You might say it's UDDERLY mad.

UDDERLY. 

Because... They're cows, you see...

And

Well..."
2020-04-25,TJtheBoomkin,2020/05/25,"https://www.reddit.com/r/BuyItForLife/comments/g7fy5p/mod_announcement_temporary_ban_on_all_new_lighter  
You asked, I responded. If giving a full explanation with examples is too much for you to handle then perhaps adult conversations aren't for you. You can always result to bigmad childish responses like this one, but it seems the community and Mods agree."
2020-04-25,LAKFM,2020/05/25,"Removed Post:  


 

""Posting this again because the mod Zehal hid and censored my original post

I’m sorry but I simply have to disagree. If there’s a growing amount  of toxicity and negativity towards content creators I think it’s good to  be shared. There’s a reason for it, and in this case MULTIPLE reasons  for it. 

Yes people are at fault for blindly listening. But at the same time,  Reddit is a place for collective opinions and voices. If content  creators don’t want to be seen in a negative light then they should look  internally on the information they give and the image they create. A  lot of people depend on them for information. This negativity isn’t just  coming from nowhere.

When people google these conte t creators then negative posts will  come up hurting their viewership, and you know what? That’s good, it  will force them to change how they present themselves.

P.S through these posts of negativity I’ve seen people come together  and support lots of good content creators and helped me discover them.  Everything falls in line.

Edit: his response within my censored post: [https://www.reddit.com/r/SDSGrandCross/comments/g7i2h0/response\_to\_zehals\_post\_maybe\_unpopular\_opinion/fohlty1/?utm\_source=share\&amp;amp;utm\_medium=ios\_app\&amp;amp;utm\_name=iossmf](https://www.reddit.com/r/SDSGrandCross/comments/g7i2h0/response_to_zehals_post_maybe_unpopular_opinion/fohlty1/?utm_source=share&amp;amp;utm_medium=ios_app&amp;amp;utm_name=iossmf)

Edit 2: original post: [https://www.reddit.com/r/SDSGrandCross/comments/g7i2h0/response\_to\_zehals\_post\_maybe\_unpopular\_opinion/?utm\_source=share&amp;utm\_medium=ios\_app&amp;utm\_name=iossmf](https://www.reddit.com/r/SDSGrandCross/comments/g7i2h0/response_to_zehals_post_maybe_unpopular_opinion/?utm_source=share&amp;utm_medium=ios_app&amp;utm_name=iossmf)

Edit 3: notice you will NOT be able to find my original post anywhere on the sub

Edit 4: zehal’s response to this post: [https://www.reddit.com/r/SDSGrandCross/comments/g7iwap/posting\_again\_zehal\_censored\_my\_original\_post/fohs66x/?utm\_source=share&amp;utm\_medium=ios\_app&amp;utm\_name=iossmf](https://www.reddit.com/r/SDSGrandCross/comments/g7iwap/posting_again_zehal_censored_my_original_post/fohs66x/?utm_source=share&amp;utm_medium=ios_app&amp;utm_name=iossmf)"""
2020-04-25,blapslink,2020/05/25,"First script scored 8 x3, 7 x2 (overall 7).  Second script scored all 6.  Can't find representation.  If your friend's agent is looking... ;)"
2020-04-25,Zardicus13,2020/05/25,"Time to muck out my chooks. Catch you later,  lovelies"
2020-04-25,WhyAmIAFanOfThisTeam,2020/05/25,What about them? They’re all pretty bad mid-late game too.
2020-04-25,KrassusBrangwen,2020/05/25,I think Braum and Lulu would be quite difficult for a casual supp pick. Not sure what you mean by Lulu as a tank shredder when she does no damage much less tank shred.
2020-04-25,fyrefox45,2020/05/25,"If open ends up impractical, or you want something more portable, hd25 are solid monitoring on ear headphones."
2020-04-25,dapianna,2020/05/25,Narrator: He screwed it up
2020-04-25,ProbablyHighAsShit,2020/05/25,This is the kind of intelligent governance I wish we saw more of.
2020-04-25,Trip_Tack,2020/05/25,"Isn't the number below the peaks the integration?
I.e. the peak at 4.20 is 2 and the other peaks have an integral of 3."
2020-04-25,Gtownbadass,2020/05/25,Ugh. Mother fucking shit.
2020-04-25,InarLeber,2020/05/25,Thank you. That drool was the reaction I was aiming at.
2020-04-25,unluckyleo,2020/05/25,"I might give it a shot, I always did like the Dead Space series and the lore that went with it, never did play the third one though."
2020-04-25,Downvote_Depository,2020/05/25,"Posting this to see how right I am in 2 years when the numbers are solid.  
Large Cities: 40% (mostly people of color, so Dems)

People in Nursing homes: 40% (Old, so mostly GOP?)

Randos: 20% (mixed politics, but damn I hope a majority of these are quarantine protesters)"
2020-04-25,rajen1,2020/05/25,Anyone know a good bot to use?? I hear they could care less if we use them.
2020-04-25,curryonbaking,2020/05/25,"Well no, but you're giving them a monetary pat on the back, which is way more important to them. If their actions don't hurt their wallet, why would they ever change?"
2020-04-25,Indominusflexz,2020/05/25,Thanks. I'll look into that.
2020-04-25,giant-nate,2020/05/25,thank you!
2020-04-25,PyroVoyager,2020/05/25,"Yeah, I'm cool if you smoke, but it is just plain disrespectful to force that on other people."
2020-04-25,tyongie,2020/05/25,we can just do both trades tomorrow :-)
2020-04-25,GoVeronika,2020/05/25,The kitty seals it! Nice place.
2020-04-25,ma1iced,2020/05/25,".....im glad someone else feels the same way, I watched bert, and toms specials, and then joes.. and they blew him out of the water.. it seems like all he does is yell.. and stupid shit."
2020-04-25,whosaidthisistheway,2020/05/25,I read online that the smoking area has been reduced to one person at a time to avoid convos that can’t be filmed
2020-04-25,Inkyyy98,2020/05/25,Why does he have fake boobs laying around?
2020-04-25,_closeted_emo,2020/05/25,"Do you guys think the next chapter will be the last? It said the next chapter would be the “climax” and I don’t know if that’s a translation error or what, but I’m scared. This chapter was too nice, and I swear it’s giving me trust issues"
2020-04-25,Mothik,2020/05/25,"Nah. I just remain calm in most situations like that, and things work out. People take me seriously because I take myself seriously."
2020-04-25,jacoblb6173,2020/05/25,The hobbit was way too long for its source content. At least with LOTR it’s actually three books.
