subreddit,author,date,post
2020-01-19,Eldest_Muse,2020/05/25,"Every single Iranian man I have met (we have quite a large Iranian community in the country I live in) insists women are free to do as they like and it is Western media lying about forcing women to wear hijaab. 
I do think OP is genuinely confused because even Iranians struggle to discern truth from propaganda."
2020-01-19,AutoModerator,2020/05/25,"Hello /u/Quadrilateral04! Unfortunately, your post was automatically removed because you do not exceed our current karma threshold of:

* 5k ***link karma*** and 

* positive comment karma. 

Check your karma breakdown here:  http://old.reddit.com/u/Quadrilateral04/overview

Please come back when you have more karma. In the meantime, feel free to post your OC memes to r/SpecialSnowflake for a chance at getting whitelisted here. 
___________________________ 


*I am a bot, and this action was performed automatically. Please [contact the moderators of this subreddit](/message/compose/?to=/r/dankmemes) if you have any questions or concerns.*"
2020-01-19,Karmonauta,2020/05/25,"Your Maslow hierarchy of needs:

1 - a heater

2 - a dust collection system, or a respirator

3 - a sharper blade"
2020-01-19,yellow_yellow,2020/05/25,Uhh is she coming back?
2020-01-19,flygirl1416,2020/05/25,Have you looked into any of the flow programs that regionals offer? I know Mesa has one that you can apply to with only your PPL and they will help you fund the rest of your training. There are so many different routes to earn your rating and end up in the airlines. If you have your PPL and Instrument you could go for your CFI and instruct also while you work towards your goal.
2020-01-19,Horace_P_MctittiesIV,2020/05/25,Gettysburg- wonderful movie for history fans
2020-01-19,graaahh,2020/05/25,"I just got this game for Christmas and it's very fun, I'm not even a big gamer but I've put lots of time into it already (and I haven't even finished it yet, I'm just running around doing side quests and shrine hunting before I take on Ganon.)"
2020-01-19,OminousAvocado,2020/05/25,"I always get a plant based bowl with lots of veggies, pretty healthy stuff"
2020-01-19,newser14,2020/05/25,"My apologies , I didn’t see the hyperlink. Thank you for providing it!"
2020-01-19,mdmaisdosages,2020/05/25,Pick er out
2020-01-19,Paliscool,2020/05/25,"Awn, thanks anyway for the heads up!

And do you know exactly how it happened? I really want to avoid this bug at all cost!"
2020-01-19,clayfeathers,2020/05/25,I just gave one away.
2020-01-19,BranfordJeff2,2020/05/25,At least dig the holes.
2020-01-19,mtlfroggie,2020/05/25,He sure can. You know who he is and where to find him?
2020-01-19,nofunmskennedy,2020/05/25,"So far, okay. I just earned 63 bucks for doing some work, but I also burnt my finger while cooking dinner."
2020-01-19,LittlePrimate,2020/05/25,"Reminds me of what I learned when I started my Bachelor in Biology. Basically everyone told us that with a Bachelor in Biology we will compete with people who learned to be a ""Biological technical assistant"" or BTA for the same jobs (in Germany, that is).  
Except even though technically their degree is ""lower"" (attending a specialized school after high school vs a University degree, I mean), they are better trained for the actual work. Their training consists of learning how to work in a lab while a Bachelor in Biology learned a lot of theory, which is not what employers really want out of someone they hire to do wet lab work.  
They want someone who can claim that for the last two years they learned all the wet lab skills by heart.

I know we talk about higher degrees here but I kind of stuck to me, how sometimes even though you have the ""technically higher"" degree, others might still be more qualified for a certain position, since they had specialized training."
2020-01-19,Minerrockss,2020/05/25,"Bats at least add atmosphere, phantoms just make me carry around a bed while exploring"
2020-01-19,gw2jillybeene,2020/05/25,"Very Nice, i also make GW2 3D printed characters :)   [https://imgur.com/DuCUFEI](https://imgur.com/DuCUFEI)   and [https://imgur.com/gallery/risMHO1](https://imgur.com/gallery/risMHO1)"
2020-01-19,DominoBarksdale,2020/05/25,This is one of my favorite hangouts! Great seeing you too!
2020-01-19,seventhninja,2020/05/25,So go there and try my luck with whoever is there?
2020-01-19,jagkantypingenting,2020/05/25,"The ddlb community consists of way more littles than daddies. A lot of littles do it because they enjoy acting younger than their age, they don't do it because they're forced, it's all consensual - I'm sure many of them wish they weren't into it since it's a very niche kink and it's hard to find people who they're compatible with.

I definitely wish I wasn't as kinky as I am since it's quite difficult to find people who're also as kinky as me."
2020-01-19,jmanthey,2020/05/25,"I hate ghosting but I did it to my ex so that I could gather myself, sometimes you need space to breath. I hated that I did it but I wanted them to have a taste of their own medicine, selfish I know. We were going to work things out but i decided it was too far gone, it sucks when you both want what you can’t have."
2020-01-19,lhncgvn,2020/05/25,I mean it’s a really good option after this update
2020-01-19,drLens_in_da,2020/05/25,I want it
2020-01-19,MichiganMemory,2020/05/25,"House party from the January of last year. Had 1/5 of a bottle of gin with fruit juice, a few sips of Hennessy and some jungle juice. Blacked out, and woke up in several places around the house and outside the house. Threw up a bunch and felt really sick the next day. Never wanted to drink again. I learned that meat, apple juice, water and shitting makes things a bit better."
2020-01-19,SpideySlap,2020/05/25,Again these are the guys that have plans to invade Canada
2020-01-19,JustALumpOfCanadium,2020/05/25,"I hope so, but I worry many of them have everything to lose under a President Sanders. Surface level they'll oppose Trump but underneath they'd rather have him over Bernie cause he maintains the current economic order (ironic his supporters consider him against the establishment lol), and then they'll half ass campaigning for Bernie, or even worse, sit this one out. At the very least I know the SuperPAC spending against Bernie will be nothing like we've ever seen before. 😬 And then there's 1% douches like Bloomberg or Schulz who I could totally see running 3rd party. You Americans really need to be woke this cycle."
2020-01-19,Somedude12300,2020/05/25,"I guess by Platinum I mean all trophies, I use those interchangeably. So I'm still going for grounded+ since there is that trophy


I think I have mostly everything, just a handful of artifacts and maybe some convos along with upgrades"
2020-01-19,sundaesap,2020/05/25,of course! i would not mind that at all as long as you credit me for the sketch &lt;3 c:
2020-01-19,lungsofdoom,2020/05/25,"No its not but you gotta aim low.
Some short girls will fall on your height."
2020-01-19,Festive_Rocket,2020/05/25,[when](https://www.reddit.com/r/SAU_SIEGE/comments/eqjnse/i_made_a_thing/?utm_medium=android_app&amp;utm_source=share)
2020-01-19,rikku-,2020/05/25,"4 years ago, for my birthday, my husband got me tanzanite earrings. I only wore them out once, and when I got home I realized one had fallen out. I searched everywhere, I knew they were in when I left the house because I remember looking in my car mirror before I got out. I never found them. I felt horrible that I had just lost the only birthday gift I received that year.

This past Christmas we are at my parents house 5 hours away. My 3 year old comes to me in the morning while I’m still in bed, tells me she found my earring on the floor, and hands it to me. It was the lost tanzanite earring from 4 years ago. I was in shock, but so happy. I have no idea how it happened to get where my kid found it."
2020-01-19,Cardinalis1,2020/05/25,"As a 3w4, I can offer what I’ve managed to figure out as a means to help myself. By no means do I claim that this will work for everybody, but it really worked for me. I ended up doing two things. First, I started gratitude journaling. Being able to take stock of the things that I felt like were special in my life and really contributed to my happiness helped me loosen the noose of constant comparison. I knew some of the things I journaled were unique in my life and so it helped me slake the thirst of my 3 main type in so far as I could look to more internal sources of happiness rather than having to derive joy from cross comparing myself to other people. The fact that I felt some of these things were unique helped my 4 wing, because it made me feel special, even if not everybody else around me saw those same things. Again, deriving joy from an internal source rather than external validation really helped me a lot. Secondly, I decided to start comparing myself to who I was yesterday than who other people are today. There is always somebody richer, more successful, stronger, etc. Playing the comparison game only set me up for something that felt like the reverse of hedonic adaptation - no matter how happy I felt after surpassing others, there would always be somebody who was better than me at literally everything. So I started to benchmark myself against who I was yesterday. If I practiced a skill and got a tiny bit better, then that was more important to me than who just got promoted, got engaged, was mentioned in a magazine article, etc. This really, really helped me and I was able to move to be more like an integrated 6, loyal, generous, self deprecating. I wish somebody could have taught me this much earlier in my life, but perhaps I can pay it forward for somebody else. Good luck in your search for personal growth. The fact that you’re even trying is amazing in itself."
2020-01-19,Huhh12,2020/05/25,I hope Till gets the Cannonier fight
2020-01-19,WholesomeMemesBot,2020/05/25,"Hey there, u/Darilu_1! Thanks for submitting to r/wholesomememes.  Your post, *IT’S TIME FOR A CRUSADE*, has been removed because it doesn't quite abide by our rules, which are located in the sidebar.

* (**Rule #1**) All posts must be wholesome memes.

For more on our rules, please check out our [sidebar](http://www.reddit.com/r/wholesomememes/about/sidebar).

**The decision to remove this post was made by a human moderator**; if you have any questions or concerns about this removal, feel free to [message the moderators](http://www.reddit.com/message/compose?to=%2Fr%2Fwholesomememes)."
2020-01-19,3times1-1,2020/05/25,How?
2020-01-19,chinmakes5,2020/05/25,So what about the school charging the parent $600?  Like in the title?  How do they justify that?
2020-01-19,Krik45,2020/05/25,I did 0-death on ZeRo with Mario finishing with foward aerial and homie stocked him. SSBU
2020-01-19,tastysharts,2020/05/25,"i thought it was trying to hard to be kubrick, a la heart of darkness. not enough character flesh out"
2020-01-19,spinningpan,2020/05/25,Sounds like you definitely live in Houston if you’re making plans with someone that lives 25 miles away
