subreddit,author,date,post
2020-02-23,TimeTimeTickingAway,2020/05/25,Not sure if it's just my mobile app but these would be clearer to read if it were the player names that are highlighted instead of their character's name
2020-02-23,XyliaWhisper,2020/05/25,Cute! What dress is that?
2020-02-23,Enrique-Sanchez,2020/05/25,No some people actually liked em like me
2020-02-23,Pyrrhura_molinae,2020/05/25,"&gt;Also, YouTube should be taken to task via a large creator class for the bullshit they do about demonetizing for no reason and then saying ""my bad"" and popping videos back on normal status after the big money period is over. Fuck YouTube.

You're blaming Youtube for the difficulties with lagging copyright law, and the difficulties with automating rights management? Without clarification from either Congress or the Librarian of Congress, and an effective way to manage millions of videos and rights management while also keeping advertisers paying is an immensely difficult problem. What's Youtube going to do? Hire an army of people to watch every video, and make a determination of fair use? The margins on the service are actually fairly low, and it is the volume that makes it a viable free service which actually pays users for content. Youtube is a private company. They are not under the obligation to host anyone's content. It's a bit of the Wild West still in streaming rights. It will work itself out in the next decade or so."
2020-02-23,digitalcowboysd,2020/05/25,I am guessing you know much more about the subject of organic than me. There are some herbs that could work though. O an going to down it won't but bacopa monnieri and rhodlia something have been shown to increase awareness and mental capability.
2020-02-23,Johnnycage1993,2020/05/25,I wish I was coming with you bud. How long did they have you in the DEP? Best of luck to you brother.
2020-02-23,DaisyKitty,2020/05/25,"oh, thanks, i get it!

so that's why he was honking the other day about how he should get the nom with just a plurality."
2020-02-23,rjt05221981,2020/05/25,The atomic bomb thing.
2020-02-23,AlboreArt,2020/05/25,omgg she looks so soft and sweet!
2020-02-23,DanceJuice,2020/05/25,Jesus Christ guys why can't we all just chill out and get along.
2020-02-23,PsychologicalWheel4,2020/05/25,Oh like you aren't guilty of embarrassing drunken shenanigans :P
2020-02-23,RhysLukey,2020/05/25,"I am. Gt MozambiqueDrill 

Need 1 min to load in mule"
2020-02-23,Scott_Liberation,2020/05/25,"&gt;learnt a valuable lesson

If there were a possibility, it would have happened when OP opened the door."
2020-02-23,cheffartsonurfood,2020/05/25,I guess it is. Could've sworn there was a comment from someone saying she was someone else. Must be getting my subs mixed up.
2020-02-23,dogeheadass,2020/05/25,"The best place is the top of the skull tho, it's so entertaining that you can just go up there and snipe at people, even as a lifeline or some shit."
2020-02-23,ewheck,2020/05/25,"There is a multi-hundred year difference between some of the books of the OT and the NT. Global culture is constantly changing and getting more progressive over time. 

Also, the NT over rules OT theology at numerous, numerous, numerous different points. That's also kind of like the purpose of it.

&gt;Let's also bit forget that we have no evidence that Paul actually said that. 

This is r/Christianity and we are having a theology discussion. If you aren't going to suspend your disbelief and take the Bible literally for a couple of seconds there isn't a point in you debating theology on here in the first place."
2020-02-23,Nairbod,2020/05/25,Hillary Clinton is 60oz of vodka in right now watching TV and yelling at MSNBC for not having James Carville on 24/7
