subreddit,author,date,post
2020-03-04,ChineseLuckyCat,2020/05/25,Somone will still be paying for them regardless of if theres universal healthcare. Sometimes stuff is hard to produce and expensive as a result. I say that as somone living in a country with universal healthcare
2020-03-04,eeett333,2020/05/25,That ice cream is about to become another Felicia accident.
2020-03-04,S3LK89,2020/05/25,American English :)
2020-03-04,loganLars,2020/05/25,Freaking amazing haha it’s like a silent little victory lmao
2020-03-04,Mr-Bubbles77,2020/05/25,I’m honestly not sure. The slip doesn’t say and entering the code on MA doesn’t either. It does give a runtime of 1hr 56min which is the director’s cut time. Theatrical is 1hr 57min. I’ll check around some more and see if I can get an answer.
2020-03-04,Endorblack,2020/05/25,It’s like we like you but you should make another mini you because we like you so much.
2020-03-04,Bearstew,2020/05/25,Yeah I mean I haven't played since probably 7th edition I think. But it did look like it would make getting parts for conversions difficult.
2020-03-04,kin33,2020/05/25,Are you saying its ok because other countries are filled with racist people too?
2020-03-04,xxRoxyxxx4,2020/05/25,"Who said he's #1?! Dude, he's lucky if he makes it into a top 1million.."
2020-03-04,NathsAPirate,2020/05/25,"I'll give it a look next time I'm near a pharmacy, thanks!"
2020-03-04,Hooveryuk,2020/05/25,Idk a spoon Fuck maybe 😳🍆💓💓
2020-03-04,joeydrinksbeer,2020/05/25,I was the opposite in high school. I don't run. I'd rather stay in one spot and act like I'm doing something. Soccer goalie and baseball/fast pitch catcher. My skinny ass doesn't run.
2020-03-04,BBRittz,2020/05/25,It's good to know I'm not alone!
2020-03-04,Master_Z,2020/05/25,"This, BPA's are McKinney or the top RBs."
2020-03-04,AutoModerator,2020/05/25,"u/GayforEveryone, thank you for your submission, please remember to supply as many details you can.

These include, if applicable: size, origin (store and/or geographic location), age, and any writing on the item. Additional pictures can be added as a comment in this post.

Whatever you've googled/found already should be included to save time and effort.

Thanks.


*I am a bot, and this action was performed automatically. Please [contact the moderators of this subreddit](/message/compose/?to=/r/HelpMeFind) if you have any questions or concerns.*"
2020-03-04,jonblaze3210,2020/05/25,"Why exactly is this garbage? Outside of having miscarriages, this is actually me\_irl"
2020-03-04,bumpinrumpin,2020/05/25,Is your attempt to use “we” an expression of what you believe to be your egoless state? Or are you speaking of your group of friends?
2020-03-04,roofinruffin,2020/05/25,No my guess was karma farming but I'm not smart enough to understand why
2020-03-04,thedrewsef,2020/05/25,Honestly surprised it's not pig poop balls
2020-03-04,coxswain_43,2020/05/25,Do as many problems as you can! Find extra problems online or in a textbook and practice practice practice
2020-03-04,lilmissbizarre,2020/05/25,But where is the video from?
2020-03-04,AndrewIsCoolio,2020/05/25,It's actually Austrian but it's a good meme so I'll let it slide.
2020-03-04,MrBouncyCat,2020/05/25,Jokes on him I’ll see to it that he lives until the ripe old age of 25. No more no less
2020-03-04,SummerOfMayhem,2020/05/25,Ouch. Memories. I used to get them in my knees too. I eventually learned but it took me longer than I'd like to admit
2020-03-04,geralddarden,2020/05/25,aKs aRen’T aS ACcuraTe aS Ar15s /s
2020-03-04,MazySolis,2020/05/25,"You really really want Caim. Lobelia is a somewhat niche character due to him being very clicky, pretty powerful in Faa from what I've seen and will likely be fairly good in full auto for GW, but you don't need him. Caim's BL passive is basically like having an 11th weapon, and having 11 weapons instead of 10 is busted."
2020-03-04,RGCs_are_belong_tome,2020/05/25,"It's confirmation bias. Most of the time it ends up being nothing. We're seeing it right here in this thread. *Well that last outbreak turned out to be nothing so this one will too*

It's not exactly unexpected, though still annoying somewhat, though still more preferable than general panic and mayhem. 

You've got the right mindset right up front. You're aware and cautious. Keep on with that. Call an MD if you have questions. And keep in mind what the [CDC](https://www.cdc.gov/coronavirus/2019-ncov/about/prevention-treatment.html) and [WHO](https://www.who.int/emergencies/diseases/novel-coronavirus-2019/advice-for-public) says."
2020-03-04,krissofylowe,2020/05/25,With a cat :)
2020-03-04,WIN011,2020/05/25,"They’ll run Davis at the 4 or 5 against us depending on where Giannis plays. If we go small with Giannis at center, Davis plays center. I don’t think they can solely run him at center when we have Brook and Giannis on the floor though otherwise that creates a huge mismatch somewhere depending who AD/Bron guard."
2020-03-04,avant_garb,2020/05/25,Well it's just sad because he was so excited that CA was open till 11pm but the truth is they close about as early as everybody else just in their own time zone.
2020-03-04,Guitaniel,2020/05/25,"In real life, he wouldn’t stand"
2020-03-04,Ctown_struggles00,2020/05/25,"&gt; Dad seems pretty unconcerned/ignorant about coronavirus. Isn't worried at all, and doesn't wear a facemask."
2020-03-04,Zonewaver,2020/05/25,***F U C K D E N M A R K  IT'S NOT EVEN REAL /s (Because Reddit doesn't understant sarcarsm)***
2020-03-04,chasethatdragon,2020/05/25,you can figure that out by the tuxedo designs
2020-03-04,dineroknights,2020/05/25,"First off Pelinka already said he consults him on players before bringing them in. I.e. lance Stephenson last year and free agency this season. 

Secondly, lebron wrote in his welcome back letter how he thought he would be a good piece."
2020-03-04,Apophis2k4,2020/05/25,There was a thread that had the current units ranked.  I can for the life of me remember which post it was.
2020-03-04,gnarled15,2020/05/25,"If you want to run triple monitors for graphs and charts you’ll want to buy a computer with a good graphics card and decent memory. I run three 4k monitors on my desktop at home, i bought an asis gaming system and it handles it fine."
2020-03-04,soccergoalie00,2020/05/25,Oh how I want that button to break
2020-03-04,Nochthitus44,2020/05/25,"I sold my puts on DAL and LVS, with the profits went into DIS, AAL and IMAX, and EWG too;
I plan to go in again on dal/lvs if we see little green tomorrow; puts4bridge - i will ether sleep under a bridge once this is done, or build myself one."
2020-03-04,AutoModerator,2020/05/25,"Andrew Yang

*I am a bot, and this action was performed automatically. Please [contact the moderators of this subreddit](/message/compose/?to=/r/ChapoTrapHouse) if you have any questions or concerns.*"
2020-03-04,Jakey_inthe_house,2020/05/25,"Are you expecting your account to blow up overnight or what? Keep doing what you’re doing following people in your niche and posting consistently good content, you’re not gonna become an influencer page after a couple shout outs and some hashtags it’s definitely gonna take take a while so plan out your posts investigate what hashtags are popular both in your area and in your niche and develop content around what people like and trends you can see happening and you’ll grow!"
2020-03-04,friskypeach_,2020/05/25,"Not me but my mother when she was giving birth to me, I was not breathing and she was losing her senses. She says she saw something very Serene like a beach and everything was blue, that's when she realised she was going to die. But fortunately something happened and we both are still here"
2020-03-04,siijunn,2020/05/25,"This- this is what Reddit is all about. Thanks for the laugh, and the smile."
2020-03-04,seaniebeag,2020/05/25,There isn't one
2020-03-04,SHAZBOT_VGS,2020/05/25,"It's silly RP that wayward been doing with Slim and Erin. Basically it's something from the Witcher where someone owes their life to someone and they claim the law of surprise as reward.  

""The Law dictates that a man saved by another is expected to offer to his savior a boon whose nature is unknown to one or both parties. In most cases, the boon takes the form of the saved man's firstborn child, conceived or born without the father's knowledge.""

In the Witcher the person come back home and realize their wife had a child while he was gone and now owe that child to said person who can come and claim it whenever he wants.

Slim and Erin both had the law of surprise on each other I think, not sure what Erin did but I guess Slim decided to claim that car.

AKA she could just tell them to fuckoff and does not want anything to do with this stuff if she really wanted."
2020-03-04,TheReal_AlphaPatriot,2020/05/25,"I think you mean, “Worked as intended.”"
2020-03-04,HelpfulCherry,2020/05/25,"I'd be surprised if they can come close to what a speedlight could do, though. I never said they weren't bright, just that flashes will be brighter.

If you want something cheaper and more powerful, a $60 speedlight and gels is pretty hard to beat for getting into the ""colored light"" realm.

If you go for a cheaper LED panel, I'm sure you'll suffer when it comes to light output, color accuracy, light softness, etc.


Edit: Man, why delete your comments?

I'm sharing my opinion, but it's not the only one. Maybe somebody else has an answer that you'll like better. Or maybe somebody else would come in here trying to figure out colored light and see my responses and get an idea. But now nobody else can benefit from you asking this because you went and deleted it."
2020-03-04,Prawnybonny,2020/05/25," The language they use is so funny "" he SLAMMED on the breaks, causing the tires to SCRECH against the pavement"
2020-03-04,Jiggynerd,2020/05/25,"The article is stretching a bit. Also, Elon didn't realize that celebrities can't joke about anything :p"
2020-03-04,kaledabs,2020/05/25,I still have one PSO friend that I made while both of us were in high school that I still keep up with. He played pso2 jp and has a 2nd kid on the way now so I doubt I'll see him online anytime soon for pso2 en
2020-03-04,GaussianCurve,2020/05/25,"Watch the CNN Projection be VA! /s

EDIT: ARE YOU FUCKING KIDDING ME!"
2020-03-04,quercustri,2020/05/25,"The ""networking time"" or ""cocktail hour"" built into conferences. Oh god they just make me shrivel up inside. I've had some good conversations during them sometimes, but the pressure is so extreme."
2020-03-04,Thracka951,2020/05/25,"As a parent, birthdays are great and all, but it’s all the days in between them that are the most precious.

But by all means, cake is definitely indicated here :)"
2020-03-04,M33tm3onmars,2020/05/25,"STMR. The other side of the coin with her awesome f2p-friendly weapons is that you only get one set of them, making gearing two of them often a challenge. If it's not a challenge for you personally, you still can't use them both in Dark Visions, which would be the only case where you couldn't use a friend unit, and friend units are always stronger than your own second copy of a character because of the gearing limitation."
2020-03-04,dathappysheep,2020/05/25,Lots of panic buying.
2020-03-04,keegggsss,2020/05/25,WelL I WaS BoRn HeRE ToO and chucktown’S memes are trash she stole that from chs_we_full. Btw buddy if I gave a shit about upvotes and downvotes id be a fucking nerd like you. Reddit is only good for news. By the way this subreddit about Charleston is pretty fucking wack so suck my dick see if I care you damn clown.
2020-03-04,mrmojorisin1017,2020/05/25,Right?? It’s so simple but it sounds so cool
2020-03-04,Late-Term_Aborter,2020/05/25,"In theory, I think so, yeah. Check it out."
2020-03-04,thisisathrowaway2021,2020/05/25,"I don’t live in Alabama, sorry to disappoint. Tbh I’m not even like that attracted to her, I just like to do it because it’s taboo."
2020-03-04,Lingling271,2020/05/25,Is this from Witch tiktok because I swear they do exactly this lmao
2020-03-04,Angry_Walnut,2020/05/25,Like all the COD games on steam are full price still it’s an absolute joke lmao they’re like the only franchise that does that.
2020-03-04,crimsonflamingo,2020/05/25,Thanks for the information. What is the difference between a standard 10 year repayment plan and an income driven repayment plan?
2020-03-04,mr_bean_stealer,2020/05/25,"both ways, it is a symbol of peace for all mankind"
2020-03-04,DasBeefcat,2020/05/25,Wtf? Mike Tyson has a white daughter?
2020-03-04,kvngk3n,2020/05/25,"I think the amusement parks are a variable to consider. Those places consistently bring in tens of thousands of people a day everyday. Although some might be closed for the winter, spring break officially started 2 weeks ago. All the hot spots? Florida, Cali, Texas, Arizona. Miami about to get REALLY populated over the next couple weeks. 

Airports aren’t grounding flights, the threat is there, I’m not dismissing that. But there’s too much still going on, for the threat to be as enhanced."
2020-03-04,londoner1998,2020/05/25,"I don’t need to prove anything , but since you asked, I invited you to go back to Neville.I have my own experience. It’s all about experience, intellectual debate is not enough. But if you are satisfied with something similar to your desire, go for it. I want my desire, nothing else and that is what I shall have."
2020-03-04,AskillZ2002,2020/05/25,The crucifix in the background makes this image extremely ironic
2020-03-04,GhostSamurai701,2020/05/25,What % of California's total vote can we expect to get tonight?
2020-03-04,TheDriveFor25,2020/05/25,"Lines are updated automatically when doing a trade or signing a player otherwise it shouldn't  get updated. If your lineup gets updated outside of those two conditions, send me your career and I'll check it out"
2020-03-04,Impastaz309,2020/05/25,The human diet is very different at 3am
