subreddit,author,date,post
2020-04-05,Sailorboi6869,2020/05/25,"r/unpopularopinion but, I suggest not talking about this at all. Pointing out that its socialist, or bernie already suggested it, any sort of commentary along the ""I told you so"" lines risks them changing their minds out of spite. Just keep quiet and let it happen"
2020-04-05,Rainbowslinkyy,2020/05/25,I just put the old trellis back on it and stored the other one. (The old was taken from a tomato plant pot that came with a trellis. It’s plastic and not the best quality.) I’ll see if that makes any change. Should I remove it and change out the soil?
2020-04-05,PrfectSelfExpression,2020/05/25,"Hey, sure thing . I sent you the link via chat!
We're here if you have any questions !"
2020-04-05,Jamarcus_Hustle,2020/05/25,"I mean Elizabeth Moss is a good-ass actor and has been doing strong work for years (West Wing, Mad Men, Girl Interrupted, etc). The Scientology is gross and deserves criticism, but she earned her parts."
2020-04-05,Expresstron,2020/05/25,"**Trader**|**+Karma**|**Cake Day**|**Upvotes**
:-----:|:-----:|:-----:|:-----:
u/MN-Lakes23|**146**|04/10/2019  *–  12 months ago*|Posts: 41
[XB1] Set IGN Below||  |Comments: 249

[^(About Box)](https://www.reddit.com/r/Market76/comments/bj7uzm/43019_big_subreddit_changes/) [^(**|** Set **IGN**)](https://www.reddit.com/r/Market76/comments/fqcg4w/ign_megathread/) [^(**|** Wiki)](https://www.reddit.com/r/Market76/wiki/index) [^(**|** **Discord**)](https://discord.gg/BzUnwjt) [^(**|** **Blacklist**)](https://falloutmarket76.com/blacklist/) [^(**|** **Msg Mods**)](https://reddit.com/message/compose?to=%2Fr%2FMarket76)"
2020-04-05,chasjo,2020/05/25,Evers deserves criticism. Something like 11 states have already postponed their elections.  Seeking all-mail elections is a hugely more radical change than simply postponing the election.  Evers obviously had a desire to meet this 4/7 deadline for political reasons that contributed to this clusterfuck that is going to make a lot of people sick.
2020-04-05,jackhadleym,2020/05/25,"Added! Fc in flair, can I come to ur town?"
2020-04-05,Koolasakucumber,2020/05/25,Id ask if you wanna Go for a round or few 😈
2020-04-05,1XCG,2020/05/25,I got my cat on Craigslist for free. XD
2020-04-05,BucknDoe,2020/05/25,It is a shame the Captain is not coated in Teflon like his CinC.
2020-04-05,ModeratelyHelpfulBot,2020/05/25,"Hello and thank you for posting to actrade! In order to cut down on users breaking the [spamming rules](https://www.reddit.com/r/ACTrade/wiki/rules#wiki_spamming), post frequency has been limited to 1 post every 8 hours. Please wait 8 hours before submitting a new post. If you believe your post has been removed by mistake please [message the moderators](https://www.reddit.com/message/compose?to=%2Fr%2Factrade).


-------------------------------------------------

 ^^BOOP! ^^BLEEP! ^^I ^^am ^^a ^^bot. ^^Concerns? ^^Message ^^[/r/actrade](https://www.reddit.com/message/compose?to=%2Fr%2Factrade;subject=problem%20with%20bot). ^^Previous ^^post(s): ^^[fuyc5h](https://www.reddit.com/r/actrade/comments/fuyc5h) ^^| ^^limit: ^^1 ^^per ^^8h ^^| ^^next ^^eligiblity: ^^2020-04-05 ^^02:08 ^^UTC"
2020-04-05,zeca1992,2020/05/25,I didn’t get stunned! It’s the controller I can’t turn
2020-04-05,reckonerv2,2020/05/25,Some wrestling is better than no wrestling. Remember that wwe has no off season. And all that stuff.
2020-04-05,StupidSexyFlagella,2020/05/25,"They should be in negative rooms, but no hospital has that many. Sure, a cuffed ET tube probably still produces some aerosols, but far less than NIV measures. I never said you shouldn’t be using airborne precautions on vented patients. If your hospital is putting covid patients on bipap, run as far away as possible."
2020-04-05,ElementriX27,2020/05/25,Ugh well guess it's time to grind gambit once again and see if it works...
2020-04-05,elconquistador1985,2020/05/25,"It's an end of season reward if you reach rank 7 in GBL. This season is ""elite charge TM"", so next season is probably ""elite fast TM"".

I think I also read that the 711 tournament in Mexico will have elite TM prizes, so there may be other similar ways to get them."
2020-04-05,LSAThrowawayAllDay,2020/05/25,"Oh im not saying it couldnt go red, im saying the campaign strategy fuckup wont happen again. Scott Walker had incumbency power and Tony Evers was a weak candidate and we're seeing now why. Baldwin won by 11 points and again, I guarantee you that Biden's people are planning on doing major campaign stops to rural northern Wisconsin whereas Hillary ditched them and they felt forgotten and spited her. Gotta say (given my politics) that Waukesha County is a pretty pathetic place given the education level of its people. There's good articles as to why Milwaukee is the most racially divisive city in America."
2020-04-05,Drew_2255,2020/05/25,Bro it’s r/memes what do you expect everything is a repost or made by a fucking child. Just don’t go on it or any meme subreddit they’re all dogshit
2020-04-05,Blkswrdsmn,2020/05/25,And Giant Weebstick.
2020-04-05,Enter-Sandwich,2020/05/25,"I understand, when you have a good experience you start to expect it to be that good every time. Feel free to DM me if you want. I’m probably not the most interesting person, but I can try and have an interesting conversation."
2020-04-05,Cystoscope1,2020/05/25,It’s still ridiculous!
2020-04-05,JazzyBean_,2020/05/25,Nope
2020-04-05,WoodyDeluxe,2020/05/25,Yellow Magic Orchestra - Solid State Survivor
2020-04-05,AutoModerator,2020/05/25,"We're holding a contest to create a custom mascot for the subreddit. [Click here](https://www.reddit.com/r/ShitPostCrusaders/comments/fi4wi7/introducing_the_rshitpostcrusaders_mascot_contest/) for more details.


*I am a bot, and this action was performed automatically. Please [contact the moderators of this subreddit](/message/compose/?to=/r/ShitPostCrusaders) if you have any questions or concerns.*"
2020-04-05,RTXguy,2020/05/25,Have you called your ISP?
2020-04-05,TheNerdyGirlNextDoor,2020/05/25,Nta. As a woman I can tell you she was already wanting to break up and was trying to get you to do it by abusing you and only used you looking at the camera as an excuse. She might have already had someone. I'm sorry but it's for the best. Find someone who is kind to you. No one deserves to be abused.
2020-04-05,bostonbgreen,2020/05/25,"Screw houses - I'm talking about my Skyrim character, one of the most athletic thieves I've ever built, not being able to get up small slopes that a small child could climb with ease! Remember what a pain in the ass it was in those other games if you didn't have the Athletics skill high enough? There's no option in (un-modded) Skyrim to GIVE you extra jump height based on improvable stats! (Yes, I've seen the ""jump 3x higher"" mods, etc ... I'm not THAT desperate ...)"
2020-04-05,wifepicaccount,2020/05/25,She’s a cutie pie. Wish I had something to trade
2020-04-05,naossoan,2020/05/25,"Yeah ok you are definitely in denial about something or just want to ignore facts, I don't know. 

You can't argue with hardware specifications. It's not some kind of opinion you can have about how well a piece of hardware performs. It's a factual matter and you will see what their level of performance is when they come out."
2020-04-05,retsoPtiH,2020/05/25,"You forgot ""doing all of that and realizing you don't actually need a relationship now"""
2020-04-05,Soulsalts,2020/05/25,Have you read Scaramouche by Rafael Sabatini? I believe it was written in 1924. The protagonist definitely goes to a pretty dark place in his quest for revenge.
2020-04-05,Initial_Shower,2020/05/25,"&gt; Why has everyone got a hard on for the video conference teaching method?

I don't know...might have something to do with the fact that kids are probably going to be out of school until fall..."
2020-04-05,AnimeMemeLord1,2020/05/25,"The girl is a woman of culture, just look at her shirt"
2020-04-05,hork23,2020/05/25,""" It’s not *incorrect* because throughout world history, women have typically been regard as second class citizens. ""

How do you know? Who has been telling everyone this? Perhaps the feminists. Hmmmm"
2020-04-05,AbsoluteZero_,2020/05/25,I was experimenting with letting it hang out longer than allowed anyway (military) though now my sideburns and around my ears are starting to get a little rough.
2020-04-05,ThePevster,2020/05/25,If you just get rid of the first team it will be correct. Duncan has 15 selections while KG and Kobe both have 12.
2020-04-05,AlienAtYourDoor,2020/05/25,It’s very cute
2020-04-05,joongotnojams,2020/05/25,"Well, yeah. If you think about it when you're cold are you ever cold in anywhere apart from your chest area, feet, and hands? 

I don't know, it just seems weird to be cold in your legs."
2020-04-05,RepostSleuthBot,2020/05/25,"There's a good chance this is unique! I checked 114,372,307 image posts and didn't find a close match

*Feedback? Hate? Visit r/repostsleuthbot - I'm not perfect, but you can help. Report [ [False Negative](https://www.reddit.com/message/compose/?to=RepostSleuthBot&amp;subject=False%20Negative&amp;message={""post_id"": ""fv34lv"", ""meme_template"": null}) ]*"
2020-04-05,discerningpervert,2020/05/25,"The leader of the free world, ladies and gentlemen"
2020-04-05,myalthar,2020/05/25,sounds fun im down
2020-04-05,ComKren,2020/05/25,"My mistake then, never see women defend this type of stuff on Reddit.

\&gt;but I still stand about gender harbouring a new significance now.

It's capable of harboring a new significance but it still has one meaning, either one of the two sexes. Can't change the meaning just because times are different.

\&gt;And I find it sad you go out of your way to find out about Alec's birthname whereas it's not mentioned in 99% of articles. 

Listen, I brought up ""his"" real name so as to show you that he was still born a female with a female name. I wouldn't do this to any trans person I respected but it was just an example, I brought up his real name just to show you what he was born as.

I wouldn't do that to them because it disrespects their preferences, it'd be like me saying I prefer people to call me by my last name and people purposefully use my first and middle just to not abide by what I want. And he wouldn't be a real man but still, I'd use whatever name he'd prefer because that's about respect on a person to person basis."
2020-04-05,linlorienelen,2020/05/25,I believe they're both Zeta 4 but he is wearing his wrong.
2020-04-05,SirGanjaSpliffington,2020/05/25,You can do that on Xbox?
2020-04-05,Stranger_5,2020/05/25,Are you pairing her up with someone who has a similar talent for a different clue like courier or jessica?
2020-04-05,Heznarrt,2020/05/25,"I hope there is one. I just want an app that opens ebooks like a book, one page on either screen, where I can turn the page."
2020-04-05,chickenCabbage,2020/05/25,"Hard to breath is the point - if air has to pass through the mask it's harder to breath, but it's doing it's job. If air can get around the mask like in a surgical mask then it's easier to breathe but it's not working."
2020-04-05,OctoPied-Piper,2020/05/25,"Madonna (Madonna), Adele (Adele), Bono (Bono), Beck (Beck), Elvis (Elvis), Drake (Drake), Cher (Cher), Beyoncé (Beyoncé), Rihanna (Rihanna), Shakira (Shakira), Sting (Sting), Sia (Sia)."
2020-04-05,TheAverage_American,2020/05/25,Can you link me the writing? I can’t find it and I’d like to read it.
2020-04-05,Sclerodermasucks17,2020/05/25,Sorry...not sorry!
2020-04-05,savealltheelephants,2020/05/25,I’ll have to look into this. Thanks for looking out.
2020-04-05,cocobananas1989,2020/05/25,"If this has been happening for 12 years, why is the brother not already aware of it like OP is?"
2020-04-05,ZappaLlamaGamma,2020/05/25,I got this baby from them! https://i.imgur.com/A9m3C5k.jpg
2020-04-05,phillyphan96,2020/05/25,"Correct, demand is at a historic low"
2020-04-05,Scaphitid-Ammonite,2020/05/25,"Nice job! I really like a lot of the names. The Sea of Spices and Sea of Mat Laan are great. You crushed it with the water basins too, and all the settlement placements. Cool stuff!"
2020-04-05,lavocado95,2020/05/25,"I feel like I ghost-wrote this lol. I was literally in your exact same position like 6 months ago. I'm also 24! Became sexually active at 17, have had multiple partners, had tried masturbating through the years. Nothing ever did it for me. Not until I got my first vibrator. SERIOUS GAME CHANGER. For whatever reason women tend to need a looot more stimulation, and sometimes you need a vibrator to help get you there. I was never able to make myself cum through hand masturbating alone... until now! Once I started figuring out what I liked with my vibrator, it made things sooo much easier to go free-hand if I wanted. So there's that to look forward to as well! There's hope for all of us lol. Sometimes it takes some of us longer than others, but you just gotta take the time to figure yourself out :-) congrats btw!! Orgasms are fucking great and I can't believe I missed out for so long, so welcome to the club!!"
2020-04-05,PoliticsModeratorBot,2020/05/25,"Hi `mythrowawaybabies`. Thank you for participating in /r/Politics. However, your submission has been removed for the following reason:

* Already Submitted: This article has been submitted to /r/politics within the last three days:

https://redd.it/fv39z9

I'm a bot and sometimes I make mistakes. If you have any questions about this removal, please feel free to [message the moderators.](https://www.reddit.com/message/compose?to=/r/politics&amp;subject=Question regarding the removal of this submission by /u/mythrowawaybabies&amp;message=I have a question regarding the removal of this [submission.](https://www.reddit.com/r/politics/comments/fv422j/trump_discusses_opening_the_country_as/\))"
2020-04-05,TechnoEquinox,2020/05/25,"StAy aT hOmE

but also go outside"
2020-04-05,Iceqoseidon,2020/05/25,Please go get your self checked out. You're mentally ill.
2020-04-05,Agileguy404933,2020/05/25,How the.......
2020-04-05,RobertCarrCISD,2020/05/25,"Never heard of Budge Slide Lake. Looked at the photos online and it looks nice. I saw the cabins and the ones I saw looked like they had nice outlooks to the lake.


The first time I went it was just a stop along the road going up to Montana. This time we stayed in some ""cabins"" in Jackson Hole. Just a bunch of small cabins in the town all close together. I believe it was the only thing available and affordable. Plan to go back more, I want to hike all around in the Grand Tetons, summit the peaks too.


Also say the Wind River Range from Mediocre Amateur in Wyoming. Looks like a nice place to hike as well."
2020-04-05,fuqahead,2020/05/25,"when researching on the brand, i came upon this [article](https://btyaly.com/articles/is-hada-labo-lotion-the-best-hyaluronic-acid-product-on-the-market/?amp), it’s really comprehensive! hope this helps"
2020-04-05,steezlord95,2020/05/25,I’m on YouTube as we speak and it helps a lot
2020-04-05,septicboy05,2020/05/25,Me too bro
2020-04-05,XxDogePartyxX,2020/05/25,"Well, it’s others opinion."
2020-04-05,uffleknuglea,2020/05/25,Maybe read my comment better
2020-04-05,StOwenTheBreadmaker,2020/05/25,"""Little gray piece of paper"""
2020-04-05,gerdude123,2020/05/25,Alrght thanks though.😁
2020-04-05,TheMarvelousMangina,2020/05/25,It's a great stress reliever!!
2020-04-05,Thelorian,2020/05/25,"But PH got changed into ""auras from skills"""
2020-04-05,iprintgunz,2020/05/25,...why not?
2020-04-05,PopeTheReal,2020/05/25,"“Welp this look natural, I’m posting it”"
2020-04-05,TheArmyOfDucks,2020/05/25,"Imagine you start off as whichever character you want (Choices are Jill, Carlos, Mikhail and Nicholai). You can unlock different outfits as you do better and better in the mode. Each character has a different starting pistol (Jill = Samurai Edge, Carlos = G18, Mikhail = G19, Nicholai = MUP).

You start in the Police Station Main Hall, at first Zombies start popping out of doors at random. As you kill them, you get a certain amount of points, based on their type. As it reaches a few minutes in, it brings in more dangerous enemies, such as dogs. Later on, Hunters Betas, then Lickers, then Hunter Gammas, then after 10 minutes, Nemesis.

As you get points, you can go to a box and buy certain weapons, you can buy ammo but you can also get ammo from the enemies.


Alternatively, classic Mercenaries"
2020-04-05,merchant-of-venom,2020/05/25,Im a stay at home mom. Busy non the less
2020-04-05,umwhatshisname,2020/05/25,"Yep. We all knew we were fucked when the order from the CSM came out. Someone getting out doesn't give a fuck what happens to those who are left behind and to them, it's probably pretty funny. We knew it was just a matter of time. Thought that maybe CSM had been bluffing. He wasn't. Early 90s. The CSMs then were all Vietnam vets who absolutely gave no fucks about hurting feelings."
2020-04-05,laughingmanzaq,2020/05/25,That they are Hobbesian statist at heart... Who criminalized self defense and sold there assumed rights away in the name of collective security...
2020-04-05,jonzie777,2020/05/25,Getting 404 errors when trying to download :-/
2020-04-05,MarkiPol,2020/05/25,"You can literally be verified with whatever name and picture you want, you just have to verify you are real but the name and picture doesn’t actually have to match your identity. 

Its funny when its shit like The Roman Empire or God but when it comes to real people, companies etc they should make you put not, fake or parody in the name like they do on twitter so people don’t think the real bernie sanders is commenting on pornhub (people will think this, people are stupid)"
2020-04-05,partywiu34,2020/05/25,Your a cutie. Of course I'll breed you.
2020-04-05,yesnomaybe01,2020/05/25,"Hate to say it, but this just has no feeling to it"
2020-04-05,chronicdemonic,2020/05/25,Genetics?
2020-04-05,clautz128,2020/05/25,I’ve tried several times to get through the book but I just can’t do it. It’s such a slog for me for some reason.
2020-04-05,Noah18923,2020/05/25,It was a joke anyway but yeah
2020-04-05,replicant86,2020/05/25,KDE Plasma - a great looking DE that other people have and I'm not able to set up. Sad noises.
2020-04-05,DZP,2020/05/25,"If we could identify the craters they pass over then look up the crater size or estimate it from a lunar photo, we could begin estimating speed. Altitude is a bit harder to guess but clearly they are fairly close to surface, which means not orbiting but travelling locally.  However - there is no rocket exhaust. So what's the propulsion? Publically we have nothing that can move without exhaust. This argues then either they are not ours, or we have a space drive."
2020-04-05,zach1333,2020/05/25,I would rather get punched full on in the chest then suffer this fate
