subreddit,author,date,post
2020-02-06,TravelingPestPro,2020/05/25,Hopefully this isn't the end of things...
2020-02-06,CjWright8372,2020/05/25,I had posted this idea last night. I’m getting ready to send out a few copies a day over the next week.
2020-02-06,qk1sind,2020/05/25,"I dont know, but I really like Harald. Don't care for his son though, so maybe you are right.
We are a small country though, and any other form of representation is going to be expensive.
My preferred option would be that someone hired one capable person for it. No hereditary shit, or elections, just hire a person, that you can review and fire if need be.
What do you guys have?"
2020-02-06,Potato3s,2020/05/25,Yes you certainly have!! Six days is an incredible accomplishment!
2020-02-06,carbonhomunculus,2020/05/25,New Vape Flavor: Biotin
2020-02-06,O_WHOA,2020/05/25,Winslow and DJJ to the warriors if it happens
2020-02-06,thewhitehouse420,2020/05/25,Fucking expensive if you can’t find a job in the field
2020-02-06,WhiskeyJackRabbits,2020/05/25,It kinda reminded me in a vague way of Wish You Were Here by Pink Floyd
2020-02-06,TimeToGloat,2020/05/25,What RP storylines are getting thrown out? Jordan getting fired has been a long time coming. His firing is still going to happen in character they just gave him a 3 days heads up OOC as a courtesy. Penta himself literally expected this outcome for Jordan since day one of him becoming a cop. People are freaking out over nothing.
2020-02-06,crossburner,2020/05/25,"That’s awesome! I believe Comox would be home to the Air Force and SAR dudes. If I remember correctly, the military placed an 8 hour ban on cannabis. Smoke at night? Gtg tomorrow. The exception to this? Aircrew. Pilots. SAR. Etc

Perhaps they’re pushing recovery here. Maybe a CBD dissolvable crystal pack. Maybe a partnership for clean cannabis with the Canadian Air Force, ha

..or maybe he just has a buddy who works at the base on Comox lol

Edit. He answered this, has a friend there.. what are the odds! Haha"
2020-02-06,Halbzu,2020/05/25,"you can bent them back carefully, but make sure not to snap them off.

sometimes, even bent pins work so try that first"
2020-02-06,The-Mad-Magpie,2020/05/25,"To be fair, an evil Crocodile Dundee gimmick would be over as fuck."
2020-02-06,Haydao,2020/05/25,"Thank you very much for this large comment, it's really helped! I've been hoping to get a potbelly as I've heard they are good for pets (size wise). I'm not too sure if I should really get one in my current situation if they are going to destroy things and make a mess! We've already got 2 dogs and 3 cats to do that! I might continue researching and figure things out. Also I'm in Australia and it seems difficult to adopt a pig. Thanks so much for the help"
2020-02-06,kingeryck,2020/05/25,Yeah but at least he hid his evil. Everyone knows Rush is a piece of shit.
2020-02-06,chiefrocka18,2020/05/25,You don’t EVER wear another teams jersey unless you’ve lost a bet.
2020-02-06,jambarine,2020/05/25,Now I just wanna rp my worgen priest as a priestess of Elune. ^Night-warrior-worgen-customisation-when
2020-02-06,Boxcar-Billy,2020/05/25,"No, it's just an NY thing. More expensive cities don't have this problem."
2020-02-06,3nigm_a,2020/05/25,"Not quite the pussy I expected, but who am I to complain ?"
2020-02-06,phobbs,2020/05/25,What did the President’s witnesses say during the house impeachment? Nothing because they weren’t allowed. This was all a joke and a waste of time. No one benefited from this clown show. The dems have been trying to impeach him from day one. The Dems look like a bunch of fools right now.
2020-02-06,MrBoopis,2020/05/25,Survivor’s Adam and Eve(than)
2020-02-06,PresidentCheese-,2020/05/25,"Wait, did this song not come out like way back in the day?"
2020-02-06,buffalooldboy,2020/05/25,[Step.dad porn is now real life congrats everyone ](https://twitter.com/gos1ings/status/1224677033558581249?s=19)
2020-02-06,MFBR,2020/05/25,"People have been waiting for more images, and pre-order details for the new giant Wormmon plush! It's a really nice one, and even has a feature to help you pose him... but it's expensive... More at WtW- [https://withthewill.net/threads/23004](https://withthewill.net/threads/23004)"
2020-02-06,DamenAJ,2020/05/25,"1. I'm sure you've met plenty of LGBT+ people and never known they were LGBT+. You grab onto stereotypes and assume what people are. You notice those who ""speak loudest""(even if it's their actions doing the speaking). Unless you're asking everyone you meet what their orientation is, your ""most gays"" is circumstantial. Are you actually getting to know these ""most gays"", or are you just basing it off fleeting interactions with them? Most LGBT+ people have plenty of interests and hobbies.
2. Compare pride, which is about accepting sexuality and gender, to mardi gras, which is supposed to have some sort of religious connotations... But ends up being beads for boobs.
3. It's less about ""reputation"" and more about ""representation"", the original pride was a riot. It's a statement. It's we're here, we're queer, get used to it. It's to show others they aren't alone, the sheer amount of people that turn out for these things, it's amazing considering how most of the year we are ignored and/or degraded.
4. Haha, generally the people who call us sensitive also freak out at anything that challenges their views. In general, I'd say we're not, but again, going back to 1. You'll those who speak loudest... You have or see a bad interaction with a people, so you assume all of those people are like that. A lot of people abuse LGBT+ people, you can find homophobia, transphobia, biphobia, aphobia, etc. like... everywhere. I pretty much can't see ANYTHING about trans people without finding transphobic comments. The news constantly has shit about LGBT+ peoples rights to adopt, to marry, medical treatment, housing, work, etc. You don't think you'd be apprehensive if you were, not only constantly reminded by society that you're seen as inferior, but also have to deal with bullying IRL? Many of us are tired of explaining ourselves, validating ourselves, we just want to live our lives. And most of the time even if you politely decline to answer peoples questions, you get ""This is why no one takes you seriously."""
2020-02-06,FlorencePants,2020/05/25,"You're right. No more tax breaks for the wealthy. No more bailouts for failing banks. No mo-

Oh, you meant we shouldn't feed poor people. Nah, that's some bullshit."
2020-02-06,Blackhound118,2020/05/25,Fuckin fantastic game
2020-02-06,NatleysWhores,2020/05/25,Every single Boricua needs to move to Florida and NC before the election and vote AZUL!
2020-02-06,lomedet_etsmi,2020/05/25,Another topical anti inflammatory is Voltaren gel (diclofenac). Total life saver for me. If cost is an issue you can get the generic with the GoodRx app for around $15 a tube.
2020-02-06,sea_salt18,2020/05/25,What I mean is that if you moved your head around but stayed still it would drain the see-through feature.
2020-02-06,Extreme_Acanthisitta,2020/05/25,"to get a lot of karma :

you reply this

I reply after

you reply again

and so on...

we upvote every reply"
2020-02-06,SmallClitCD,2020/05/25,Can she put that plus both us in her at once?
2020-02-06,Individual_1ne,2020/05/25,"Daily candle does look pretty ugly... but because I'm inherently bullish lately, I still believe the next daily has more in store. lol. For whatever reason, I have it in my mind that we won't legit correct until we crack 70 rsi on daily which could end up being a bad strategy. lol."
2020-02-06,xxx_PoopSock69_xxx,2020/05/25,Stage of Grief: Denial
2020-02-06,Sir_Stripes,2020/05/25,"&gt;is the spiritual sequel Chaos;Child as good as Head?

Way better."
2020-02-06,_popr0w_,2020/05/25,Why are you not taking linctus with you? 200ml bottles as you will know are £6. Fill up your case and take them.and make some money. And by the sounds of it a lot of money. I can name 6 UK pharmacies that you can purchase online .  All in £40 odd and you have 2 and a half pints. Missing an ingredient but I'm.sure your boys can sort you out.  Does £40 not equal $2500 or am I missing something?
2020-02-06,targaryenmegan,2020/05/25,"I like most of the tasks because I like having specific things to do that are achievable. My favorite events, however, have been ones where we can really grind and get rare foundables/prestige pages. When you do such events, please make it possible to prestige the ENTIRE page. But generally I love the game and enjoy the tasks you lay out."
2020-02-06,tylerunoxx,2020/05/25,"I just deliver beer and work in the taproom, bur our brewer is a huge fan and got a kick out of it!"
2020-02-06,anthson,2020/05/25,Is shoop his alt? I'm confused
2020-02-06,gracemoccia,2020/05/25,Has anybody tried emailing him?
2020-02-06,arachnophilia,2020/05/25,how many bills are on mcconnell's desk?
2020-02-06,cpfk,2020/05/25,"As long as it's in your eating window, yes.  However, many of us have found that it increases cravings. If your goal is to lose weight, I'd advise keeping sugar to a minimum."
2020-02-06,Parker_Talks,2020/05/25,I have... no idea how to even respond to that. It’s a very very weird take on the subject.
2020-02-06,TheMowerOfMowers,2020/05/25,"Ok we got, a fleshlight, a toy grenade, an analog watch, a Wii remote sensor bar, and a couple of AA batteries"
2020-02-06,LouistheSmall,2020/05/25,I bet my right nut her real bf beat the shit out of this dude for looking at her in the mall and threw his ass out the front door.
2020-02-06,threegeees,2020/05/25,Haha damn that’s a rookie mistake. I’ve been there tho
2020-02-06,Rezorah,2020/05/25,"those also have text. the type doesn’t give them the ability just creating one is shorthand for one with that ability. [[golden egg]] has its ability in the rules text. the tokens oko makes have rules text, even if he doesn’t have it."
2020-02-06,Astronautduck5,2020/05/25,Pet vet across from Walmart is great! I used to shadow with them but I changed majors. They’re great people
2020-02-06,beysustakethewheel,2020/05/25,"A friend of mine, who is fat, once told me that she became fat on purpose: she was gang raped when she was 10, and she felt that if she could *not* be sexually desirable, she could protect herself. It took her well into adulthood to start addressing that thinking, and she still saw fat as her only protection, though it caused her tremendous bullying. People would even take food out of her grocery cart and tell her she didn’t need it. 

When it comes to fat, we are so incredibly dehumanizing and lacking in compassion. So I get what you are saying here and I am with you. Thank you for your compassion for others."
2020-02-06,Tomhur,2020/05/25,"Well, I know the Poe one is about how the comics established he was a new Republic pilot most of his life before joining the Resistance but then Rise came in and tried to stay he was a spice smuggler before becoming a Resistance Pilot despite the fact prior canon made it clear that wasn't the case."
2020-02-06,LumineTheWolfy,2020/05/25,Would you ever be willing to sell this and if so how much?
2020-02-06,xprincessteresa,2020/05/25,"Hi, OP. I also live in Toronto. Back when I was still in my undergrad, I would use the gyno services at Planned Parenthood. I highly recommend them. They will give you the option of what method of contact you want (phone call to your cell only for example) and will also respect your wishes to stay anonymous if you choose to do so. You can call when they open in the morning to make a same day appointment. Alternatively, they have a first come first service walk in clinic (for sexual health only) on Saturdays. I’ve gotten STI testing,  Pap smears, and super affordable birth control ($7 a pack). No insurance needed, just be sure to have your OHIP with you. You can also book follow up appointments in advance. The staff there (both the doctors and the front desk) are incredibly friendly, informative and supportive. Absolutely no way of your mom knowing you go there unless you tell her yourself."
2020-02-06,ElDiplomat,2020/05/25,Truest post ive seen all day.
2020-02-06,imbreezytoo,2020/05/25,Real Numbers are massive.  https://w w w taiwannews.com.tw/en/news/3871594
2020-02-06,Sauteed_Salad,2020/05/25,"As much as I want him too, I know it wont happen because he is already a spirit in the game which basically deconfirms him"
2020-02-06,ccox8949,2020/05/25,Omg sit on my face please. 😛😛😛
2020-02-06,lilyvess,2020/05/25,that was clearly a lie!
2020-02-06,idiotcyka,2020/05/25,woey doing woey things
2020-02-06,overmanthr,2020/05/25,"I'm assuming you having a good connection. Can you show me your stats related to that?  
You can do that with the Test Network settings."
2020-02-06,NameTaken005,2020/05/25,I have a hard uncircumcised cock just for you
2020-02-06,creepy_robot,2020/05/25,I’m a huge Chiefs fan and have been watching the highlights from our last THREE games from the moment they were over
2020-02-06,0nlyL0s3rsC3ns0r,2020/05/25,Look at all the advancements and the state of European civilization and compare/contrast that to the non-oil rich Islamic countries.
2020-02-06,Matuhg,2020/05/25,For sure - I wonder whether their relationship has always been like that or if Kumiko has only been this way around Reina since she accidentally put her foot in her mouth back at the end of middle school.
2020-02-06,th3allyK4t,2020/05/25,There were not entire rooms. Do some more research.
2020-02-06,thedarknight3579,2020/05/25,I didn't know I needed a long-haired version of best girl until now
2020-02-06,tsunderebean,2020/05/25,I play a lot especially now since I got PC 🥰 So you would see me often like that haha~
2020-02-06,motown_missile,2020/05/25," I watched Lonely Are The Brave (1962) last week, and as I watched it I thought, ""Amazing that Kirk Douglas is still alive...he must be over 100 years old by now"", and up until today, he was.

R.I.P. Mr. Douglas."
2020-02-06,dollarsignwag,2020/05/25,Technically he’s murdering gohan albeit he’s not real
2020-02-06,jake_c22,2020/05/25,You talk mad shit for someone in crusading distance
2020-02-06,bgharambee,2020/05/25,That's exactly what my son found on his bed this morning but it was moving.
2020-02-06,21sewage,2020/05/25,It's worth mentioning: Woj and Bobby Marks did a pod a couple days and Woj didn't think Beasley and Juancho would get traded
2020-02-06,famren,2020/05/25,I slather my body from head to toe in flex seal. No problems with athletes foot here. 👍
2020-02-06,DuckieRampage,2020/05/25,"This is actually a good point. Even if you don't have sand. Throwing stuff at someone, especially hard stuff is a easy way to get a head start on running away."
2020-02-06,__GG,2020/05/25,"If you start at the beginning of the course, very little. I build up concepts from a very basic level. Basic math and computer usage. If anything is confusing feel free to message me or comment."
2020-02-06,niofalpha,2020/05/25,"I missed the stuff about uprisings and collaborative governments.

Can someone link me?"
2020-02-06,OrionSM,2020/05/25,I’m so proud of them
2020-02-06,sinful_loner_,2020/05/25,"Just leave him

Bp isomeone is worse than murdering them"
2020-02-06,Pustulio00,2020/05/25,All I got from that is that you can't handle introspection or analytical thought
2020-02-06,Extreme_Acanthisitta,2020/05/25,"to get a lot of karma :

you reply this

I reply after

you reply again

and so on...

we upvote every reply"
2020-02-06,Bamdian,2020/05/25,"Something about the fingers is unsettling. I just can't figure it out.

Good work..."
2020-02-06,Subject-Tension,2020/05/25,How about Byp?
2020-02-06,paragon24,2020/05/25,Gotta switch characters I’ll be right back
2020-02-06,collin2477,2020/05/25,i’d recommend the vacca if you’re not looking to spend a ton
2020-02-06,BurningOrangeHeaven,2020/05/25,With the way it pumped this morning I'm expecting 185 to hit easy by next Friday assuming no china virus news again. I'm just a yoloer trying to change my ways tho.
2020-02-06,bvanevery,2020/05/25,Maybe one could use the internet Wayback machine to look at contest entries from say 2000 to 2005 to figure it out.  Maybe they made that info public.  But I'm lacking motivation.
2020-02-06,darkskiiiin,2020/05/25,Cool.
2020-02-06,Skasch,2020/05/25,"It only a half-solution, but it is possible to display the terminal panel on the right side of the screen:

`Workbench &gt; Panel &gt; Default Location: right`

Otherwise, you can set and use a keybind for `View: Toggle Panel` to quickly hide the terminal when you don't use it."
