subreddit,author,date,post
2020-02-29,malfunkshunned,2020/05/25,"Plutarch's Lives states: ""The first messenger, that gave notice of Lucullus' coming was so far from pleasing Tigranes that, he had his head cut off for his pains; and no man dared to bring further information. Without any intelligence at all, Tigranes sat while war was already blazing around him, giving ear only to those who flattered him"".

Trump would shoot the messenger."
2020-02-29,Advo96,2020/05/25,"&gt;  You are much more likely to die or get seriously injured in the many activities of daily life compared to dying from coronavirus.

No, you’re not.

&gt; Did your data also tell you that once we start getting warmer weather in the northern hemisphere that the virus will have a much shorter lifespan and much less likely to spread?

I have remarked upon the possibility myself:
https://www.reddit.com/r/Philippines/comments/eu64vr/heat_and_humidity_are_bad_for_coronavirus/

The problem is that this will only help to a degree. In the 1918 flu pandemic, the virus came back with a vengeance in winter and killed even more people than it had earlier that year. Also, Covid-19 appears to be WAY more infectious than the flu, and it might infect a large part of the US population by May, before it gets really warm in most of the US.
Given the speed at which it spreads - doubling every 2.5 days seems a plausible estimate - things will get very bad, very fast. There will probably be several millions of Americans needing hospital care by April, or May at the latest. Where will you put them? Who will treat them?"
2020-02-29,kierannatlia,2020/05/25,NTA you are completely in the right. She's being neglectful. Parenting is so much more than keeping a kid alive. Just about any idiot can manage to not kill someone. She's going to really mess your kids up by being so negligent.
2020-02-29,AyeAye_Kane,2020/05/25,"Are you actually taking the piss? She's an old woman and got full on body slammed into concrete, she's lucky as fuck if she didn't sustain any life threatening injuries. That could even kill a healthy young man"
2020-02-29,teppanyucky,2020/05/25,I tell whichever cat is closest to the door that they’re in charge when I go out. They often fight the other cat with less assigned responsibility.
2020-02-29,Salomon3068,2020/05/25,"Find the guys who run great routes, ive always had success looking for receivers like that because they understand that a good route can make up for a lack of speed, and coaches have often said route running is usually the thing rookies need to refine most, so guys who already understand how good route running can make up for less speed are typically more likely to be successful early on.

My favorite example of this is Hakeem Nicks. Dude had good size, decent speed and good hands, but what really separated him was he was an excellent route runner coming out of college. Injuries are all that kept him him from being a stud for years."
2020-02-29,Bullet1289,2020/05/25,"it was the same back then too! Freakin' ""members"" thinking they are so much better then us because they had access to credit cards."
2020-02-29,TheMysteryBooty,2020/05/25,Aw thank you
2020-02-29,Emersed23,2020/05/25,* nervous sweating * N-No. Wha- Why would you say that.
2020-02-29,betty_boomboom,2020/05/25,"ugggg.. neckbeards

but also those mgtow boys.. yuck"
2020-02-29,-bye_felicia,2020/05/25,THANKS! I've been working hard on these shoulders...yay for Pilates!! 🧘🏼‍♀️
2020-02-29,transcribot,2020/05/25,"It looks like there's text in this image. I've tried to transcribe it automatically, but I'm still learning -- this may be inaccurate. At the very least, hopefully it will serve as a decent starting point for your work!

Please note that any formatting instructions above override whatever I provide, so please format my content accordingly if you choose to use it. 

Process time: 0.39s

---

v0.6.0 | This message was posted by a bot. | [FAQ](https://www.reddit.com/r/TranscribersOfReddit/wiki/index) | [Source](https://github.com/GrafeasGroup/tor) | Questions? [Message the mods!](https://www.reddit.com/message/compose?to=%2Fr%2FTranscribersOfReddit&amp;subject=Bot%20Question&amp;message=)"
2020-02-29,Mister-MAGA,2020/05/25,It’s just a joke my ceramics professor used to make. A deep plate and a shallow bowl are the same thing. But I suppose saucer works well too.
2020-02-29,habinstance,2020/05/25,"In start up, Guy on another site was pissed because he thought the name derived from Rockettes Vegas showgirl dancers."
2020-02-29,SilverDollar465,2020/05/25,Making fun of disabled people is hysterical
2020-02-29,JustARandomCat1,2020/05/25,"No problem. I didn't plan to vent. Only did because your post also gave me deja vu vibes. While my experiences weren't as extreme (nobody ever pulled a weapon on me. I'm horrified that this happened to you), your mother's dismissive attitude, if not total indifference, is exactly the same as what I was put through with mine. I'm happy for the both of us for making it this far, even gladder that your teachers helped you (well, my case wasn't life-threatening, while you could've been murdered. They SHOULD be helpful). Sad fact is that some other kids going through what we were forced into take their own lives.

Don't worry about sounding patronizing. You weren't, since you went through this yourself (it only sounds condescending from people who didn't go through the same thing, even though they were well-meaning). 

Well, thanks for the compliment, but I don't consider myself ""brave."" This happened a long time ago (I'm old), so I'm not as sensitive as I was then. But, yeah, I get what you meant by that. It still stays burned in my memories, which makes me angry on occasion because I never got any closure over why my teachers were keen on putting me away, my 7th grade homeroom teacher in particular, but I try not to dwell on it too much. (And, no, it's not because of ""racism,"" like my mother always blames all our problems on, since the same teachers who openly hated me thought my sister was the best kid ever, and she was one of the popular kids, which made me feel worse because I was older and setting a ""bad example"" for her).

Your mother really has to reevaluate her priorities. I have no idea why she's still friends with XF's mother after all has been said and done to you (oh, right, she didn't bother LISTENING), because, obviously, the woman never taught XF how to behave. I assume that, judging on XF's disgraceful conduct, XF's mother, like virtually all APs, focused her parenting on raising a ""winner"" she can brag about, rather than a person of good morals, and it also sounds like XF is very insecure and targeted you because she felt threatened, and doesn't seem to get enough attention at home and acts out to get it. Well, piece of advice for all of them: 'If your sense of pride depends on your ability to outdo others, then you have nothing to be proud of' (Rabbi Shmuley Boteach). Honestly, if the world bases success on how kindly we treat others, it would be a much better place to live in.

Thank goodness for these forums, though. This is our therapy."
2020-02-29,newwavejj,2020/05/25," Beautiful, any naked pics from that night?"
2020-02-29,umathurman,2020/05/25,If you could prove some anti vaxx got another sick you could potentially have a private lawsuit. I’m pretty sure there is precedent for this with STDs.
2020-02-29,Phirebat82,2020/05/25,"Hence everyone's concern with the artifact power being active in Trials. 

I'm a fair ""Sweat"" in Destiny, Season Rank 240+ currently, and even at 980+ light certain games in Iron Banner were tedious against 1k Power Moon Bounty Scrubs."
2020-02-29,General_Pretzel,2020/05/25,Subnautica is kinda of 'play at your own pace' - you can get through it pretty quickly if you somewhat know what you're doing and don't get too distracted.
2020-02-29,your_odd_erection,2020/05/25,Nevermind I'm 31 and out of touch.
2020-02-29,WilliamisMiB,2020/05/25,Teams aren’t afraid of AD in the post? Gtfo Zach
2020-02-29,Mr_Biscuits_532,2020/05/25,Ah - that explains the confusion.
2020-02-29,edcadams13,2020/05/25,"Sadly, the kilo is not a great option for a run and gun play style, as it has a slow TTK up close and doesn't have the best mobility even with attachments. Most people will say the M4 or MP5 with 10mm ammo would be a better option. Honestly, you're better off building an SMG for range rather than an AR for mobility, if only due to the sprint out times that are standard across most SMGs vs ARs.

For my personal recommendation, the Striker 45 can fill that role really well with the 400 mm barrel attachment. 3 shot kill to about 30 meters, 4 shot up to about 50 meters. Mobility is a lil slower than most base SMGs and the ADS is similar to base M4 levels, but with some ADS attachments, you can be mobile while still outgunning SMGs and most ARs in that 15 to 30 meter range. Plus, your ttk doesn't drop too much after the effective 30 m range. My go to set up is 400 mm barrel, tac laser, ADS grip, ADS stock, and then either sleight of hand or 45 round mag. You will stay competitive at close range (still gonna lose to MP5/7 lol) but really shine at medium ranges where SMGs fall off. With just the barrel, it basically becomes a way faster SCAR, with similar 3 shot range but with like 6 frames faster ADS and better movement speed/sprint out times."
2020-02-29,rowdyanalogue,2020/05/25,"For some reason, being in knots makes them way better than leaving them as sticks."
2020-02-29,Lexingtoon3,2020/05/25,"So we are now at the point of using advanced stats..... for the advanced statiticians? 

*We're in the endgame, now*"
2020-02-29,HelloFriday94,2020/05/25,HelloFriday94 TG
2020-02-29,natethegamingpotato,2020/05/25,"What I'm saying the further right you get you're either going to have stuff like normal capitalism, mercantilism, or anarcho-capitalism. Yet the further left you go you start getting things like State Capitalism, and then we switch over to Socialism and Communism. Any self-respecting capitalist would never want the State to have control of the free market. That's why we call it the *Free* Market"
2020-02-29,BradfordTwo,2020/05/25,Ugly and racist
2020-02-29,BillyScrimshaw,2020/05/25,"""I tweaked my bicep training last week"" - is probably a good enough excuse for me and I don't need to see a doctor's note to excuse it.

Declining to participate creates more doubt in my mind than even the worst performance ever could."
2020-02-29,ThereminLiesTheRub,2020/05/25,"Thanks for pointing this out. As I said in another comment, Judaism is apparently the only religion with distinct genetic markers. Sure, you can technically convert to the religion of Judaism, but DNA is also an actual thing in the world."
2020-02-29,Junebug1515,2020/05/25,Change that Salbutamol/Albuterol inhaler to a  Xopenex HFA inhaler or breathing treatment for me though !
2020-02-29,MasochisticMeese,2020/05/25,You'd think a population that understands what it's like to be persecuted would be more accepting
2020-02-29,AutoModerator,2020/05/25,"#Fuck Mike Dunleavy, [that fuck](https://youtu.be/GWajqr55HFg).

*I am a bot, and this action was performed automatically. Please [contact the moderators of this subreddit](/message/compose/?to=/r/MkeBucks) if you have any questions or concerns.*"
2020-02-29,dr_gonzo,2020/05/25,"In chrome: 

This.  Is.  Double.  Spaced.  

This. Is. Single. Spaced."
2020-02-29,-Apollo_,2020/05/25,Yeah. If Bloomberg wins I'm not voting blue. Blue no matter who my ass
2020-02-29,deathtotheewhoenter,2020/05/25,Thank you
2020-02-29,jeshoch,2020/05/25,I have 4 half siblings. Two sisters and two brothers. I am the oldest. Currently on a getaway with my sisters to get to know them better. Met them about 7 months ago.
2020-02-29,huorisk,2020/05/25,"yeah i did all of that, the computer ran for 5minutes and froze again. Now the computer turns on but it doesnt work and i dont get any signal on screen"
2020-02-29,TheSaint7,2020/05/25,You realize we have free soup kitchens in every state? If it’s not a “right” that means the government can’t tax everyone to pay for subpar food. It’s ok to rely on charity instead of forcing the government to continue to over step it’s bounds
2020-02-29,BoomBoomMeow1986,2020/05/25,Ran the Gambit
2020-02-29,haltingblueeyes,2020/05/25,"Thanks so much! The waistband is throwing me off, also the information print doesn’t say knockout and I’ve seen it say that before [tag info](https://imgur.com/gallery/RVOzHsi)"
2020-02-29,michaelscott33,2020/05/25,Incredible flex here oi m8 do you do the air clutch thing for the u turn???
2020-02-29,simply-supported,2020/05/25,"yeah i knew about both of those! and i have no problem with those, and have defended them before to friends. this one though seems... a bit too identical to the “original.” idk, just leaves a bit of a sour taste in my mouth as someone who takes songwriting and credit for one’s work as a serious and important thing"
2020-02-29,ianc27,2020/05/25,"My moth friends,  L  A  M  P"
2020-02-29,BZ411,2020/05/25,"He had to have been, and that makes me happy, because Bill Squire is a fat, creepy, unfunny leech."
2020-02-29,Mister-Pineapple,2020/05/25,"This looks great — I’ve looked at some other recipes and they all say to cream the butter
+ sugar(s), does this recipe not do that?"
2020-02-29,Competitive_Danish,2020/05/25,"No limits on who you can talk to and when, but if you bounce before the MEB concludes, it's moot."
2020-02-29,headcheesesandwich,2020/05/25,As the what??????
2020-02-29,SamRangerFirst,2020/05/25,"This is not the general election so I voted for the person I wanted. I picked Yang. 

In general though, I will have to pick the lesser of two shit shows."
2020-02-29,Mathalamus,2020/05/25,"this isnt juvenile...? im trying to have a reasonable adult conversation, and you dismiss it as childish.."
2020-02-29,Long_arm_of_the_law,2020/05/25,A communist revolution in a post-industrial society is pretty much impossible. How are you going to become a socialist if a significant portion of the country’s gdp goes to social security due to an ageing population?
2020-02-29,PuffedUpPufferFish,2020/05/25,"I’m the same age as Onision and I remember that shirt, when I was high school age that thing was sold at hot topic, and several other early 00s young person type stores. I remember wondering who would actually wear something like that when everyone sees it every time they go shopping."
2020-02-29,FriedSyrup,2020/05/25,"It's fucked up, but if you ask for the sauce, it's my duty to give it to you.


177013

get some tissues. You will cry."
2020-02-29,schywalker2113,2020/05/25,Trial-based Bro Dude Energy spokespeople. Ferda!
2020-02-29,SuchDescription,2020/05/25,Same here. They're drooping HARD.
2020-02-29,itsotter,2020/05/25,"&gt; I'm just curious if there is any advantages to reading the manga over watching the anime

50 new chapters"
2020-02-29,gorbachevshammer,2020/05/25,"&gt;OP has no clue what he wants

Op has said exactly what he wants. How arrogant do you have to be to think you know what he wants better than he does himself? 

&gt;And the overwhelming advice is that there’s a better way to spend his money and a better way to apportion those funds.

Yet you can't come up with a single objective reason why. If op wants high quality sound in the rear, which he has said he wants, he needs speakers in the rear, and he needs more than stock speakers on head unit power. That's fact 

&gt;It sounds very good

To you

&gt;And yes, rear passengers think so too.

The rear passengers think the factory speakers sound good then

&gt;And it sounds much better than it would if I had used all four channels to power two sets of components front and rear.

Where's your objective proof in this statement? It probably sounds better in the driver's seat, but op says he needs good sound in the rear, and his build will sound much better in the rear seat than yours"
2020-02-29,langdeau,2020/05/25,"At my last serving job we were required to ""tip out"" 10% of sales to the owner to pay for the BOF employees although we have no busser, bartenders, food runners, and they only pay dish minimum wage. The owner also has the servers not claim any of their cash tips, the crazy thing is the servers there before me didnt think twice about it and was like ""so what"""
2020-02-29,pasak1987,2020/05/25,Send them the hundreds of pages of policy pdfs With academic citations.
2020-02-29,NoHopeForHumanity6,2020/05/25,The engraving on it made me cry
2020-02-29,ohmygoddude82,2020/05/25,There’s so many! It’s hard to just choose one!
2020-02-29,LiVen_,2020/05/25,I thought it was still impressive that their brand(?) value were worth quite much lol
2020-02-29,tarbash316,2020/05/25,"I am not the guy, but this is the most amazing response I've ever received and I will cherish it always. 🤣"
2020-02-29,OutForSupper,2020/05/25,I'm going through KC next week! I'll be sure to stop by your grounds ;D
2020-02-29,Jimmy-Retard,2020/05/25,Not really
2020-02-29,ErikLabroo,2020/05/25,"American, 21. PM me"
2020-02-29,FetusDeletus1223,2020/05/25,I’m fucking dying right now and my parents were talking shit this morning about how I already missed yesterday and I was just faking it to get out of today
2020-02-29,Masterchemist77,2020/05/25,"Yes, its Masterchemist77 and my profile pic should be the Ugandan knuckles with yugis hair"
2020-02-29,mokadillion,2020/05/25,My in-laws came round. They bought their best friends. We all get on. We ate drank and chatted. Good times.
2020-02-29,snawsages,2020/05/25,"As a meteorologist, what does your job entail on a day to day basis? I'm going to study meteorology in college which is very soon here. I've always loved the weather and its craziness. What does it take to determine crazy weather?"
2020-02-29,pepethemisunderstood,2020/05/25,Its evil and inexcusable. Corporate greed doest have a political stance my friend.
2020-02-29,jgmonXIII,2020/05/25,something was probably wrong with your unit then. My iphone x has gotten wet and submerged in water countless times in the past 3 years and works like its brand new. This last year a part the back is exposed to due a broken back and it still gets wet and it’s just fine.
2020-02-29,Final_Prinny,2020/05/25,"I admit I wondered, that would make sense due to the enormous pressures at the planets' hearts.
But designing a craft that could land on such a surface (under such enormous pressure/gravity) intact would still be very impressive."
2020-02-29,superSecretUsernam3,2020/05/25,"Not sure if you're a guy or a girl, but as a girl I would be seriously freaked out if someone followed me in their car! Could be because people don't normally creep on walkers to find a parking space here, or at least I've never heard of it before.."
2020-02-29,314z,2020/05/25,Fun Fact: Francouz has played 29 NHL games - Forsberg has played 45 NHL games
2020-02-29,coderredontcare,2020/05/25,"“.... that’s barely $1000/family” - Reddit
“....why don’t churches contribute to charities” - also Reddit"
2020-02-29,ThatGuyThatSaysWords,2020/05/25,"Pneuma, it’s meant to be played live"
2020-02-29,Raligt,2020/05/25,"Mine workings and shafts can be isolated in areas. Please look around neighbouring properties for cracks.

I have also found it is really beneficial to ask residents for local knowledge as they may have important information which would not generally show up or be covered on maps or destop surveys. Highly recommend you ask around. Good luck

If you need any further advice please drop me a message."
2020-02-29,rosepettijohn,2020/05/25,Have you tried Etsy or fabric.com?
2020-02-29,SuperFLEB,2020/05/25,I dunno. It's got someone who's begging for something but being choosy when it's offered to them. It wouldn't fit with the theme of the sub.
