subreddit,author,date,post
2020-05-02,barnos88,2020/05/25,"Another great trade tribe, thanks for getting some bullpen help. The only positive out of this time, is not having to watch the Indians blow game after game from our garbage pen."
2020-05-02,Nadiiacg,2020/05/25,Does anyone has a island with a native fruit other than apple and peach?
2020-05-02,Imsakidd,2020/05/25,"I’ve done a few 24 hour fasts, but nothing consistent.

My current eating routine is: lunch around noon, then a super late dinner (really just a crapload of veggies to fill myself up) at like midnight. Note my sleep schedule is kinda messed up...

It’s been good practice for me to just be OK with being hungry. Chewing gum and drinking lots of fluids helps too- the water enhancers have been good for me too, when drinking just water gets old."
2020-05-02,Speed1219,2020/05/25,I guess i could have but I was making an extra 300k a day from selling the enchanted red stone blocks so just different priorities 🤷‍♂️
2020-05-02,LordSolar_Macharius,2020/05/25,The only thing to dislike about this is that the video isn’t longer. Very cool!
2020-05-02,Late-Region,2020/05/25,Tbh I'm ready for a judging panel shake-up. unless its Paula Simon and Randy I seem to tire out of the same judges after about three seasons
2020-05-02,Hueybluebelt,2020/05/25,Dude. That was from my birthday shoutout. I’ve created a monster.
2020-05-02,Insolent_Idiot,2020/05/25,Strangely enough I ended up in the trades and a formal education did not matter as much.
2020-05-02,readwiteandblu,2020/05/25,"I am sure I touch my face more than I realize. It's not something I normally think about. But when I go to the store, I put on a fresh pair of gloves, and when I leave the store, I throw them away. Ideal? No. But it reduces the spread."
2020-05-02,custardbun01,2020/05/25,"It’s clear that he and a lot of other business “leaders” have no moral compass and are only motivated by money here. He’s done a lot of damage to his reputation, ironically when it came off the back of doing something worthwhile. The fact Forrest is so happy to parrot CCP propaganda shows his true motivations are preservation of his own business interests. He and other business leaders are only motivated by profit and have no care for any of the damage the CCP has wrought on the world. Mass organ harvesting, biggest internment of an ethnic/religious group since the holocaust, empire building in the South China Sea, and a litany of other Chinese crimes are all minor details in these people’s eyes. They only see money and how they can pool more of it. Forrest should be sidelined from the debate, and the damage to his reputation is now permanent."
2020-05-02,gabriel_tiny_toes,2020/05/25,"blatant repost. u/IIIfrancoIII, you are a true piece of shit. delete your account immediately."
2020-05-02,MegamanEeXx,2020/05/25,"I love it anytime I'm feeling the urge for a vinegary hot sauce. I realize it's not hot, but sometimes I want less hot and more  vinegary. It's great"
2020-05-02,LuneJean,2020/05/25,Turning 25 this year and same😒
2020-05-02,perceptionsmk,2020/05/25,"Your including suicides. its 4.46 per 100,000 for homicide

Also race plays a role [https://www.cdc.gov/mmwr/volumes/66/wr/mm6631a9.htm](https://www.cdc.gov/mmwr/volumes/66/wr/mm6631a9.htm)"
2020-05-02,Hirkus,2020/05/25,My point being that your perception of what makes a man hot is not everyone else's. But sure you can make assumptions and try to make me appear self conscious over a bit of sarcasm. Take a step back and learn not to be so pretentious.
2020-05-02,Ferrum-56,2020/05/25,I put my PWM d5 on the cpu header so can adjust it in bios. Never used a vario but this seems perfect to me.
2020-05-02,B___E,2020/05/25,"NTA and you should keep both children away at the moment.

But I also think you need to get to the bottom of why your mother doesn't want your son over.   Is it just overall favoritism,   does she perhaps like one of the fathers more then the other and stupidly has progressed that to the child.  Or is the boy harder to handle.  Is he noisier,   is he too loud,  does he get into things to much.    Does he have more tantrums,  not listen.     Is he perhaps too much work for an older person.  

If it is the last as she said perhaps you can compromise and don't leave them with her but visit with both and you making sure he isn't too much work.   Perhaps she can't cope with him on her own."
2020-05-02,silentbob_,2020/05/25,His neighbors can't be happy about this
2020-05-02,biffbobfred,2020/05/25,Does anyone else remember Back To School?  Does anyone else read this as Rodney Dangerfield?  Just me ok.
2020-05-02,XxCoolRobloxGamerxX,2020/05/25,"I always think two steps ahead, like a carpenter who makes stairs. - Michael Scott"
2020-05-02,beerideas,2020/05/25,Underrated comment
2020-05-02,duke_of_alinor,2020/05/25,If you put gas or diesel in it it's an ICE. At least that is the distinction we should be making here.
2020-05-02,CreightonJays,2020/05/25,Inning cards last year were always way more expensive than what you could lock in otherwise to get Honus....
2020-05-02,49PercentMajority,2020/05/25,"He smiled when the neighbor said he parks in front of fire hydrants. 

His life is defined by drinking and partying, and being a minor celebrity. 

So, no."
2020-05-02,JohnnyRockets911,2020/05/25,"I heard in a recent podcast with Lex Fridman and Jack Dorsey: ""When you become rich, you don't stop worrying. You just start worrying about things that aren't money."""
2020-05-02,Iustinianus_I,2020/05/25,"It's strange to me that big band got that reputation, because it's not at all true. Big band was the party music of the 30s and 40s and not *at all* chaste and wholesome. Let's grab some lyrics for the best known big band song, ""In the Mood"":

&gt;In the mood for all his kissin'
&gt;In the mood his crazy lovin'
&gt;In the mood what I was missin'
&gt;It didn't take me long to say ""I'm in the mood now""

It's not explicit, but there's no mistaking what they are *in the mood* for. 

And the dancing . . . Swing dance was (and honestly still is) hot and sassy. Again, it's not as explicit as what we're used to today but wholesome is not the word I would use to describe it."
2020-05-02,gump1117,2020/05/25,"Leave it to congress to think now is the time to start investigations while the virus is still a thing and try to make the pandemic about themselves while people still have yet to receive the generous 1,200 while we made sure we funded museums ASAP"
2020-05-02,yungheezy,2020/05/25,"Yes, this story is absolute bollocks. 

I’m not a lawyer, but I know a lot about classic cars. 

There are not many cars that would lose *all* of their value because they had been driven a few miles. 

If the ‘husband’ had been doing ‘loops around the city’ on weekends, that can’t be more than what, 200 miles per weekend for 3 months? 2,400 miles total. Even if we double the mileage and time period we’re looking at 10K miles. 

There are not many very valuable cars that would lose a significant portion of their value. 

Classic cars are expensive for the following reasons:

-	famous ex race cars (le mans cars)
-	limited production run/one of a kind (Bugatti type 55)
-	outstanding examples in their class (concourse winners)
-	historically significant for non-racing reasons (pre WWI)
-	they are a particularly beautiful car (Ferrari 250 GT California)

A car that has all of its value in limited mileage will be a car that isn’t worth that much to begin with. For example, an original BMW 2002 wont be worth millions, but an example of one with delivery miles would be worth 2x or 3x what an otherwise perfect example would be perhaps. 

There are much quicker ways to devalue a classic car, if you were to try and fuck someone over. 

Change the engine block to one that doesn’t match the chassis. Is the metalwork hand made and all original? Cut some speed holes in it. Large enough to be impossible to repair. Sand off the VIN number and serial numbers from the chassis. Turn it into a cut and shut. 

It’s new cars that lose their value the fastest with mileage."
2020-05-02,jamesonpup11,2020/05/25,Something!
2020-05-02,SignorSarcasm,2020/05/25,"Okay she extended the state of emergency and disaster yesterday. The stay-at-home order restrictions were updated sometime last week(?) and were somewhat loosened beginning today. The stay-at-home order is still in effect until May 15th, which is DIFFERENT from the state of emergency and state of disaster that is in effect until May 28th."
2020-05-02,ArkGunner,2020/05/25,Definitely one of the best and a great way to end listening to the whole album
2020-05-02,kasey15,2020/05/25,Always love Doc.
2020-05-02,famouscomposer,2020/05/25,"Reddit is under heavy load and not letting me send a PM.  If there's any way I can help, I'd be happy to do it."
2020-05-02,SundererKing,2020/05/25,"Well the impeachment didnt work, and hes still in office, and he HAS fired many people who opposed him since taking office. So, yeah he doesnt have as much power as winnie the pooh (the other pudgy orange creature in power) but your comment's phrasing is kinda weird."
2020-05-02,ReservoirDog316,2020/05/25,u/DCSbot Perfect sale with u/dudzi182
2020-05-02,godandsatanuwu,2020/05/25,I think it looks great
2020-05-02,RoseDeWittFuckater,2020/05/25,"This, this so much. I literally never complain about pain and have a very high threshold for it - this is a recurring joke between me and my husband. He (200lbs and 6'2 tattooed dude) is much more dramatic than me. Guess which one of us gets taken seriously at the ER and which one of us gets talked to like a child. They would only treat me when HE told them that if I say I'm in pain, it means I'M IN PAIN."
2020-05-02,SweetSweetGaben,2020/05/25,Test reply
2020-05-02,Fidel_Chadstro,2020/05/25,Ventilator King: A 963 part Netflix Documentary
2020-05-02,nutmegger23,2020/05/25,"Simsbury is a wonderful town and if you have children, the school system is amazing. Stratton Brook State Park is a great place to walk the trails, Simsbury Farms and Memorial Pool are awesome during the summer. Lots of simple, fun things to do with a family; Tulmeadow and Flamig Farms come to mind. The list goes on and on, but as with any location, there are positives AND negatives.

With affluence comes the belief that you should be able to say, do, or get what you want. (Demanding the teachers you want, kids out of your child's class, debating grades, your child's playing time on a sports team, etc.

Simsbury is highly competititve; this and the above paragraph led to the high school discontinuing a ranking system for students. Parents have been known to get involved to give their children a leg up at the expense of other children.

There are many wonderful, down to earth people but there are a lot of snobs who look down on anyone not considered equal.

It is 30 from Simsbury to any highway, so if you need to get somewhere quickly you are out of luck.

No where is perfect, not even Simsbury, but it is a pretty nice place to raise a family. Just be aware of both the positives and negatives. If someone says there are no negatives, they're lying. EVERYWHERE has both."
2020-05-02,squidplantz,2020/05/25,"It is really interesting! I can’t say for sure that the “aura” is typical of what people typically illustrate, it’s more like waves and clouds of color that float in, out, and around the person like fog. In my dreams I can look directly at a person and tell you what “color” they are. The fact that it only manifests in my subconscious mind is an enigma to me"
2020-05-02,FoleyAS,2020/05/25,"So many! Almost ever CP coaster, RMC'S, B&amp;M's, etc. But my favorite has to be either Raging Bull (SFGAm), The Intimidator (CW), Iron Gwazi (BGT), or Orion (KI)."
2020-05-02,mozrocks,2020/05/25,Which machine would be best for someone who is vertically challenged at 5’3?
2020-05-02,Sinarum,2020/05/25,"Tibet and Uyghurs possibly. But Hong Kong no lol. What would happen if people in your country catapulted rocks at a police stations, destroyed public buildings, and randomly assaulted police officers? Hong Kong police have been VERY tame on the protestors."
2020-05-02,Jessikared97,2020/05/25,No look at the other comments where I explain it and link to it. Its creating an ISO and doing a fresh install without deleting anything
2020-05-02,coldcoffee007,2020/05/25,It’s because they’re white.  Just imagine the outcome if 6 African Americans walked in with assault rifles.  This would be on the evening news and not just a pic on Reddit.
2020-05-02,DrNoahBoddy,2020/05/25,Mine keeps changing to a taco bell card and there isn't a taco bell anywhere near where I live.
2020-05-02,AoiJitensha,2020/05/25,"I was guilty of conflating CDKeys with G2A and Kinguin because they are often discussed in the same breath. 

You are right that CDKeys isn't a marketplace, but I was correct on my second point regarding purchasing keys in one region and selling them in another at a discount. After a quick Google search:

[Is CDKeys.com reputable?](https://www.reddit.com/r/pcgaming/comments/ah4h1c/is_cdkeyscom_reputable/)
&gt; ""G2A, Kinguin, CDKeys and others are not authorized and rely on third parties (sometimes with illegal methods) to provide keys."" - /r/PCgaming automod

&gt;""IIRC CdKeys buys bulk cheap keys from different regions and sells them to other regions at a markup.""

&gt;""CDKeys is selling you an original copy, so assuming that they bought it in another country (where the game is cheaper), some money did get to the game developer, but not as much, and they use this price difference to undercut official sellers."""
2020-05-02,JustOverPluto,2020/05/25,Season 7 is providing endless meme material. The reinforcements we need.
2020-05-02,unimorpheus,2020/05/25,Something told me to buy two.
2020-05-02,Upbeat_Ruin,2020/05/25,"You must not have been on the internet circa 2011-2014 then. No offense or anything, it's just that bronies shoving their candy colored equines into everything is well documented"
2020-05-02,Alan_R_Rigby,2020/05/25,With none of the elements that make Shakespeare compelling to humans.
2020-05-02,yordib123,2020/05/25,I hope you realise that you didn’t reply but that you made a separate comment?
2020-05-02,helofox,2020/05/25,Yes I wanted to make it that way and I love blue x)
2020-05-02,neanderthalsavant,2020/05/25,Have you heard of a place called 'Florida'?
2020-05-02,nikkolaka,2020/05/25,Printing and painting the majora mask is still one of the most satisfying things I’ve done with my printer so far.
2020-05-02,AllanTheCowboy,2020/05/25,But can he dictate to the priests that they cannot or do not have to distribute on the tongue?
2020-05-02,ithinklikeplato,2020/05/25,I love how everyone is hating on Elon but wont post what he said or did except that he said to open up business.... Has Elon ever just said a blank statement? Not that I can recall. Let's hear his reasoning before you hate a man because you assume something.
2020-05-02,kittenfirekat,2020/05/25,In LoL main game by riot they have this and a thing where if someone leaves before a kill you can just give up on the game. and that would be so helpful I just had 3 games in a row where someone left in the first round that is not fun
2020-05-02,TimeEstimate,2020/05/25,"Nope I am In New Zealand and agree with closing borders and Quarantining everyone. It works, proof is in the pudding."
2020-05-02,imtherealkirk,2020/05/25,I don't doubt it. Parents should be charged with child abuse if their kids act this way.
2020-05-02,Speedupslowdown,2020/05/25,What does this have to do with Russia?
2020-05-02,radionul,2020/05/25,"Here in Sweden I'm asking myself where the government is. No testing for the public, no news of an app, there are no signs in the street recommending the keeping of distance."
2020-05-02,xeoxemachine,2020/05/25,Angle grind the front off to about 2.5 feet. Line the inside with split logs or boards and staple landscape fabric to it to hold the compost in. When you turn it try not to stab the fabric.
2020-05-02,davidcwilliams,2020/05/25,Not true. Do some research.
2020-05-02,slicwilli,2020/05/25,"My recipe for ribs includes brining them, rubbing them, smoking them, grilling them, and finally steaming them. The whole process takes 6-7 hours and it is the last step that makes them fall off the bone. I don't wrap them in foil."
2020-05-02,MrRipley15,2020/05/25,I think the white and the black keys are too far apart
2020-05-02,TerrenceTbooty,2020/05/25,The Ghost Inside - Mercy
2020-05-02,Wheat73,2020/05/25,That shirt is epic!
2020-05-02,xXMadSupraXx,2020/05/25,You should watch LA 92 on Netflix.
2020-05-02,old_gold_mountain,2020/05/25,"If there was an asteroid headed for the Bay Area and the astronomers told us it was coming and we should evacuate, would they be a ""special interest group""?

edit: In my estimation, ""special interest group"" is not an overlapping descriptor with ""widespread public interest group.""

Special interest group means you're working to further the interests of a small (special) group of people.

Epidemiologists, doctors, public health experts, etc...are working in the interests of society as a whole. They want to protect all of us from harm. Using science. Also known as, the best estimation any of us has for what objective truth is."
2020-05-02,weegee19,2020/05/25,"He wasn't faster than 4th Raikage, in fact 4th Raikage was already considered to be the fastest when the 3rd was still alive. He was stronger and more durable though."
2020-05-02,QandAandQandA,2020/05/25,How does this work for passthrough entities / self-employed that receive loan forgiveness on PPP?
2020-05-02,yahhhboobay,2020/05/25,I only get scared when I refresh gradle and the number doesn't change
2020-05-02,ndirish1016,2020/05/25,"I got this a few weekends ago. It's great for mixing and is fine on its own as well. I feel like in typical price/quality fashion, it's not very complex, but hits the notes it goes for quite well. Perfect in a Manhattan."
2020-05-02,friends_benefits,2020/05/25,bro why....
